-- MySQL dump 10.13  Distrib 8.0.44, for Win64 (x86_64)
--
-- Host: localhost    Database: workshop_db
-- ------------------------------------------------------
-- Server version	8.0.44

/*!40101 SET @OLD_CHARACTER_SET_CLIENT=@@CHARACTER_SET_CLIENT */;
/*!40101 SET @OLD_CHARACTER_SET_RESULTS=@@CHARACTER_SET_RESULTS */;
/*!40101 SET @OLD_COLLATION_CONNECTION=@@COLLATION_CONNECTION */;
/*!50503 SET NAMES utf8mb4 */;
/*!40103 SET @OLD_TIME_ZONE=@@TIME_ZONE */;
/*!40103 SET TIME_ZONE='+00:00' */;
/*!40014 SET @OLD_UNIQUE_CHECKS=@@UNIQUE_CHECKS, UNIQUE_CHECKS=0 */;
/*!40014 SET @OLD_FOREIGN_KEY_CHECKS=@@FOREIGN_KEY_CHECKS, FOREIGN_KEY_CHECKS=0 */;
/*!40101 SET @OLD_SQL_MODE=@@SQL_MODE, SQL_MODE='NO_AUTO_VALUE_ON_ZERO' */;
/*!40111 SET @OLD_SQL_NOTES=@@SQL_NOTES, SQL_NOTES=0 */;

--
-- Table structure for table `assist_approvals`
--

DROP TABLE IF EXISTS `assist_approvals`;
/*!40101 SET @saved_cs_client     = @@character_set_client */;
/*!50503 SET character_set_client = utf8mb4 */;
CREATE TABLE `assist_approvals` (
  `id` int NOT NULL AUTO_INCREMENT,
  `task_id` int NOT NULL,
  `phase_key` varchar(50) COLLATE utf8mb4_general_ci NOT NULL,
  `assistant_user_id` int NOT NULL,
  `assist_start` datetime NOT NULL,
  `assist_end` datetime NOT NULL,
  `manager_id` int NOT NULL,
  `requested_by` int NOT NULL,
  `status` enum('pending','approved','rejected') COLLATE utf8mb4_general_ci DEFAULT 'pending',
  `decision_note` text COLLATE utf8mb4_general_ci,
  `decision_at` datetime DEFAULT NULL,
  `created_at` timestamp NOT NULL DEFAULT CURRENT_TIMESTAMP,
  PRIMARY KEY (`id`),
  KEY `task_id` (`task_id`),
  KEY `assistant_user_id` (`assistant_user_id`),
  KEY `manager_id` (`manager_id`),
  KEY `requested_by` (`requested_by`),
  CONSTRAINT `assist_approvals_ibfk_1` FOREIGN KEY (`task_id`) REFERENCES `tasks` (`id`),
  CONSTRAINT `assist_approvals_ibfk_2` FOREIGN KEY (`assistant_user_id`) REFERENCES `users` (`id`),
  CONSTRAINT `assist_approvals_ibfk_3` FOREIGN KEY (`manager_id`) REFERENCES `users` (`id`),
  CONSTRAINT `assist_approvals_ibfk_4` FOREIGN KEY (`requested_by`) REFERENCES `users` (`id`)
) ENGINE=InnoDB AUTO_INCREMENT=10 DEFAULT CHARSET=utf8mb4 COLLATE=utf8mb4_general_ci;
/*!40101 SET character_set_client = @saved_cs_client */;

--
-- Dumping data for table `assist_approvals`
--

LOCK TABLES `assist_approvals` WRITE;
/*!40000 ALTER TABLE `assist_approvals` DISABLE KEYS */;
INSERT INTO `assist_approvals` VALUES (1,124,'pre_assembly',65,'2025-11-04 08:59:00','2025-11-27 08:59:00',86,1,'pending',NULL,NULL,'2025-11-25 00:59:21'),(2,124,'machining',73,'2025-11-22 10:22:00','2025-11-24 10:22:00',86,1,'pending',NULL,NULL,'2025-11-25 02:23:21'),(3,123,'electrical',56,'2025-11-19 11:23:00','2025-11-21 11:23:00',86,1,'pending',NULL,NULL,'2025-11-27 03:24:47'),(4,123,'electrical',68,'2025-11-19 11:23:00','2025-11-21 11:23:00',86,1,'approved',NULL,'2025-12-05 17:06:55','2025-11-27 03:24:47'),(5,123,'electrical',80,'2025-11-06 11:26:00','2025-11-28 11:26:00',86,1,'approved',NULL,'2025-12-05 17:06:54','2025-11-27 03:26:58'),(6,128,'pre_assembly',60,'2025-10-19 15:00:00','2025-10-20 10:00:00',86,1,'approved',NULL,'2025-12-05 11:42:44','2025-12-05 03:41:11'),(7,125,'machining',79,'2025-10-19 15:00:00','2025-10-20 09:00:00',86,86,'approved',NULL,'2025-12-05 17:06:54','2025-12-05 09:05:12'),(8,174,'machining',59,'2025-10-19 15:00:00','2025-10-20 10:00:00',86,86,'approved',NULL,'2025-12-05 17:09:57','2025-12-05 09:09:46'),(9,123,'pre_assembly',64,'2025-10-19 15:00:00','2025-10-20 10:00:00',86,86,'approved',NULL,'2025-12-05 17:20:41','2025-12-05 09:20:32');
/*!40000 ALTER TABLE `assist_approvals` ENABLE KEYS */;
UNLOCK TABLES;

--
-- Table structure for table `attendance_records`
--

DROP TABLE IF EXISTS `attendance_records`;
/*!40101 SET @saved_cs_client     = @@character_set_client */;
/*!50503 SET character_set_client = utf8mb4 */;
CREATE TABLE `attendance_records` (
  `id` int NOT NULL AUTO_INCREMENT,
  `user_id` int NOT NULL,
  `clock_in` datetime NOT NULL,
  `clock_out` datetime DEFAULT NULL,
  `total_minutes` int DEFAULT NULL,
  `created_at` timestamp NOT NULL DEFAULT CURRENT_TIMESTAMP,
  `standard_hours` int DEFAULT '480' COMMENT '标准工作时长（分钟）',
  `overtime_minutes` int DEFAULT '0' COMMENT '加班时长（分钟）',
  `leave_minutes` int DEFAULT '0' COMMENT '请假时长（分钟）',
  `adjustment_note` text COLLATE utf8mb4_general_ci COMMENT '调整备注',
  `adjusted_by` int DEFAULT NULL COMMENT '调整人ID',
  `adjusted_at` timestamp NULL DEFAULT NULL COMMENT '调整时间',
  PRIMARY KEY (`id`),
  KEY `idx_user_date` (`user_id`,`clock_in`)
) ENGINE=InnoDB AUTO_INCREMENT=7 DEFAULT CHARSET=utf8mb4 COLLATE=utf8mb4_general_ci;
/*!40101 SET character_set_client = @saved_cs_client */;

--
-- Dumping data for table `attendance_records`
--

LOCK TABLES `attendance_records` WRITE;
/*!40000 ALTER TABLE `attendance_records` DISABLE KEYS */;
INSERT INTO `attendance_records` VALUES (1,3,'2025-10-16 16:58:24','2025-10-16 16:58:33',0,'2025-10-16 08:58:24',480,0,0,NULL,NULL,NULL),(2,3,'2025-10-16 16:58:39','2025-10-16 16:58:42',0,'2025-10-16 08:58:39',480,0,0,NULL,NULL,NULL),(3,3,'2025-10-16 16:58:44','2025-10-16 16:58:45',0,'2025-10-16 08:58:44',480,0,0,NULL,NULL,NULL),(4,1,'2025-10-16 17:10:33','2025-10-16 17:10:41',0,'2025-10-16 09:10:33',480,0,0,NULL,NULL,NULL),(5,1,'2025-10-16 17:12:04','2025-10-16 17:12:08',0,'2025-10-16 09:12:04',480,0,0,NULL,NULL,NULL),(6,2,'2025-10-16 17:12:19',NULL,NULL,'2025-10-16 09:12:19',480,0,0,NULL,NULL,NULL);
/*!40000 ALTER TABLE `attendance_records` ENABLE KEYS */;
UNLOCK TABLES;

--
-- Table structure for table `daily_attendance`
--

DROP TABLE IF EXISTS `daily_attendance`;
/*!40101 SET @saved_cs_client     = @@character_set_client */;
/*!50503 SET character_set_client = utf8mb4 */;
CREATE TABLE `daily_attendance` (
  `id` int NOT NULL AUTO_INCREMENT,
  `user_id` int NOT NULL,
  `date` date NOT NULL,
  `standard_attendance_hours` decimal(5,2) NOT NULL DEFAULT '8.00',
  `overtime_hours` decimal(5,2) NOT NULL DEFAULT '0.00',
  `leave_hours` decimal(5,2) NOT NULL DEFAULT '0.00',
  `actual_hours` decimal(5,2) GENERATED ALWAYS AS (((`standard_attendance_hours` + `overtime_hours`) - `leave_hours`)) STORED,
  `note` text COLLATE utf8mb4_general_ci,
  `adjusted_by` int DEFAULT NULL,
  `adjusted_at` timestamp NULL DEFAULT NULL,
  `created_at` timestamp NOT NULL DEFAULT CURRENT_TIMESTAMP,
  `updated_at` timestamp NOT NULL DEFAULT CURRENT_TIMESTAMP ON UPDATE CURRENT_TIMESTAMP,
  `overtime_start_time` varchar(5) COLLATE utf8mb4_general_ci DEFAULT NULL,
  `overtime_end_time` varchar(5) COLLATE utf8mb4_general_ci DEFAULT NULL,
  `leave_start_time` varchar(5) COLLATE utf8mb4_general_ci DEFAULT NULL,
  `leave_end_time` varchar(5) COLLATE utf8mb4_general_ci DEFAULT NULL,
  `is_confirmed` tinyint(1) NOT NULL DEFAULT '0',
  `confirmed_by` int DEFAULT NULL,
  `confirmed_at` timestamp NULL DEFAULT NULL,
  PRIMARY KEY (`id`),
  UNIQUE KEY `uniq_user_date` (`user_id`,`date`)
) ENGINE=InnoDB AUTO_INCREMENT=486 DEFAULT CHARSET=utf8mb4 COLLATE=utf8mb4_general_ci;
/*!40101 SET character_set_client = @saved_cs_client */;

--
-- Dumping data for table `daily_attendance`
--

LOCK TABLES `daily_attendance` WRITE;
/*!40000 ALTER TABLE `daily_attendance` DISABLE KEYS */;
INSERT INTO `daily_attendance` (`id`, `user_id`, `date`, `standard_attendance_hours`, `overtime_hours`, `leave_hours`, `note`, `adjusted_by`, `adjusted_at`, `created_at`, `updated_at`, `overtime_start_time`, `overtime_end_time`, `leave_start_time`, `leave_end_time`, `is_confirmed`, `confirmed_by`, `confirmed_at`) VALUES (1,3,'2025-10-20',7.58,0.00,0.00,NULL,1,'2025-10-24 08:00:07','2025-10-21 01:23:27','2025-10-24 08:00:15','18:00','18:00',NULL,NULL,1,1,'2025-10-24 08:00:15'),(33,3,'2025-10-18',7.58,2.33,0.00,NULL,1,'2025-10-23 09:14:36','2025-10-21 02:10:35','2025-10-23 09:14:36','18:00','20:20',NULL,NULL,1,1,'2025-10-23 09:11:35'),(34,4,'2025-10-17',7.58,0.00,0.00,NULL,1,'2025-10-24 02:55:34','2025-10-21 02:12:40','2025-10-24 02:56:03','18:00','18:00',NULL,NULL,1,1,'2025-10-24 02:56:03'),(35,3,'2025-10-21',7.58,0.00,0.00,'批量考勤管理',1,'2025-10-22 08:46:18','2025-10-21 02:13:43','2025-10-23 07:31:15',NULL,NULL,NULL,NULL,1,1,'2025-10-23 07:31:15'),(36,4,'2025-10-21',7.58,0.00,0.00,'批量考勤管理',1,'2025-10-24 08:01:59','2025-10-21 02:14:00','2025-10-24 08:02:31',NULL,NULL,NULL,NULL,1,1,'2025-10-24 08:02:31'),(39,5,'2025-10-21',7.08,0.00,0.00,'批量考勤管理',1,'2025-10-21 09:46:19','2025-10-21 05:21:33','2025-10-21 09:46:19',NULL,NULL,NULL,NULL,0,NULL,NULL),(40,11,'2025-10-21',7.08,0.00,0.00,'批量考勤管理',1,'2025-10-21 09:46:19','2025-10-21 05:21:33','2025-10-21 09:46:19',NULL,NULL,NULL,NULL,0,NULL,NULL),(78,3,'2025-10-19',7.58,0.00,0.00,'批量考勤管理',1,'2025-10-24 08:00:43','2025-10-21 06:01:42','2025-10-24 08:00:48',NULL,NULL,NULL,NULL,1,1,'2025-10-24 08:00:48'),(96,4,'2025-10-20',7.58,2.42,0.00,NULL,1,'2025-10-24 08:02:19','2025-10-21 06:29:55','2025-10-24 08:02:19','17:55','20:20',NULL,NULL,1,1,'2025-10-24 02:54:59'),(97,11,'2025-10-20',7.58,1.00,0.00,NULL,1,'2025-10-21 06:29:55','2025-10-21 06:29:55','2025-10-21 06:29:55',NULL,NULL,NULL,NULL,0,NULL,NULL),(98,5,'2025-10-20',7.58,0.00,0.00,NULL,1,'2025-10-24 03:44:11','2025-10-21 06:29:55','2025-10-24 03:44:30','18:00','18:00',NULL,NULL,1,1,'2025-10-24 03:44:30'),(99,3,'2025-10-16',7.58,0.00,3.33,NULL,1,'2025-10-21 07:39:06','2025-10-21 07:35:12','2025-10-21 07:39:06',NULL,NULL,NULL,NULL,0,NULL,NULL),(105,3,'2025-10-22',7.58,0.00,0.00,'?????46???',1,'2025-10-23 06:54:26','2025-10-22 01:25:58','2025-10-23 06:54:26',NULL,NULL,NULL,NULL,1,1,'2025-10-23 06:49:40'),(107,4,'2025-10-22',7.58,0.00,0.00,'管理员设置当天考勤',1,'2025-10-23 06:44:35','2025-10-22 01:27:46','2025-10-23 06:44:35',NULL,NULL,NULL,NULL,0,NULL,NULL),(108,5,'2025-10-22',7.58,0.00,0.00,'管理员设置当天考勤',1,'2025-10-23 06:44:35','2025-10-22 01:30:09','2025-10-23 06:44:35',NULL,NULL,NULL,NULL,0,NULL,NULL),(113,11,'2025-10-22',7.58,0.00,0.00,'管理员设置当天考勤',1,'2025-10-23 06:44:35','2025-10-22 01:50:09','2025-10-23 06:44:35',NULL,NULL,NULL,NULL,0,NULL,NULL),(198,3,'2025-10-15',8.00,1.00,0.00,NULL,1,'2025-10-22 02:18:34','2025-10-22 02:18:34','2025-10-22 02:18:34',NULL,NULL,NULL,NULL,0,NULL,NULL),(199,5,'2025-10-15',8.00,1.00,0.00,NULL,1,'2025-10-22 02:18:34','2025-10-22 02:18:34','2025-10-22 02:18:34',NULL,NULL,NULL,NULL,0,NULL,NULL),(200,11,'2025-10-15',8.00,1.00,0.00,NULL,1,'2025-10-22 02:18:34','2025-10-22 02:18:34','2025-10-22 02:18:34',NULL,NULL,NULL,NULL,0,NULL,NULL),(201,4,'2025-10-15',8.00,1.00,0.00,NULL,1,'2025-10-22 02:18:34','2025-10-22 02:18:34','2025-10-22 02:18:34',NULL,NULL,NULL,NULL,0,NULL,NULL),(209,3,'2025-10-23',7.58,0.00,0.00,'?????025-10-22????????',1,'2025-10-23 06:45:32','2025-10-22 02:40:30','2025-10-23 06:45:32',NULL,NULL,NULL,NULL,1,1,'2025-10-23 06:40:40'),(214,3,'2025-10-17',7.58,0.00,0.00,'批量考勤管理',1,'2025-10-23 09:13:50','2025-10-23 08:42:39','2025-10-23 09:13:50',NULL,NULL,NULL,NULL,1,1,'2025-10-23 09:02:51'),(215,4,'2025-10-18',7.58,2.42,0.00,NULL,1,'2025-10-24 02:54:48','2025-10-23 08:56:54','2025-10-24 02:54:57','17:55','20:20',NULL,NULL,1,1,'2025-10-24 02:54:57'),(216,5,'2025-10-18',7.58,2.42,0.00,NULL,1,'2025-10-24 03:44:25','2025-10-23 08:56:54','2025-10-24 03:44:25','17:55','20:20',NULL,NULL,1,1,'2025-10-24 03:00:10'),(217,11,'2025-10-18',0.00,0.00,0.00,'批量考勤管理',1,'2025-10-23 08:56:54','2025-10-23 08:56:54','2025-10-23 08:56:54',NULL,NULL,NULL,NULL,0,NULL,NULL),(218,4,'2025-10-19',7.58,2.42,0.00,NULL,1,'2025-10-27 03:40:14','2025-10-24 03:04:13','2025-10-27 03:40:18','17:55','20:20',NULL,NULL,1,1,'2025-10-27 03:40:18'),(219,5,'2025-10-19',7.58,2.42,0.00,NULL,1,'2025-10-24 03:43:58','2025-10-24 03:42:53','2025-10-24 03:44:28','17:55','20:20',NULL,NULL,1,1,'2025-10-24 03:44:28'),(220,4,'2025-10-27',7.58,0.00,0.00,'批量考勤管理',1,'2025-10-27 08:40:11','2025-10-27 03:39:12','2025-10-27 08:40:11',NULL,NULL,NULL,NULL,0,NULL,NULL),(221,3,'2025-10-27',7.58,0.00,0.00,'批量考勤管理',1,'2025-10-27 08:40:11','2025-10-27 05:25:02','2025-10-27 08:40:11',NULL,NULL,NULL,NULL,0,NULL,NULL),(222,50,'2025-10-27',7.58,0.00,0.00,'批量考勤管理',1,'2025-10-27 08:40:11','2025-10-27 07:21:51','2025-10-27 08:40:11',NULL,NULL,NULL,NULL,0,NULL,NULL),(223,52,'2025-10-27',7.58,0.00,0.00,'批量考勤管理',1,'2025-10-27 08:40:11','2025-10-27 07:21:51','2025-10-27 08:40:11',NULL,NULL,NULL,NULL,0,NULL,NULL),(224,80,'2025-10-27',7.58,0.00,0.00,'批量考勤管理',1,'2025-10-27 08:40:11','2025-10-27 07:21:51','2025-10-27 08:40:11',NULL,NULL,NULL,NULL,0,NULL,NULL),(225,79,'2025-10-27',7.58,0.00,0.00,'批量考勤管理',1,'2025-10-27 08:40:11','2025-10-27 08:15:53','2025-10-27 08:40:11',NULL,NULL,NULL,NULL,1,1,'2025-10-27 08:16:31'),(226,69,'2025-10-27',7.58,0.00,0.00,'批量考勤管理',1,'2025-10-27 08:40:11','2025-10-27 08:16:19','2025-10-27 08:40:11',NULL,NULL,NULL,NULL,1,1,'2025-10-27 08:16:35'),(227,74,'2025-10-27',7.58,0.00,0.50,NULL,1,'2025-10-27 08:40:22','2025-10-27 08:17:18','2025-10-27 08:40:22',NULL,NULL,'08:30','09:00',0,NULL,NULL),(228,60,'2025-10-27',7.58,0.00,0.00,'批量考勤管理',1,'2025-10-27 08:40:11','2025-10-27 08:17:18','2025-10-27 08:40:11',NULL,NULL,NULL,NULL,0,NULL,NULL),(229,71,'2025-10-27',7.58,0.00,0.00,'批量考勤管理',1,'2025-10-27 08:40:11','2025-10-27 08:17:18','2025-10-27 08:40:11',NULL,NULL,NULL,NULL,0,NULL,NULL),(230,51,'2025-10-27',7.58,0.00,0.00,'批量考勤管理',1,'2025-10-27 08:40:11','2025-10-27 08:17:18','2025-10-27 08:40:11',NULL,NULL,NULL,NULL,0,NULL,NULL),(231,63,'2025-10-27',7.58,0.00,0.00,'批量考勤管理',1,'2025-10-27 08:40:11','2025-10-27 08:18:25','2025-10-27 08:40:11',NULL,NULL,NULL,NULL,0,NULL,NULL),(232,81,'2025-10-27',7.58,0.00,0.00,'批量考勤管理',1,'2025-10-27 08:40:11','2025-10-27 08:18:25','2025-10-27 08:40:11',NULL,NULL,NULL,NULL,0,NULL,NULL),(233,55,'2025-10-27',7.58,0.00,0.00,'批量考勤管理',1,'2025-10-27 08:40:11','2025-10-27 08:18:26','2025-10-27 08:40:11',NULL,NULL,NULL,NULL,0,NULL,NULL),(234,56,'2025-10-27',7.58,0.00,0.00,'批量考勤管理',1,'2025-10-27 08:40:11','2025-10-27 08:18:26','2025-10-27 08:40:11',NULL,NULL,NULL,NULL,0,NULL,NULL),(235,72,'2025-10-27',7.58,0.00,0.00,'批量考勤管理',1,'2025-10-27 08:40:11','2025-10-27 08:18:26','2025-10-27 08:40:11',NULL,NULL,NULL,NULL,0,NULL,NULL),(236,77,'2025-10-27',7.58,0.00,0.00,'批量考勤管理',1,'2025-10-27 08:40:11','2025-10-27 08:18:26','2025-10-27 08:40:11',NULL,NULL,NULL,NULL,0,NULL,NULL),(237,67,'2025-10-27',7.58,0.00,0.00,'批量考勤管理',1,'2025-10-27 08:40:11','2025-10-27 08:18:26','2025-10-27 08:40:11',NULL,NULL,NULL,NULL,0,NULL,NULL),(238,70,'2025-10-27',7.58,0.00,0.00,'批量考勤管理',1,'2025-10-27 08:40:11','2025-10-27 08:18:26','2025-10-27 08:40:11',NULL,NULL,NULL,NULL,0,NULL,NULL),(239,84,'2025-10-27',7.58,0.00,0.00,'批量考勤管理',1,'2025-10-27 08:40:11','2025-10-27 08:18:26','2025-10-27 08:40:11',NULL,NULL,NULL,NULL,0,NULL,NULL),(240,65,'2025-10-25',7.58,0.00,0.00,'批量考勤管理',1,'2025-10-27 08:19:27','2025-10-27 08:19:27','2025-10-27 08:19:27',NULL,NULL,NULL,NULL,0,NULL,NULL),(241,59,'2025-10-25',7.58,0.00,0.00,'批量考勤管理',1,'2025-10-27 08:19:27','2025-10-27 08:19:27','2025-10-27 08:19:27',NULL,NULL,NULL,NULL,0,NULL,NULL),(242,82,'2025-10-25',7.58,0.00,0.00,'批量考勤管理',1,'2025-10-27 08:19:27','2025-10-27 08:19:27','2025-10-27 08:19:27',NULL,NULL,NULL,NULL,0,NULL,NULL),(243,57,'2025-10-25',7.58,0.00,0.00,'批量考勤管理',1,'2025-10-27 08:19:27','2025-10-27 08:19:27','2025-10-27 08:19:27',NULL,NULL,NULL,NULL,0,NULL,NULL),(244,58,'2025-10-25',7.58,0.00,0.00,'批量考勤管理',1,'2025-10-27 08:19:27','2025-10-27 08:19:27','2025-10-27 08:19:27',NULL,NULL,NULL,NULL,0,NULL,NULL),(245,76,'2025-10-25',7.58,0.00,0.00,'批量考勤管理',1,'2025-10-27 08:19:27','2025-10-27 08:19:27','2025-10-27 08:19:27',NULL,NULL,NULL,NULL,0,NULL,NULL),(246,68,'2025-10-25',7.58,0.00,0.00,'批量考勤管理',1,'2025-10-27 08:19:27','2025-10-27 08:19:27','2025-10-27 08:19:27',NULL,NULL,NULL,NULL,0,NULL,NULL),(247,83,'2025-10-25',7.58,0.00,0.00,'批量考勤管理',1,'2025-10-27 08:19:27','2025-10-27 08:19:27','2025-10-27 08:19:27',NULL,NULL,NULL,NULL,0,NULL,NULL),(248,73,'2025-10-25',7.58,0.00,0.00,'批量考勤管理',1,'2025-10-27 08:19:27','2025-10-27 08:19:27','2025-10-27 08:19:27',NULL,NULL,NULL,NULL,0,NULL,NULL),(249,66,'2025-10-25',7.58,0.00,0.00,'批量考勤管理',1,'2025-10-27 08:19:27','2025-10-27 08:19:27','2025-10-27 08:19:27',NULL,NULL,NULL,NULL,0,NULL,NULL),(250,78,'2025-10-25',7.58,0.00,0.00,'批量考勤管理',1,'2025-10-27 08:19:27','2025-10-27 08:19:27','2025-10-27 08:19:27',NULL,NULL,NULL,NULL,0,NULL,NULL),(251,75,'2025-10-25',7.58,0.00,0.00,'批量考勤管理',1,'2025-10-27 08:19:27','2025-10-27 08:19:27','2025-10-27 08:19:27',NULL,NULL,NULL,NULL,0,NULL,NULL),(252,54,'2025-10-25',7.58,0.00,0.00,'批量考勤管理',1,'2025-10-27 08:19:27','2025-10-27 08:19:27','2025-10-27 08:19:27',NULL,NULL,NULL,NULL,0,NULL,NULL),(253,64,'2025-10-25',7.58,0.00,0.00,'批量考勤管理',1,'2025-10-27 08:19:27','2025-10-27 08:19:27','2025-10-27 08:19:27',NULL,NULL,NULL,NULL,0,NULL,NULL),(254,85,'2025-10-25',7.58,0.00,0.00,'批量考勤管理',1,'2025-10-27 08:19:27','2025-10-27 08:19:27','2025-10-27 08:19:27',NULL,NULL,NULL,NULL,0,NULL,NULL),(255,65,'2025-10-27',7.58,0.00,0.00,'批量考勤管理',1,'2025-10-27 08:40:11','2025-10-27 08:21:58','2025-10-27 08:40:11',NULL,NULL,NULL,NULL,0,NULL,NULL),(256,59,'2025-10-27',7.58,0.00,0.00,'批量考勤管理',1,'2025-10-27 08:40:11','2025-10-27 08:22:37','2025-10-27 08:40:11',NULL,NULL,NULL,NULL,0,NULL,NULL),(257,82,'2025-10-27',7.58,0.00,0.00,'批量考勤管理',1,'2025-10-27 08:40:11','2025-10-27 08:40:11','2025-10-27 08:40:11',NULL,NULL,NULL,NULL,0,NULL,NULL),(258,57,'2025-10-27',7.58,0.00,0.00,'批量考勤管理',1,'2025-10-27 08:40:11','2025-10-27 08:40:11','2025-10-27 08:40:11',NULL,NULL,NULL,NULL,0,NULL,NULL),(259,58,'2025-10-27',7.58,0.00,0.00,'批量考勤管理',1,'2025-10-27 08:40:11','2025-10-27 08:40:11','2025-10-27 08:40:11',NULL,NULL,NULL,NULL,0,NULL,NULL),(260,5,'2025-10-27',7.58,0.00,0.00,'批量考勤管理',1,'2025-10-27 08:40:11','2025-10-27 08:40:11','2025-10-27 08:40:11',NULL,NULL,NULL,NULL,0,NULL,NULL),(261,76,'2025-10-27',7.58,0.00,0.00,'批量考勤管理',1,'2025-10-27 08:40:11','2025-10-27 08:40:11','2025-10-27 08:40:11',NULL,NULL,NULL,NULL,0,NULL,NULL),(262,68,'2025-10-27',7.58,0.00,0.00,'批量考勤管理',1,'2025-10-27 08:40:11','2025-10-27 08:40:11','2025-10-27 08:40:11',NULL,NULL,NULL,NULL,0,NULL,NULL),(263,83,'2025-10-27',7.58,0.00,0.00,'批量考勤管理',1,'2025-10-27 08:40:11','2025-10-27 08:40:11','2025-10-27 08:40:11',NULL,NULL,NULL,NULL,0,NULL,NULL),(264,73,'2025-10-27',7.58,0.00,0.00,'批量考勤管理',1,'2025-10-27 08:40:11','2025-10-27 08:40:11','2025-10-27 08:40:11',NULL,NULL,NULL,NULL,0,NULL,NULL),(265,66,'2025-10-27',7.58,0.00,0.00,'批量考勤管理',1,'2025-10-27 08:40:11','2025-10-27 08:40:11','2025-10-27 08:40:11',NULL,NULL,NULL,NULL,0,NULL,NULL),(266,11,'2025-10-27',7.58,0.00,0.00,'批量考勤管理',1,'2025-10-27 08:40:11','2025-10-27 08:40:11','2025-10-27 08:40:11',NULL,NULL,NULL,NULL,0,NULL,NULL),(267,78,'2025-10-27',7.58,0.00,0.00,'批量考勤管理',1,'2025-10-27 08:40:11','2025-10-27 08:40:11','2025-10-27 08:40:11',NULL,NULL,NULL,NULL,0,NULL,NULL),(268,75,'2025-10-27',7.58,0.00,0.00,'批量考勤管理',1,'2025-10-27 08:40:11','2025-10-27 08:40:11','2025-10-27 08:40:11',NULL,NULL,NULL,NULL,0,NULL,NULL),(269,54,'2025-10-27',7.58,0.00,0.00,'批量考勤管理',1,'2025-10-27 08:40:11','2025-10-27 08:40:11','2025-10-27 08:40:11',NULL,NULL,NULL,NULL,0,NULL,NULL),(270,64,'2025-10-27',7.58,0.00,0.00,'批量考勤管理',1,'2025-10-27 08:40:11','2025-10-27 08:40:11','2025-10-27 08:40:11',NULL,NULL,NULL,NULL,0,NULL,NULL),(271,85,'2025-10-27',7.58,0.00,0.00,'批量考勤管理',1,'2025-10-27 08:40:11','2025-10-27 08:40:11','2025-10-27 08:40:11',NULL,NULL,NULL,NULL,0,NULL,NULL),(272,79,'2025-10-18',7.58,0.00,0.00,'批量考勤管理',1,'2025-11-05 09:03:41','2025-11-05 09:03:41','2025-11-05 09:03:41',NULL,NULL,NULL,NULL,0,NULL,NULL),(273,69,'2025-10-18',7.58,0.00,0.00,'批量考勤管理',1,'2025-11-05 09:03:41','2025-11-05 09:03:41','2025-11-05 09:03:41',NULL,NULL,NULL,NULL,0,NULL,NULL),(274,63,'2025-10-18',7.58,0.00,0.00,'批量考勤管理',1,'2025-11-05 09:03:41','2025-11-05 09:03:41','2025-11-05 09:03:41',NULL,NULL,NULL,NULL,0,NULL,NULL),(275,74,'2025-10-18',7.58,0.00,0.00,'批量考勤管理',1,'2025-11-05 09:03:41','2025-11-05 09:03:41','2025-11-05 09:03:41',NULL,NULL,NULL,NULL,0,NULL,NULL),(276,65,'2025-10-18',7.58,0.00,0.00,'批量考勤管理',1,'2025-11-05 09:03:41','2025-11-05 09:03:41','2025-11-05 09:03:41',NULL,NULL,NULL,NULL,0,NULL,NULL),(277,59,'2025-10-18',7.58,2.25,0.00,NULL,1,'2025-11-05 09:10:42','2025-11-05 09:03:41','2025-11-05 09:10:42','18:05','20:20',NULL,NULL,1,61,'2025-11-05 09:05:40'),(278,81,'2025-10-18',7.58,0.00,0.00,'批量考勤管理',1,'2025-11-05 09:03:41','2025-11-05 09:03:41','2025-11-05 09:03:41',NULL,NULL,NULL,NULL,0,NULL,NULL),(279,82,'2025-10-18',7.58,0.00,0.00,'批量考勤管理',1,'2025-11-05 09:03:41','2025-11-05 09:03:41','2025-11-05 09:03:41',NULL,NULL,NULL,NULL,0,NULL,NULL),(280,55,'2025-10-18',7.58,0.00,0.00,'批量考勤管理',1,'2025-11-05 09:03:41','2025-11-05 09:03:41','2025-11-05 09:03:41',NULL,NULL,NULL,NULL,0,NULL,NULL),(281,50,'2025-10-18',7.58,0.00,0.00,'批量考勤管理',1,'2025-11-05 09:03:41','2025-11-05 09:03:41','2025-11-05 09:03:41',NULL,NULL,NULL,NULL,0,NULL,NULL),(282,52,'2025-10-18',7.58,0.00,0.00,'批量考勤管理',1,'2025-11-05 09:03:41','2025-11-05 09:03:41','2025-11-05 09:03:41',NULL,NULL,NULL,NULL,0,NULL,NULL),(283,51,'2025-10-18',7.58,0.00,0.00,'批量考勤管理',1,'2025-11-05 09:03:41','2025-11-05 09:03:41','2025-11-05 09:03:41',NULL,NULL,NULL,NULL,0,NULL,NULL),(284,57,'2025-10-18',7.58,0.00,0.00,'批量考勤管理',1,'2025-11-05 09:03:41','2025-11-05 09:03:41','2025-11-05 09:03:41',NULL,NULL,NULL,NULL,0,NULL,NULL),(285,58,'2025-10-18',7.58,0.00,0.00,'批量考勤管理',1,'2025-11-05 09:03:41','2025-11-05 09:03:41','2025-11-05 09:03:41',NULL,NULL,NULL,NULL,0,NULL,NULL),(286,56,'2025-10-18',7.58,0.00,0.00,'批量考勤管理',1,'2025-11-05 09:03:41','2025-11-05 09:03:41','2025-11-05 09:03:41',NULL,NULL,NULL,NULL,0,NULL,NULL),(287,76,'2025-10-18',7.58,0.00,0.00,'批量考勤管理',1,'2025-11-05 09:03:41','2025-11-05 09:03:41','2025-11-05 09:03:41',NULL,NULL,NULL,NULL,0,NULL,NULL),(288,68,'2025-10-18',7.58,0.00,0.00,'批量考勤管理',1,'2025-11-05 09:03:41','2025-11-05 09:03:41','2025-11-05 09:03:41',NULL,NULL,NULL,NULL,0,NULL,NULL),(289,83,'2025-10-18',7.58,0.00,0.00,'批量考勤管理',1,'2025-11-05 09:03:41','2025-11-05 09:03:41','2025-11-05 09:03:41',NULL,NULL,NULL,NULL,0,NULL,NULL),(290,73,'2025-10-18',7.58,0.00,0.00,'批量考勤管理',1,'2025-11-05 09:03:41','2025-11-05 09:03:41','2025-11-05 09:03:41',NULL,NULL,NULL,NULL,0,NULL,NULL),(291,72,'2025-10-18',7.58,0.00,0.00,'批量考勤管理',1,'2025-11-05 09:03:41','2025-11-05 09:03:41','2025-11-05 09:03:41',NULL,NULL,NULL,NULL,0,NULL,NULL),(292,66,'2025-10-18',7.58,0.00,0.00,'批量考勤管理',1,'2025-11-05 09:03:41','2025-11-05 09:03:41','2025-11-05 09:03:41',NULL,NULL,NULL,NULL,0,NULL,NULL),(293,78,'2025-10-18',7.58,2.33,0.00,NULL,1,'2025-12-18 07:59:43','2025-11-05 09:03:41','2025-12-18 07:59:46','18:00','20:20',NULL,NULL,1,1,'2025-12-18 07:59:46'),(294,60,'2025-10-18',7.58,2.42,0.00,NULL,1,'2025-11-06 06:44:41','2025-11-05 09:03:41','2025-11-06 06:44:45','17:55','20:20',NULL,NULL,1,1,'2025-11-06 06:44:45'),(295,77,'2025-10-18',7.58,0.00,0.00,'批量考勤管理',1,'2025-11-05 09:03:41','2025-11-05 09:03:41','2025-11-05 09:03:41',NULL,NULL,NULL,NULL,0,NULL,NULL),(296,71,'2025-10-18',7.58,0.00,0.00,'批量考勤管理',1,'2025-11-05 09:03:41','2025-11-05 09:03:41','2025-11-05 09:03:41',NULL,NULL,NULL,NULL,0,NULL,NULL),(297,67,'2025-10-18',7.58,0.00,0.00,'批量考勤管理',1,'2025-11-05 09:03:41','2025-11-05 09:03:41','2025-11-05 09:03:41',NULL,NULL,NULL,NULL,0,NULL,NULL),(298,75,'2025-10-18',7.58,0.00,0.00,'批量考勤管理',1,'2025-11-05 09:03:41','2025-11-05 09:03:41','2025-11-05 09:03:41',NULL,NULL,NULL,NULL,0,NULL,NULL),(299,54,'2025-10-18',7.58,0.00,0.00,'批量考勤管理',1,'2025-11-05 09:03:41','2025-11-05 09:03:41','2025-11-05 09:03:41',NULL,NULL,NULL,NULL,0,NULL,NULL),(300,64,'2025-10-18',7.58,0.00,0.00,'批量考勤管理',1,'2025-11-05 09:03:41','2025-11-05 09:03:41','2025-11-05 09:03:41',NULL,NULL,NULL,NULL,0,NULL,NULL),(301,70,'2025-10-18',7.58,0.00,0.00,'批量考勤管理',1,'2025-11-05 09:03:41','2025-11-05 09:03:41','2025-11-05 09:03:41',NULL,NULL,NULL,NULL,0,NULL,NULL),(302,85,'2025-10-18',7.58,0.00,0.00,'批量考勤管理',1,'2025-11-05 09:03:41','2025-11-05 09:03:41','2025-11-05 09:03:41',NULL,NULL,NULL,NULL,0,NULL,NULL),(303,80,'2025-10-18',7.58,0.00,0.00,'批量考勤管理',1,'2025-11-05 09:03:41','2025-11-05 09:03:41','2025-11-05 09:03:41',NULL,NULL,NULL,NULL,0,NULL,NULL),(304,84,'2025-10-18',7.58,0.00,0.00,'批量考勤管理',1,'2025-11-05 09:03:41','2025-11-05 09:03:41','2025-11-05 09:03:41',NULL,NULL,NULL,NULL,0,NULL,NULL),(305,79,'2025-10-20',7.58,0.00,0.00,'批量考勤管理',1,'2025-11-05 09:04:58','2025-11-05 09:04:58','2025-11-05 09:04:58',NULL,NULL,NULL,NULL,0,NULL,NULL),(306,69,'2025-10-20',7.58,0.00,0.00,'批量考勤管理',1,'2025-11-05 09:04:58','2025-11-05 09:04:58','2025-11-05 09:04:58',NULL,NULL,NULL,NULL,0,NULL,NULL),(307,63,'2025-10-20',7.58,0.00,0.00,'批量考勤管理',1,'2025-11-05 09:04:58','2025-11-05 09:04:58','2025-11-05 09:04:58',NULL,NULL,NULL,NULL,0,NULL,NULL),(308,74,'2025-10-20',7.58,0.00,0.00,'批量考勤管理',1,'2025-11-05 09:04:58','2025-11-05 09:04:58','2025-11-05 09:04:58',NULL,NULL,NULL,NULL,0,NULL,NULL),(309,65,'2025-10-20',7.58,0.00,0.00,'批量考勤管理',1,'2025-11-05 09:04:58','2025-11-05 09:04:58','2025-11-05 09:04:58',NULL,NULL,NULL,NULL,0,NULL,NULL),(310,59,'2025-10-20',7.58,1.42,0.00,NULL,1,'2025-11-05 09:11:49','2025-11-05 09:04:58','2025-11-05 09:11:58','17:55','19:20',NULL,NULL,1,1,'2025-11-05 09:11:58'),(311,81,'2025-10-20',7.58,0.00,0.00,'批量考勤管理',1,'2025-11-05 09:04:58','2025-11-05 09:04:58','2025-11-05 09:04:58',NULL,NULL,NULL,NULL,0,NULL,NULL),(312,82,'2025-10-20',7.58,0.00,0.00,'批量考勤管理',1,'2025-11-05 09:04:58','2025-11-05 09:04:58','2025-11-05 09:04:58',NULL,NULL,NULL,NULL,0,NULL,NULL),(313,55,'2025-10-20',7.58,0.00,0.00,'批量考勤管理',1,'2025-11-05 09:04:58','2025-11-05 09:04:58','2025-11-05 09:04:58',NULL,NULL,NULL,NULL,0,NULL,NULL),(314,50,'2025-10-20',7.58,0.00,0.00,'批量考勤管理',1,'2025-11-05 09:04:58','2025-11-05 09:04:58','2025-11-05 09:04:58',NULL,NULL,NULL,NULL,0,NULL,NULL),(315,52,'2025-10-20',7.58,0.00,0.00,'批量考勤管理',1,'2025-11-05 09:04:58','2025-11-05 09:04:58','2025-11-05 09:04:58',NULL,NULL,NULL,NULL,0,NULL,NULL),(316,51,'2025-10-20',7.58,0.00,0.00,'批量考勤管理',1,'2025-11-05 09:04:58','2025-11-05 09:04:58','2025-11-05 09:04:58',NULL,NULL,NULL,NULL,0,NULL,NULL),(317,57,'2025-10-20',7.58,0.00,0.00,'批量考勤管理',1,'2025-11-05 09:04:58','2025-11-05 09:04:58','2025-11-05 09:04:58',NULL,NULL,NULL,NULL,0,NULL,NULL),(318,58,'2025-10-20',7.58,0.00,0.00,'批量考勤管理',1,'2025-11-05 09:04:58','2025-11-05 09:04:58','2025-11-05 09:04:58',NULL,NULL,NULL,NULL,0,NULL,NULL),(319,56,'2025-10-20',7.58,0.00,0.00,'批量考勤管理',1,'2025-11-05 09:04:58','2025-11-05 09:04:58','2025-11-05 09:04:58',NULL,NULL,NULL,NULL,0,NULL,NULL),(320,76,'2025-10-20',7.58,0.00,0.00,'批量考勤管理',1,'2025-11-05 09:04:58','2025-11-05 09:04:58','2025-11-05 09:04:58',NULL,NULL,NULL,NULL,0,NULL,NULL),(321,68,'2025-10-20',7.58,0.00,0.00,'批量考勤管理',1,'2025-11-05 09:04:58','2025-11-05 09:04:58','2025-11-05 09:04:58',NULL,NULL,NULL,NULL,0,NULL,NULL),(322,83,'2025-10-20',7.58,0.00,0.00,'批量考勤管理',1,'2025-11-05 09:04:58','2025-11-05 09:04:58','2025-11-05 09:04:58',NULL,NULL,NULL,NULL,0,NULL,NULL),(323,73,'2025-10-20',7.58,0.00,0.00,'批量考勤管理',1,'2025-11-05 09:04:58','2025-11-05 09:04:58','2025-11-05 09:04:58',NULL,NULL,NULL,NULL,0,NULL,NULL),(324,72,'2025-10-20',7.58,0.00,0.00,'批量考勤管理',1,'2025-11-05 09:04:58','2025-11-05 09:04:58','2025-11-05 09:04:58',NULL,NULL,NULL,NULL,0,NULL,NULL),(325,66,'2025-10-20',7.58,0.00,0.00,'批量考勤管理',1,'2025-11-05 09:04:58','2025-11-05 09:04:58','2025-11-05 09:04:58',NULL,NULL,NULL,NULL,0,NULL,NULL),(326,78,'2025-10-20',7.58,2.00,0.00,NULL,1,'2025-12-18 08:10:22','2025-11-05 09:04:58','2025-12-18 08:10:28','18:20','20:20',NULL,NULL,1,1,'2025-12-18 08:10:28'),(327,60,'2025-10-20',7.58,0.00,0.00,'批量考勤管理',1,'2025-11-05 09:04:58','2025-11-05 09:04:58','2025-11-06 06:44:47',NULL,NULL,NULL,NULL,1,1,'2025-11-06 06:44:47'),(328,77,'2025-10-20',7.58,0.00,0.00,'批量考勤管理',1,'2025-11-05 09:04:58','2025-11-05 09:04:58','2025-11-05 09:04:58',NULL,NULL,NULL,NULL,0,NULL,NULL),(329,71,'2025-10-20',7.58,0.00,0.00,'批量考勤管理',1,'2025-11-05 09:04:58','2025-11-05 09:04:58','2025-11-05 09:04:58',NULL,NULL,NULL,NULL,0,NULL,NULL),(330,67,'2025-10-20',7.58,0.00,0.00,'批量考勤管理',1,'2025-11-05 09:04:58','2025-11-05 09:04:58','2025-11-05 09:04:58',NULL,NULL,NULL,NULL,0,NULL,NULL),(331,75,'2025-10-20',7.58,0.00,0.00,'批量考勤管理',1,'2025-11-05 09:04:58','2025-11-05 09:04:58','2025-11-05 09:04:58',NULL,NULL,NULL,NULL,0,NULL,NULL),(332,54,'2025-10-20',7.58,0.00,0.00,'批量考勤管理',1,'2025-11-05 09:04:59','2025-11-05 09:04:59','2025-11-05 09:04:59',NULL,NULL,NULL,NULL,0,NULL,NULL),(333,64,'2025-10-20',7.58,0.00,0.00,'批量考勤管理',1,'2025-11-05 09:04:59','2025-11-05 09:04:59','2025-11-05 09:04:59',NULL,NULL,NULL,NULL,0,NULL,NULL),(334,70,'2025-10-20',7.58,0.00,0.00,'批量考勤管理',1,'2025-11-05 09:04:59','2025-11-05 09:04:59','2025-11-05 09:04:59',NULL,NULL,NULL,NULL,0,NULL,NULL),(335,85,'2025-10-20',7.58,0.00,0.00,'批量考勤管理',1,'2025-11-05 09:04:59','2025-11-05 09:04:59','2025-11-05 09:04:59',NULL,NULL,NULL,NULL,0,NULL,NULL),(336,80,'2025-10-20',7.58,0.00,0.00,'批量考勤管理',1,'2025-11-05 09:04:59','2025-11-05 09:04:59','2025-11-05 09:04:59',NULL,NULL,NULL,NULL,0,NULL,NULL),(337,84,'2025-10-20',7.58,0.00,0.00,'批量考勤管理',1,'2025-11-05 09:04:59','2025-11-05 09:04:59','2025-11-05 09:04:59',NULL,NULL,NULL,NULL,0,NULL,NULL),(338,65,'2025-11-06',8.00,0.00,3.00,NULL,1,'2025-11-06 08:00:45','2025-11-06 07:59:36','2025-11-06 08:01:12','18:00','18:00','08:30','11:30',1,1,'2025-11-06 08:01:12'),(339,83,'2025-11-06',8.00,2.00,0.00,NULL,1,'2025-11-06 07:59:36','2025-11-06 07:59:36','2025-11-06 07:59:36',NULL,NULL,NULL,NULL,0,NULL,NULL),(340,57,'2025-11-06',8.00,2.00,0.00,NULL,1,'2025-11-06 07:59:36','2025-11-06 07:59:36','2025-11-06 07:59:36',NULL,NULL,NULL,NULL,0,NULL,NULL),(341,73,'2025-11-06',8.00,2.00,0.00,NULL,1,'2025-11-06 07:59:36','2025-11-06 07:59:36','2025-11-06 07:59:36',NULL,NULL,NULL,NULL,0,NULL,NULL),(342,68,'2025-11-06',8.00,2.00,0.00,NULL,1,'2025-11-06 07:59:36','2025-11-06 07:59:36','2025-11-06 07:59:36',NULL,NULL,NULL,NULL,0,NULL,NULL),(343,66,'2025-11-06',8.00,2.00,0.00,NULL,1,'2025-11-06 07:59:36','2025-11-06 07:59:36','2025-11-06 07:59:36',NULL,NULL,NULL,NULL,0,NULL,NULL),(344,78,'2025-11-06',8.00,2.00,0.00,NULL,1,'2025-11-06 07:59:36','2025-11-06 07:59:36','2025-11-06 07:59:36',NULL,NULL,NULL,NULL,0,NULL,NULL),(345,59,'2025-11-06',8.00,2.00,0.00,NULL,1,'2025-11-06 07:59:36','2025-11-06 07:59:36','2025-11-06 08:01:15',NULL,NULL,NULL,NULL,1,1,'2025-11-06 08:01:15'),(346,75,'2025-11-06',8.00,2.00,0.00,NULL,1,'2025-11-06 07:59:36','2025-11-06 07:59:36','2025-11-06 07:59:36',NULL,NULL,NULL,NULL,0,NULL,NULL),(347,54,'2025-11-06',8.00,2.00,0.00,NULL,1,'2025-11-06 07:59:36','2025-11-06 07:59:36','2025-11-06 07:59:36',NULL,NULL,NULL,NULL,0,NULL,NULL),(348,64,'2025-11-06',8.00,2.00,0.00,NULL,1,'2025-11-06 07:59:36','2025-11-06 07:59:36','2025-11-06 07:59:36',NULL,NULL,NULL,NULL,0,NULL,NULL),(349,85,'2025-11-06',8.00,2.00,0.00,NULL,1,'2025-11-06 07:59:36','2025-11-06 07:59:36','2025-11-06 07:59:36',NULL,NULL,NULL,NULL,0,NULL,NULL),(350,82,'2025-11-06',8.00,2.00,0.00,NULL,1,'2025-11-06 07:59:36','2025-11-06 07:59:36','2025-11-06 08:01:17',NULL,NULL,NULL,NULL,1,1,'2025-11-06 08:01:17'),(351,58,'2025-11-06',8.00,2.00,0.00,NULL,1,'2025-11-06 07:59:36','2025-11-06 07:59:36','2025-11-06 07:59:36',NULL,NULL,NULL,NULL,0,NULL,NULL),(352,76,'2025-11-06',8.00,2.00,0.00,NULL,1,'2025-11-06 07:59:36','2025-11-06 07:59:36','2025-11-06 07:59:36',NULL,NULL,NULL,NULL,0,NULL,NULL),(353,79,'2025-11-01',7.58,0.00,0.00,'批量考勤管理',1,'2025-11-06 08:02:03','2025-11-06 08:02:03','2025-11-06 08:02:03',NULL,NULL,NULL,NULL,0,NULL,NULL),(354,69,'2025-11-01',7.58,0.00,0.00,'批量考勤管理',1,'2025-11-06 08:02:03','2025-11-06 08:02:03','2025-11-06 08:02:03',NULL,NULL,NULL,NULL,0,NULL,NULL),(355,63,'2025-11-01',7.58,0.00,0.00,'批量考勤管理',1,'2025-11-06 08:02:03','2025-11-06 08:02:03','2025-11-06 08:02:03',NULL,NULL,NULL,NULL,0,NULL,NULL),(356,74,'2025-11-01',7.58,0.00,0.00,'批量考勤管理',1,'2025-11-06 08:02:03','2025-11-06 08:02:03','2025-11-06 08:02:03',NULL,NULL,NULL,NULL,0,NULL,NULL),(357,65,'2025-11-01',7.58,0.00,0.00,'批量考勤管理',1,'2025-11-06 08:02:03','2025-11-06 08:02:03','2025-11-06 08:02:03',NULL,NULL,NULL,NULL,0,NULL,NULL),(358,59,'2025-11-01',7.58,0.00,0.00,'批量考勤管理',1,'2025-11-06 08:02:03','2025-11-06 08:02:03','2025-11-06 08:02:03',NULL,NULL,NULL,NULL,0,NULL,NULL),(359,81,'2025-11-01',7.58,0.00,0.00,'批量考勤管理',1,'2025-11-06 08:02:03','2025-11-06 08:02:03','2025-11-06 08:02:03',NULL,NULL,NULL,NULL,0,NULL,NULL),(360,82,'2025-11-01',7.58,0.00,0.00,'批量考勤管理',1,'2025-11-06 08:02:03','2025-11-06 08:02:03','2025-11-06 08:02:03',NULL,NULL,NULL,NULL,0,NULL,NULL),(361,55,'2025-11-01',7.58,0.00,0.00,'批量考勤管理',1,'2025-11-06 08:02:03','2025-11-06 08:02:03','2025-11-06 08:02:03',NULL,NULL,NULL,NULL,0,NULL,NULL),(362,50,'2025-11-01',7.58,0.00,0.00,'批量考勤管理',1,'2025-11-06 08:02:03','2025-11-06 08:02:03','2025-11-06 08:02:03',NULL,NULL,NULL,NULL,0,NULL,NULL),(363,52,'2025-11-01',7.58,0.00,0.00,'批量考勤管理',1,'2025-11-06 08:02:03','2025-11-06 08:02:03','2025-11-06 08:02:03',NULL,NULL,NULL,NULL,0,NULL,NULL),(364,51,'2025-11-01',7.58,0.00,0.00,'批量考勤管理',1,'2025-11-06 08:02:03','2025-11-06 08:02:03','2025-11-06 08:02:03',NULL,NULL,NULL,NULL,0,NULL,NULL),(365,57,'2025-11-01',7.58,0.00,0.00,'批量考勤管理',1,'2025-11-06 08:02:03','2025-11-06 08:02:03','2025-11-06 08:02:03',NULL,NULL,NULL,NULL,0,NULL,NULL),(366,58,'2025-11-01',7.58,0.00,0.00,'批量考勤管理',1,'2025-11-06 08:02:03','2025-11-06 08:02:03','2025-11-06 08:02:03',NULL,NULL,NULL,NULL,0,NULL,NULL),(367,56,'2025-11-01',7.58,0.00,0.00,'批量考勤管理',1,'2025-11-06 08:02:03','2025-11-06 08:02:03','2025-11-06 08:02:03',NULL,NULL,NULL,NULL,0,NULL,NULL),(368,76,'2025-11-01',7.58,0.00,0.00,'批量考勤管理',1,'2025-11-06 08:02:03','2025-11-06 08:02:03','2025-11-06 08:02:03',NULL,NULL,NULL,NULL,0,NULL,NULL),(369,68,'2025-11-01',7.58,0.00,0.00,'批量考勤管理',1,'2025-11-06 08:02:03','2025-11-06 08:02:03','2025-11-06 08:02:03',NULL,NULL,NULL,NULL,0,NULL,NULL),(370,83,'2025-11-01',7.58,0.00,0.00,'批量考勤管理',1,'2025-11-06 08:02:03','2025-11-06 08:02:03','2025-11-06 08:02:03',NULL,NULL,NULL,NULL,0,NULL,NULL),(371,73,'2025-11-01',7.58,0.00,0.00,'批量考勤管理',1,'2025-11-06 08:02:03','2025-11-06 08:02:03','2025-11-06 08:02:03',NULL,NULL,NULL,NULL,0,NULL,NULL),(372,72,'2025-11-01',7.58,0.00,0.00,'批量考勤管理',1,'2025-11-06 08:02:03','2025-11-06 08:02:03','2025-11-06 08:02:03',NULL,NULL,NULL,NULL,0,NULL,NULL),(373,66,'2025-11-01',7.58,0.00,0.00,'批量考勤管理',1,'2025-11-06 08:02:03','2025-11-06 08:02:03','2025-11-06 08:02:03',NULL,NULL,NULL,NULL,0,NULL,NULL),(374,78,'2025-11-01',7.58,0.00,0.00,'批量考勤管理',1,'2025-11-06 08:02:03','2025-11-06 08:02:03','2025-11-06 08:02:03',NULL,NULL,NULL,NULL,0,NULL,NULL),(375,60,'2025-11-01',7.58,0.00,0.00,'批量考勤管理',1,'2025-11-06 08:02:03','2025-11-06 08:02:03','2025-11-06 08:02:03',NULL,NULL,NULL,NULL,0,NULL,NULL),(376,77,'2025-11-01',7.58,0.00,0.00,'批量考勤管理',1,'2025-11-06 08:02:03','2025-11-06 08:02:03','2025-11-06 08:02:03',NULL,NULL,NULL,NULL,0,NULL,NULL),(377,71,'2025-11-01',7.58,0.00,0.00,'批量考勤管理',1,'2025-11-06 08:02:03','2025-11-06 08:02:03','2025-11-06 08:02:03',NULL,NULL,NULL,NULL,0,NULL,NULL),(378,67,'2025-11-01',7.58,0.00,0.00,'批量考勤管理',1,'2025-11-06 08:02:03','2025-11-06 08:02:03','2025-11-06 08:02:03',NULL,NULL,NULL,NULL,0,NULL,NULL),(379,75,'2025-11-01',7.58,0.00,0.00,'批量考勤管理',1,'2025-11-06 08:02:03','2025-11-06 08:02:03','2025-11-06 08:02:03',NULL,NULL,NULL,NULL,0,NULL,NULL),(380,54,'2025-11-01',7.58,0.00,0.00,'批量考勤管理',1,'2025-11-06 08:02:03','2025-11-06 08:02:03','2025-11-06 08:02:03',NULL,NULL,NULL,NULL,0,NULL,NULL),(381,64,'2025-11-01',7.58,0.00,0.00,'批量考勤管理',1,'2025-11-06 08:02:03','2025-11-06 08:02:03','2025-11-06 08:02:03',NULL,NULL,NULL,NULL,0,NULL,NULL),(382,70,'2025-11-01',7.58,0.00,0.00,'批量考勤管理',1,'2025-11-06 08:02:03','2025-11-06 08:02:03','2025-11-06 08:02:03',NULL,NULL,NULL,NULL,0,NULL,NULL),(383,85,'2025-11-01',7.58,0.00,0.00,'批量考勤管理',1,'2025-11-06 08:02:03','2025-11-06 08:02:03','2025-11-06 08:02:03',NULL,NULL,NULL,NULL,0,NULL,NULL),(384,80,'2025-11-01',7.58,0.00,0.00,'批量考勤管理',1,'2025-11-06 08:02:03','2025-11-06 08:02:03','2025-11-06 08:02:03',NULL,NULL,NULL,NULL,0,NULL,NULL),(385,84,'2025-11-01',7.58,0.00,0.00,'批量考勤管理',1,'2025-11-06 08:02:03','2025-11-06 08:02:03','2025-11-06 08:02:03',NULL,NULL,NULL,NULL,0,NULL,NULL),(386,79,'2025-12-10',7.58,0.00,0.00,'批量考勤管理',1,'2025-12-11 06:36:02','2025-12-10 07:25:46','2025-12-11 06:36:02',NULL,NULL,NULL,NULL,0,NULL,NULL),(387,69,'2025-12-10',7.58,0.00,0.00,'批量考勤管理',1,'2025-12-11 06:36:02','2025-12-10 07:29:07','2025-12-11 06:36:02',NULL,NULL,NULL,NULL,0,NULL,NULL),(388,79,'2025-12-11',7.58,2.00,9.33,NULL,1,'2025-12-11 10:19:36','2025-12-11 05:59:24','2025-12-11 10:19:36','18:20','20:20','08:30','17:50',1,1,'2025-12-11 06:48:44'),(389,69,'2025-12-11',7.58,0.00,0.00,'批量考勤管理',1,'2025-12-11 06:35:05','2025-12-11 06:24:11','2025-12-11 06:48:49',NULL,NULL,NULL,NULL,1,1,'2025-12-11 06:48:49'),(390,63,'2025-12-11',7.58,2.00,2.33,NULL,1,'2025-12-11 09:59:31','2025-12-11 06:24:11','2025-12-11 09:59:31','18:20','20:20','11:00','13:20',0,NULL,NULL),(391,74,'2025-12-11',7.58,2.00,0.00,NULL,1,'2025-12-11 10:00:38','2025-12-11 06:24:11','2025-12-11 10:00:38','18:20','20:20',NULL,NULL,0,NULL,NULL),(392,65,'2025-12-11',7.58,0.00,0.00,'批量考勤管理',1,'2025-12-11 06:35:05','2025-12-11 06:24:11','2025-12-11 06:35:05',NULL,NULL,NULL,NULL,0,NULL,NULL),(393,59,'2025-12-11',7.58,0.00,0.00,'批量考勤管理',1,'2025-12-11 06:35:05','2025-12-11 06:24:11','2025-12-11 06:35:05',NULL,NULL,NULL,NULL,0,NULL,NULL),(394,81,'2025-12-11',7.58,0.00,0.00,'批量考勤管理',1,'2025-12-11 06:35:05','2025-12-11 06:24:11','2025-12-11 06:35:05',NULL,NULL,NULL,NULL,0,NULL,NULL),(395,82,'2025-12-11',7.58,0.00,0.00,'批量考勤管理',1,'2025-12-11 06:35:05','2025-12-11 06:24:11','2025-12-11 06:35:05',NULL,NULL,NULL,NULL,0,NULL,NULL),(396,55,'2025-12-11',7.58,0.00,0.00,'批量考勤管理',1,'2025-12-11 06:35:05','2025-12-11 06:24:11','2025-12-11 06:35:05',NULL,NULL,NULL,NULL,0,NULL,NULL),(397,50,'2025-12-11',7.58,0.00,0.00,'批量考勤管理',1,'2025-12-11 06:35:05','2025-12-11 06:24:11','2025-12-11 06:35:05',NULL,NULL,NULL,NULL,0,NULL,NULL),(398,52,'2025-12-11',7.58,0.00,0.00,'批量考勤管理',1,'2025-12-11 06:35:05','2025-12-11 06:24:11','2025-12-11 06:35:05',NULL,NULL,NULL,NULL,0,NULL,NULL),(399,51,'2025-12-11',7.58,0.00,0.00,'批量考勤管理',1,'2025-12-11 06:35:05','2025-12-11 06:24:11','2025-12-11 06:35:05',NULL,NULL,NULL,NULL,0,NULL,NULL),(400,57,'2025-12-11',7.58,0.00,0.00,'批量考勤管理',1,'2025-12-11 06:35:05','2025-12-11 06:24:11','2025-12-11 06:35:05',NULL,NULL,NULL,NULL,0,NULL,NULL),(401,58,'2025-12-11',7.58,0.00,0.00,'批量考勤管理',1,'2025-12-11 06:35:05','2025-12-11 06:24:11','2025-12-11 06:35:05',NULL,NULL,NULL,NULL,0,NULL,NULL),(402,56,'2025-12-11',7.58,0.00,0.00,'批量考勤管理',1,'2025-12-11 06:35:05','2025-12-11 06:24:11','2025-12-11 06:35:05',NULL,NULL,NULL,NULL,0,NULL,NULL),(403,76,'2025-12-11',7.58,0.00,0.00,'批量考勤管理',1,'2025-12-11 06:35:05','2025-12-11 06:24:11','2025-12-11 06:35:05',NULL,NULL,NULL,NULL,0,NULL,NULL),(404,68,'2025-12-11',7.58,0.00,0.00,'批量考勤管理',1,'2025-12-11 06:35:05','2025-12-11 06:24:11','2025-12-11 06:35:05',NULL,NULL,NULL,NULL,0,NULL,NULL),(405,83,'2025-12-11',7.58,0.00,0.00,'批量考勤管理',1,'2025-12-11 06:35:05','2025-12-11 06:24:11','2025-12-11 06:35:05',NULL,NULL,NULL,NULL,0,NULL,NULL),(406,73,'2025-12-11',7.58,0.00,0.00,'批量考勤管理',1,'2025-12-11 06:35:05','2025-12-11 06:24:11','2025-12-11 06:35:05',NULL,NULL,NULL,NULL,0,NULL,NULL),(407,72,'2025-12-11',7.58,0.00,0.00,'批量考勤管理',1,'2025-12-11 06:35:05','2025-12-11 06:24:11','2025-12-11 06:35:05',NULL,NULL,NULL,NULL,0,NULL,NULL),(408,66,'2025-12-11',7.58,0.00,0.00,'批量考勤管理',1,'2025-12-11 06:35:05','2025-12-11 06:24:11','2025-12-11 06:35:05',NULL,NULL,NULL,NULL,0,NULL,NULL),(409,78,'2025-12-11',7.58,0.00,0.00,'批量考勤管理',1,'2025-12-11 06:35:05','2025-12-11 06:24:11','2025-12-11 06:35:05',NULL,NULL,NULL,NULL,0,NULL,NULL),(410,60,'2025-12-11',7.58,0.00,0.00,'批量考勤管理',1,'2025-12-11 06:35:05','2025-12-11 06:24:11','2025-12-11 06:35:05',NULL,NULL,NULL,NULL,0,NULL,NULL),(411,77,'2025-12-11',7.58,0.00,0.00,'批量考勤管理',1,'2025-12-11 06:35:05','2025-12-11 06:24:11','2025-12-11 06:35:05',NULL,NULL,NULL,NULL,0,NULL,NULL),(412,71,'2025-12-11',7.58,0.00,0.00,'批量考勤管理',1,'2025-12-11 06:35:05','2025-12-11 06:24:11','2025-12-11 06:35:05',NULL,NULL,NULL,NULL,0,NULL,NULL),(413,67,'2025-12-11',7.58,0.00,0.00,'批量考勤管理',1,'2025-12-11 06:35:05','2025-12-11 06:24:11','2025-12-11 06:35:05',NULL,NULL,NULL,NULL,0,NULL,NULL),(414,75,'2025-12-11',7.58,0.00,0.00,'批量考勤管理',1,'2025-12-11 06:35:05','2025-12-11 06:24:11','2025-12-11 06:35:05',NULL,NULL,NULL,NULL,0,NULL,NULL),(415,54,'2025-12-11',7.58,0.00,0.00,'批量考勤管理',1,'2025-12-11 06:35:05','2025-12-11 06:24:11','2025-12-11 06:35:05',NULL,NULL,NULL,NULL,0,NULL,NULL),(416,64,'2025-12-11',7.58,0.00,0.00,'批量考勤管理',1,'2025-12-11 06:35:05','2025-12-11 06:24:11','2025-12-11 06:35:05',NULL,NULL,NULL,NULL,0,NULL,NULL),(417,70,'2025-12-11',7.58,0.00,0.00,'批量考勤管理',1,'2025-12-11 06:35:05','2025-12-11 06:24:11','2025-12-11 06:35:05',NULL,NULL,NULL,NULL,0,NULL,NULL),(418,85,'2025-12-11',7.58,0.00,0.00,'批量考勤管理',1,'2025-12-11 06:35:05','2025-12-11 06:24:11','2025-12-11 06:35:05',NULL,NULL,NULL,NULL,0,NULL,NULL),(419,80,'2025-12-11',7.58,0.00,0.00,'批量考勤管理',1,'2025-12-11 06:35:05','2025-12-11 06:24:11','2025-12-11 06:35:05',NULL,NULL,NULL,NULL,0,NULL,NULL),(420,84,'2025-12-11',7.58,0.00,0.00,'批量考勤管理',1,'2025-12-11 06:35:05','2025-12-11 06:24:11','2025-12-11 06:35:05',NULL,NULL,NULL,NULL,0,NULL,NULL),(421,63,'2025-12-10',7.58,0.00,0.00,'批量考勤管理',1,'2025-12-11 06:36:02','2025-12-11 06:36:02','2025-12-11 06:36:02',NULL,NULL,NULL,NULL,0,NULL,NULL),(422,74,'2025-12-10',7.58,0.00,0.00,'批量考勤管理',1,'2025-12-11 06:36:02','2025-12-11 06:36:02','2025-12-11 06:36:02',NULL,NULL,NULL,NULL,0,NULL,NULL),(423,65,'2025-12-10',7.58,0.00,0.00,'批量考勤管理',1,'2025-12-11 06:36:02','2025-12-11 06:36:02','2025-12-11 06:36:02',NULL,NULL,NULL,NULL,0,NULL,NULL),(424,59,'2025-12-10',7.58,0.00,0.00,'批量考勤管理',1,'2025-12-11 06:36:02','2025-12-11 06:36:02','2025-12-11 06:36:02',NULL,NULL,NULL,NULL,0,NULL,NULL),(425,81,'2025-12-10',7.58,0.00,0.00,'批量考勤管理',1,'2025-12-11 06:36:02','2025-12-11 06:36:02','2025-12-11 06:36:02',NULL,NULL,NULL,NULL,0,NULL,NULL),(426,82,'2025-12-10',7.58,0.00,0.00,'批量考勤管理',1,'2025-12-11 06:36:02','2025-12-11 06:36:02','2025-12-11 06:36:02',NULL,NULL,NULL,NULL,0,NULL,NULL),(427,55,'2025-12-10',7.58,0.00,0.00,'批量考勤管理',1,'2025-12-11 06:36:02','2025-12-11 06:36:02','2025-12-11 06:36:02',NULL,NULL,NULL,NULL,0,NULL,NULL),(428,50,'2025-12-10',7.58,0.00,0.00,'批量考勤管理',1,'2025-12-11 06:36:02','2025-12-11 06:36:02','2025-12-11 06:36:02',NULL,NULL,NULL,NULL,0,NULL,NULL),(429,52,'2025-12-10',7.58,0.00,0.00,'批量考勤管理',1,'2025-12-11 06:36:02','2025-12-11 06:36:02','2025-12-11 06:36:02',NULL,NULL,NULL,NULL,0,NULL,NULL),(430,51,'2025-12-10',7.58,0.00,0.00,'批量考勤管理',1,'2025-12-11 06:36:02','2025-12-11 06:36:02','2025-12-11 06:36:02',NULL,NULL,NULL,NULL,0,NULL,NULL),(431,57,'2025-12-10',7.58,0.00,0.00,'批量考勤管理',1,'2025-12-11 06:36:02','2025-12-11 06:36:02','2025-12-11 06:36:02',NULL,NULL,NULL,NULL,0,NULL,NULL),(432,58,'2025-12-10',7.58,0.00,0.00,'批量考勤管理',1,'2025-12-11 06:36:02','2025-12-11 06:36:02','2025-12-11 06:36:02',NULL,NULL,NULL,NULL,0,NULL,NULL),(433,56,'2025-12-10',7.58,0.00,0.00,'批量考勤管理',1,'2025-12-11 06:36:02','2025-12-11 06:36:02','2025-12-11 06:36:02',NULL,NULL,NULL,NULL,0,NULL,NULL),(434,76,'2025-12-10',7.58,0.00,0.00,'批量考勤管理',1,'2025-12-11 06:36:02','2025-12-11 06:36:02','2025-12-11 06:36:02',NULL,NULL,NULL,NULL,0,NULL,NULL),(435,68,'2025-12-10',7.58,0.00,0.00,'批量考勤管理',1,'2025-12-11 06:36:02','2025-12-11 06:36:02','2025-12-11 06:36:02',NULL,NULL,NULL,NULL,0,NULL,NULL),(436,83,'2025-12-10',7.58,0.00,0.00,'批量考勤管理',1,'2025-12-11 06:36:02','2025-12-11 06:36:02','2025-12-11 06:36:02',NULL,NULL,NULL,NULL,0,NULL,NULL),(437,73,'2025-12-10',7.58,0.00,0.00,'批量考勤管理',1,'2025-12-11 06:36:02','2025-12-11 06:36:02','2025-12-11 06:36:02',NULL,NULL,NULL,NULL,0,NULL,NULL),(438,72,'2025-12-10',7.58,0.00,0.00,'批量考勤管理',1,'2025-12-11 06:36:02','2025-12-11 06:36:02','2025-12-11 06:36:02',NULL,NULL,NULL,NULL,0,NULL,NULL),(439,66,'2025-12-10',7.58,0.00,0.00,'批量考勤管理',1,'2025-12-11 06:36:02','2025-12-11 06:36:02','2025-12-11 06:36:02',NULL,NULL,NULL,NULL,0,NULL,NULL),(440,78,'2025-12-10',7.58,0.00,0.00,'批量考勤管理',1,'2025-12-11 06:36:02','2025-12-11 06:36:02','2025-12-11 06:36:02',NULL,NULL,NULL,NULL,0,NULL,NULL),(441,60,'2025-12-10',7.58,0.00,0.00,'批量考勤管理',1,'2025-12-11 06:36:02','2025-12-11 06:36:02','2025-12-11 06:36:02',NULL,NULL,NULL,NULL,0,NULL,NULL),(442,77,'2025-12-10',7.58,0.00,0.00,'批量考勤管理',1,'2025-12-11 06:36:02','2025-12-11 06:36:02','2025-12-11 06:36:02',NULL,NULL,NULL,NULL,0,NULL,NULL),(443,71,'2025-12-10',7.58,0.00,0.00,'批量考勤管理',1,'2025-12-11 06:36:02','2025-12-11 06:36:02','2025-12-11 06:36:02',NULL,NULL,NULL,NULL,0,NULL,NULL),(444,67,'2025-12-10',7.58,0.00,0.00,'批量考勤管理',1,'2025-12-11 06:36:02','2025-12-11 06:36:02','2025-12-11 06:36:02',NULL,NULL,NULL,NULL,0,NULL,NULL),(445,75,'2025-12-10',7.58,0.00,0.00,'批量考勤管理',1,'2025-12-11 06:36:02','2025-12-11 06:36:02','2025-12-11 06:36:02',NULL,NULL,NULL,NULL,0,NULL,NULL),(446,54,'2025-12-10',7.58,0.00,0.00,'批量考勤管理',1,'2025-12-11 06:36:02','2025-12-11 06:36:02','2025-12-11 06:36:02',NULL,NULL,NULL,NULL,0,NULL,NULL),(447,64,'2025-12-10',7.58,0.00,0.00,'批量考勤管理',1,'2025-12-11 06:36:02','2025-12-11 06:36:02','2025-12-11 06:36:02',NULL,NULL,NULL,NULL,0,NULL,NULL),(448,70,'2025-12-10',7.58,0.00,0.00,'批量考勤管理',1,'2025-12-11 06:36:02','2025-12-11 06:36:02','2025-12-11 06:36:02',NULL,NULL,NULL,NULL,0,NULL,NULL),(449,85,'2025-12-10',7.58,0.00,0.00,'批量考勤管理',1,'2025-12-11 06:36:02','2025-12-11 06:36:02','2025-12-11 06:36:02',NULL,NULL,NULL,NULL,0,NULL,NULL),(450,80,'2025-12-10',7.58,0.00,0.00,'批量考勤管理',1,'2025-12-11 06:36:02','2025-12-11 06:36:02','2025-12-11 06:36:02',NULL,NULL,NULL,NULL,0,NULL,NULL),(451,84,'2025-12-10',7.58,0.00,0.00,'批量考勤管理',1,'2025-12-11 06:36:02','2025-12-11 06:36:02','2025-12-11 06:36:02',NULL,NULL,NULL,NULL,0,NULL,NULL),(452,79,'2025-12-09',7.58,0.00,0.00,'批量考勤管理',1,'2025-12-11 06:36:40','2025-12-11 06:36:40','2025-12-11 06:36:40',NULL,NULL,NULL,NULL,0,NULL,NULL),(453,69,'2025-12-09',7.58,0.00,0.00,'批量考勤管理',1,'2025-12-11 06:36:40','2025-12-11 06:36:40','2025-12-11 06:36:40',NULL,NULL,NULL,NULL,0,NULL,NULL),(454,63,'2025-12-09',7.58,0.00,0.00,'批量考勤管理',1,'2025-12-11 06:36:40','2025-12-11 06:36:40','2025-12-11 06:36:40',NULL,NULL,NULL,NULL,0,NULL,NULL),(455,74,'2025-12-09',7.58,0.00,0.00,'批量考勤管理',1,'2025-12-11 06:36:40','2025-12-11 06:36:40','2025-12-11 06:36:40',NULL,NULL,NULL,NULL,0,NULL,NULL),(456,65,'2025-12-09',7.58,0.00,0.00,'批量考勤管理',1,'2025-12-11 06:36:40','2025-12-11 06:36:40','2025-12-11 06:36:40',NULL,NULL,NULL,NULL,0,NULL,NULL),(457,59,'2025-12-09',7.58,0.00,0.00,'批量考勤管理',1,'2025-12-11 06:36:40','2025-12-11 06:36:40','2025-12-11 06:36:40',NULL,NULL,NULL,NULL,0,NULL,NULL),(458,81,'2025-12-09',7.58,0.00,0.00,'批量考勤管理',1,'2025-12-11 06:36:40','2025-12-11 06:36:40','2025-12-11 06:36:40',NULL,NULL,NULL,NULL,0,NULL,NULL),(459,82,'2025-12-09',7.58,0.00,0.00,'批量考勤管理',1,'2025-12-11 06:36:40','2025-12-11 06:36:40','2025-12-11 06:36:40',NULL,NULL,NULL,NULL,0,NULL,NULL),(460,55,'2025-12-09',7.58,0.00,0.00,'批量考勤管理',1,'2025-12-11 06:36:40','2025-12-11 06:36:40','2025-12-11 06:36:40',NULL,NULL,NULL,NULL,0,NULL,NULL),(461,50,'2025-12-09',7.58,0.00,0.00,'批量考勤管理',1,'2025-12-11 06:36:40','2025-12-11 06:36:40','2025-12-11 06:36:40',NULL,NULL,NULL,NULL,0,NULL,NULL),(462,52,'2025-12-09',7.58,0.00,0.00,'批量考勤管理',1,'2025-12-11 06:36:40','2025-12-11 06:36:40','2025-12-11 06:36:40',NULL,NULL,NULL,NULL,0,NULL,NULL),(463,51,'2025-12-09',7.58,0.00,0.00,'批量考勤管理',1,'2025-12-11 06:36:40','2025-12-11 06:36:40','2025-12-11 06:36:40',NULL,NULL,NULL,NULL,0,NULL,NULL),(464,57,'2025-12-09',7.58,0.00,0.00,'批量考勤管理',1,'2025-12-11 06:36:40','2025-12-11 06:36:40','2025-12-11 06:36:40',NULL,NULL,NULL,NULL,0,NULL,NULL),(465,58,'2025-12-09',7.58,0.00,0.00,'批量考勤管理',1,'2025-12-11 06:36:40','2025-12-11 06:36:40','2025-12-11 06:36:40',NULL,NULL,NULL,NULL,0,NULL,NULL),(466,56,'2025-12-09',7.58,0.00,0.00,'批量考勤管理',1,'2025-12-11 06:36:40','2025-12-11 06:36:40','2025-12-11 06:36:40',NULL,NULL,NULL,NULL,0,NULL,NULL),(467,76,'2025-12-09',7.58,0.00,0.00,'批量考勤管理',1,'2025-12-11 06:36:40','2025-12-11 06:36:40','2025-12-11 06:36:40',NULL,NULL,NULL,NULL,0,NULL,NULL),(468,68,'2025-12-09',7.58,0.00,0.00,'批量考勤管理',1,'2025-12-11 06:36:40','2025-12-11 06:36:40','2025-12-11 06:36:40',NULL,NULL,NULL,NULL,0,NULL,NULL),(469,83,'2025-12-09',7.58,0.00,0.00,'批量考勤管理',1,'2025-12-11 06:36:40','2025-12-11 06:36:40','2025-12-11 06:36:40',NULL,NULL,NULL,NULL,0,NULL,NULL),(470,73,'2025-12-09',7.58,0.00,0.00,'批量考勤管理',1,'2025-12-11 06:36:40','2025-12-11 06:36:40','2025-12-11 06:36:40',NULL,NULL,NULL,NULL,0,NULL,NULL),(471,72,'2025-12-09',7.58,0.00,0.00,'批量考勤管理',1,'2025-12-11 06:36:40','2025-12-11 06:36:40','2025-12-11 06:36:40',NULL,NULL,NULL,NULL,0,NULL,NULL),(472,66,'2025-12-09',7.58,0.00,0.00,'批量考勤管理',1,'2025-12-11 06:36:40','2025-12-11 06:36:40','2025-12-11 06:36:40',NULL,NULL,NULL,NULL,0,NULL,NULL),(473,78,'2025-12-09',7.58,0.00,0.00,'批量考勤管理',1,'2025-12-11 06:36:40','2025-12-11 06:36:40','2025-12-11 06:36:40',NULL,NULL,NULL,NULL,0,NULL,NULL),(474,60,'2025-12-09',7.58,0.00,0.00,'批量考勤管理',1,'2025-12-11 06:36:40','2025-12-11 06:36:40','2025-12-11 06:36:40',NULL,NULL,NULL,NULL,0,NULL,NULL),(475,77,'2025-12-09',7.58,0.00,0.00,'批量考勤管理',1,'2025-12-11 06:36:40','2025-12-11 06:36:40','2025-12-11 06:36:40',NULL,NULL,NULL,NULL,0,NULL,NULL),(476,71,'2025-12-09',7.58,0.00,0.00,'批量考勤管理',1,'2025-12-11 06:36:40','2025-12-11 06:36:40','2025-12-11 06:36:40',NULL,NULL,NULL,NULL,0,NULL,NULL),(477,67,'2025-12-09',7.58,0.00,0.00,'批量考勤管理',1,'2025-12-11 06:36:40','2025-12-11 06:36:40','2025-12-11 06:36:40',NULL,NULL,NULL,NULL,0,NULL,NULL),(478,75,'2025-12-09',7.58,0.00,0.00,'批量考勤管理',1,'2025-12-11 06:36:40','2025-12-11 06:36:40','2025-12-11 06:36:40',NULL,NULL,NULL,NULL,0,NULL,NULL),(479,54,'2025-12-09',7.58,0.00,0.00,'批量考勤管理',1,'2025-12-11 06:36:40','2025-12-11 06:36:40','2025-12-11 06:36:40',NULL,NULL,NULL,NULL,0,NULL,NULL),(480,64,'2025-12-09',7.58,0.00,0.00,'批量考勤管理',1,'2025-12-11 06:36:40','2025-12-11 06:36:40','2025-12-11 06:36:40',NULL,NULL,NULL,NULL,0,NULL,NULL),(481,70,'2025-12-09',7.58,0.00,0.00,'批量考勤管理',1,'2025-12-11 06:36:40','2025-12-11 06:36:40','2025-12-11 06:36:40',NULL,NULL,NULL,NULL,0,NULL,NULL),(482,85,'2025-12-09',7.58,0.00,0.00,'批量考勤管理',1,'2025-12-11 06:36:40','2025-12-11 06:36:40','2025-12-11 06:36:40',NULL,NULL,NULL,NULL,0,NULL,NULL),(483,80,'2025-12-09',7.58,0.00,0.00,'批量考勤管理',1,'2025-12-11 06:36:40','2025-12-11 06:36:40','2025-12-11 06:36:40',NULL,NULL,NULL,NULL,0,NULL,NULL),(484,84,'2025-12-09',7.58,0.00,0.00,'批量考勤管理',1,'2025-12-11 06:36:40','2025-12-11 06:36:40','2025-12-11 06:36:40',NULL,NULL,NULL,NULL,0,NULL,NULL),(485,78,'2025-10-19',0.00,0.00,0.00,'邓嘉恩',1,'2025-12-18 08:05:13','2025-12-18 08:04:26','2025-12-18 08:05:16',NULL,NULL,NULL,NULL,1,1,'2025-12-18 08:05:16');
/*!40000 ALTER TABLE `daily_attendance` ENABLE KEYS */;
UNLOCK TABLES;

--
-- Table structure for table `exception_reports`
--

DROP TABLE IF EXISTS `exception_reports`;
/*!40101 SET @saved_cs_client     = @@character_set_client */;
/*!50503 SET character_set_client = utf8mb4 */;
CREATE TABLE `exception_reports` (
  `id` int NOT NULL AUTO_INCREMENT,
  `task_id` int NOT NULL,
  `user_id` int NOT NULL,
  `exception_type` enum('缺料','来料不良','改造类（研发售后或生产不良）','临时安排任务') COLLATE utf8mb4_general_ci NOT NULL,
  `title` varchar(255) COLLATE utf8mb4_general_ci NOT NULL,
  `description` text COLLATE utf8mb4_general_ci NOT NULL,
  `exception_time` datetime DEFAULT NULL COMMENT '异常发生时间',
  `exception_start_time` time DEFAULT NULL COMMENT '异常开始时间',
  `exception_end_time` time DEFAULT NULL COMMENT '异常结束时间',
  `exception_start_datetime` datetime DEFAULT NULL COMMENT '异常开始日期时间',
  `exception_end_datetime` datetime DEFAULT NULL COMMENT '异常结束日期时间',
  `impact_level` enum('低','中','高','紧急') COLLATE utf8mb4_general_ci DEFAULT '中',
  `status` enum('pending','pending_second_approval','pending_staff_confirmation','staff_confirmed','approved','rejected','processing','resolved') COLLATE utf8mb4_general_ci DEFAULT 'pending',
  `submitted_at` timestamp NOT NULL DEFAULT CURRENT_TIMESTAMP,
  `approved_by` int DEFAULT NULL,
  `approved_at` timestamp NULL DEFAULT NULL,
  `approval_note` text COLLATE utf8mb4_general_ci,
  `resolved_at` timestamp NULL DEFAULT NULL,
  `resolution_note` text COLLATE utf8mb4_general_ci,
  `created_at` timestamp NOT NULL DEFAULT CURRENT_TIMESTAMP,
  `updated_at` timestamp NOT NULL DEFAULT CURRENT_TIMESTAMP ON UPDATE CURRENT_TIMESTAMP,
  `image_path` varchar(500) COLLATE utf8mb4_general_ci DEFAULT NULL COMMENT '异常图片路径',
  `first_approver_id` int DEFAULT NULL COMMENT '一级审批人ID（主管）',
  `first_approved_at` datetime DEFAULT NULL COMMENT '一级审批时间',
  `first_approval_note` text COLLATE utf8mb4_general_ci COMMENT '一级审批备注',
  `second_approver_id` int DEFAULT NULL COMMENT '二级审批人ID（经理）',
  `second_approved_at` datetime DEFAULT NULL COMMENT '二级审批时间',
  `second_approval_note` text COLLATE utf8mb4_general_ci COMMENT '二级审批备注',
  `modified_exception_type` varchar(100) COLLATE utf8mb4_general_ci DEFAULT NULL COMMENT '主管修改后的异常类型',
  `modified_description` text COLLATE utf8mb4_general_ci COMMENT '主管修改后的异常描述',
  `modified_start_datetime` datetime DEFAULT NULL COMMENT '主管修改后的异常开始时间',
  `modified_end_datetime` datetime DEFAULT NULL COMMENT '主管修改后的异常结束时间',
  `assigned_to_staff_id` int DEFAULT NULL COMMENT '转给staff确认的用户ID',
  `staff_confirmed_at` datetime DEFAULT NULL COMMENT 'staff确认时间',
  `staff_confirmation_note` text COLLATE utf8mb4_general_ci COMMENT 'staff确认备注',
  PRIMARY KEY (`id`),
  KEY `idx_task_user` (`task_id`,`user_id`),
  KEY `idx_status` (`status`),
  KEY `idx_exception_type` (`exception_type`),
  KEY `idx_submitted_at` (`submitted_at`),
  KEY `user_id` (`user_id`),
  KEY `approved_by` (`approved_by`),
  KEY `fk_first_approver` (`first_approver_id`),
  KEY `fk_second_approver` (`second_approver_id`),
  KEY `assigned_to_staff_id` (`assigned_to_staff_id`),
  CONSTRAINT `exception_reports_ibfk_1` FOREIGN KEY (`task_id`) REFERENCES `tasks` (`id`) ON DELETE CASCADE,
  CONSTRAINT `exception_reports_ibfk_2` FOREIGN KEY (`user_id`) REFERENCES `users` (`id`) ON DELETE CASCADE,
  CONSTRAINT `exception_reports_ibfk_3` FOREIGN KEY (`approved_by`) REFERENCES `users` (`id`) ON DELETE SET NULL,
  CONSTRAINT `exception_reports_ibfk_4` FOREIGN KEY (`assigned_to_staff_id`) REFERENCES `users` (`id`) ON DELETE SET NULL,
  CONSTRAINT `fk_first_approver` FOREIGN KEY (`first_approver_id`) REFERENCES `users` (`id`) ON DELETE SET NULL,
  CONSTRAINT `fk_second_approver` FOREIGN KEY (`second_approver_id`) REFERENCES `users` (`id`) ON DELETE SET NULL
) ENGINE=InnoDB AUTO_INCREMENT=17 DEFAULT CHARSET=utf8mb4 COLLATE=utf8mb4_general_ci;
/*!40101 SET character_set_client = @saved_cs_client */;

--
-- Dumping data for table `exception_reports`
--

LOCK TABLES `exception_reports` WRITE;
/*!40000 ALTER TABLE `exception_reports` DISABLE KEYS */;
INSERT INTO `exception_reports` VALUES (1,182,59,'临时安排任务','','自检打点',NULL,NULL,NULL,'2025-10-20 18:20:00','2025-10-20 19:20:00','中','approved','2025-11-05 09:00:10',61,'2025-11-05 09:01:02',NULL,NULL,NULL,'2025-11-05 09:00:10','2025-11-05 09:01:02','/uploads/exceptions/exception_1762333210075.jpeg',NULL,NULL,NULL,NULL,NULL,NULL,NULL,NULL,NULL,NULL,NULL,NULL,NULL),(2,124,64,'临时安排任务','','11',NULL,NULL,NULL,'2025-11-06 15:30:00','2025-11-06 16:00:00','中','approved','2025-11-06 07:50:33',61,'2025-11-06 07:54:55',NULL,NULL,NULL,'2025-11-06 07:50:33','2025-11-06 07:54:55','/uploads/exceptions/exception_1762415433718.jpeg',NULL,NULL,NULL,NULL,NULL,NULL,NULL,NULL,NULL,NULL,NULL,NULL,NULL),(3,124,64,'缺料','','11',NULL,NULL,NULL,'2025-11-07 10:30:00','2025-11-07 11:00:00','中','approved','2025-11-07 02:35:20',61,NULL,NULL,NULL,NULL,'2025-11-07 02:35:20','2025-11-07 03:12:30',NULL,61,'2025-11-07 10:37:29',NULL,86,'2025-11-07 11:12:30',NULL,'缺料','11','2025-11-07 10:30:00','2025-11-07 11:00:00',NULL,NULL,NULL),(4,124,64,'缺料','','1',NULL,NULL,NULL,'2025-11-07 10:30:00','2025-11-07 11:00:00','中','rejected','2025-11-07 02:42:25',61,NULL,NULL,NULL,NULL,'2025-11-07 02:42:25','2025-11-07 03:14:07',NULL,61,'2025-11-07 10:42:58',NULL,86,'2025-11-07 11:14:07',NULL,'缺料','1','2025-11-07 10:30:00','2025-11-07 11:00:00',NULL,NULL,NULL),(5,123,50,'缺料','','测试异常报告 - 用于测试二级审批功能',NULL,NULL,NULL,'2025-11-07 02:45:49','2025-11-07 03:45:49','中','pending_second_approval','2025-11-07 02:45:49',NULL,NULL,NULL,NULL,NULL,'2025-11-07 02:45:49','2025-11-07 02:46:26',NULL,NULL,'2025-11-07 10:45:49','一级审批已通过，等待经理二级审批',NULL,NULL,NULL,NULL,NULL,NULL,NULL,NULL,NULL,NULL),(6,123,50,'缺料','','测试异常报告 - 用于测试主管一级审批功能。这是一个测试报告，可以用于验证主管审批流程。',NULL,NULL,NULL,'2025-11-07 01:50:51','2025-11-07 02:50:51','中','pending_second_approval','2025-11-07 02:50:51',NULL,NULL,NULL,NULL,NULL,'2025-11-07 02:50:51','2025-11-07 03:11:33',NULL,61,'2025-11-07 11:11:33',NULL,NULL,NULL,NULL,'缺料','测试异常报告 - 用于测试主管一级审批功能。这是一个测试报告，可以用于验证主管审批流程。','2025-11-07 01:50:00','2025-11-07 02:50:00',NULL,NULL,NULL),(7,124,64,'改造类（研发售后或生产不良）','','11',NULL,NULL,NULL,'2025-11-07 11:00:00','2025-11-07 11:30:00','中','approved','2025-11-07 03:23:16',61,NULL,NULL,NULL,NULL,'2025-11-07 03:23:16','2025-11-07 03:26:42',NULL,61,'2025-11-07 11:25:48',NULL,86,'2025-11-07 11:26:42',NULL,NULL,NULL,'2025-11-07 10:00:00',NULL,NULL,NULL,NULL),(8,153,74,'缺料','','1',NULL,NULL,NULL,'2025-11-25 09:30:00','2025-11-25 10:00:00','中','approved','2025-11-25 01:51:55',87,NULL,NULL,NULL,NULL,'2025-11-25 01:51:55','2025-11-25 01:58:07',NULL,87,'2025-11-25 09:57:08',NULL,86,'2025-11-25 09:58:07',NULL,NULL,NULL,NULL,NULL,NULL,NULL,NULL),(9,153,74,'来料不良','','1',NULL,NULL,NULL,'2025-11-25 09:30:00','2025-11-25 10:00:00','中','approved','2025-11-25 01:59:01',87,NULL,NULL,NULL,NULL,'2025-11-25 01:59:01','2025-11-25 02:00:10',NULL,87,'2025-11-25 09:59:33',NULL,86,'2025-11-25 10:00:10',NULL,NULL,NULL,NULL,'2025-11-25 10:30:00',NULL,NULL,NULL),(10,128,54,'缺料','','1',NULL,NULL,NULL,'2025-12-12 11:00:00','2025-12-12 11:30:00','中','approved','2025-12-12 03:26:32',61,NULL,NULL,NULL,NULL,'2025-12-12 03:26:32','2025-12-12 03:27:50',NULL,61,'2025-12-12 11:27:13',NULL,86,'2025-12-12 11:27:50',NULL,NULL,NULL,NULL,NULL,NULL,NULL,NULL),(11,128,54,'来料不良','','2',NULL,NULL,NULL,'2025-12-12 11:00:00','2025-12-12 11:30:00','中','approved','2025-12-12 03:26:40',61,NULL,NULL,NULL,NULL,'2025-12-12 03:26:40','2025-12-12 03:27:54',NULL,61,'2025-12-12 11:27:21',NULL,86,'2025-12-12 11:27:54',NULL,NULL,NULL,NULL,NULL,NULL,NULL,NULL),(12,128,54,'改造类（研发售后或生产不良）','','3',NULL,NULL,NULL,'2025-12-12 11:00:00','2025-12-12 11:30:00','中','approved','2025-12-12 03:26:49',61,NULL,NULL,NULL,NULL,'2025-12-12 03:26:49','2025-12-12 03:27:57',NULL,61,'2025-12-12 11:27:18',NULL,86,'2025-12-12 11:27:57',NULL,NULL,NULL,NULL,NULL,NULL,NULL,NULL),(13,128,54,'缺料','','1',NULL,NULL,NULL,'2025-12-12 11:30:00','2025-12-12 12:00:00','中','staff_confirmed','2025-12-12 03:33:59',61,NULL,NULL,NULL,NULL,'2025-12-12 03:33:59','2025-12-12 05:33:17',NULL,61,'2025-12-12 11:38:53',NULL,86,'2025-12-12 11:39:42',NULL,NULL,NULL,NULL,NULL,89,'2025-12-12 13:27:24',NULL),(14,128,54,'来料不良','','2',NULL,NULL,NULL,'2025-12-12 11:30:00','2025-12-12 12:00:00','中','staff_confirmed','2025-12-12 03:34:14',61,NULL,NULL,NULL,NULL,'2025-12-12 03:34:14','2025-12-12 05:33:17',NULL,61,'2025-12-12 11:39:04',NULL,86,'2025-12-12 11:39:44',NULL,NULL,NULL,NULL,NULL,90,'2025-12-12 11:49:34',NULL),(15,128,54,'改造类（研发售后或生产不良）','','3',NULL,NULL,NULL,'2025-12-12 11:30:00','2025-12-12 12:00:00','中','pending_staff_confirmation','2025-12-12 03:34:20',61,NULL,NULL,NULL,NULL,'2025-12-12 03:34:20','2025-12-12 03:47:50',NULL,61,'2025-12-12 11:39:01',NULL,86,'2025-12-12 11:39:46',NULL,NULL,NULL,NULL,NULL,91,NULL,NULL),(16,125,78,'改造类（研发售后或生产不良）','','3',NULL,NULL,NULL,'2025-10-20 18:20:00','2025-10-20 19:20:00','中','approved','2025-12-12 03:34:20',61,NULL,NULL,NULL,NULL,'2025-12-12 03:34:20','2025-12-18 08:23:55',NULL,61,'2025-12-12 11:39:01',NULL,86,'2025-12-12 11:39:46',NULL,NULL,NULL,NULL,NULL,91,NULL,NULL);
/*!40000 ALTER TABLE `exception_reports` ENABLE KEYS */;
UNLOCK TABLES;

--
-- Table structure for table `holidays`
--

DROP TABLE IF EXISTS `holidays`;
/*!40101 SET @saved_cs_client     = @@character_set_client */;
/*!50503 SET character_set_client = utf8mb4 */;
CREATE TABLE `holidays` (
  `id` int NOT NULL AUTO_INCREMENT,
  `date` date NOT NULL,
  `name` varchar(100) COLLATE utf8mb4_general_ci NOT NULL,
  `type` enum('national','company') COLLATE utf8mb4_general_ci DEFAULT 'national',
  `is_working_day` tinyint(1) DEFAULT '0',
  `created_at` timestamp NOT NULL DEFAULT CURRENT_TIMESTAMP,
  `updated_at` timestamp NOT NULL DEFAULT CURRENT_TIMESTAMP ON UPDATE CURRENT_TIMESTAMP,
  PRIMARY KEY (`id`),
  UNIQUE KEY `date` (`date`)
) ENGINE=InnoDB AUTO_INCREMENT=4317 DEFAULT CHARSET=utf8mb4 COLLATE=utf8mb4_general_ci;
/*!40101 SET character_set_client = @saved_cs_client */;

--
-- Dumping data for table `holidays`
--

LOCK TABLES `holidays` WRITE;
/*!40000 ALTER TABLE `holidays` DISABLE KEYS */;
INSERT INTO `holidays` VALUES (332,'2025-01-01','元旦','national',0,'2025-10-21 03:40:16','2025-10-21 03:40:16'),(333,'2025-01-26','调休工作日','national',1,'2025-10-21 03:40:16','2025-10-21 03:40:16'),(334,'2025-01-28','春节','national',0,'2025-10-21 03:40:16','2025-10-21 03:40:16'),(335,'2025-01-29','春节','national',0,'2025-10-21 03:40:16','2025-10-21 03:40:16'),(336,'2025-01-30','春节','national',0,'2025-10-21 03:40:16','2025-10-21 03:40:16'),(337,'2025-01-31','春节','national',0,'2025-10-21 03:40:16','2025-10-21 03:40:16'),(338,'2025-02-01','春节','national',0,'2025-10-21 03:40:16','2025-10-21 03:40:16'),(339,'2025-02-02','春节','national',0,'2025-10-21 03:40:16','2025-10-21 03:40:16'),(340,'2025-02-03','春节','national',0,'2025-10-21 03:40:16','2025-10-21 03:40:16'),(341,'2025-02-08','调休工作日','national',1,'2025-10-21 03:40:16','2025-10-21 03:40:16'),(342,'2025-04-05','清明节','national',0,'2025-10-21 03:40:16','2025-10-21 03:40:16'),(343,'2025-04-06','清明节','national',0,'2025-10-21 03:40:16','2025-10-21 03:40:16'),(344,'2025-04-07','清明节','national',0,'2025-10-21 03:40:16','2025-10-21 03:40:16'),(345,'2025-04-27','调休工作日','national',1,'2025-10-21 03:40:16','2025-10-21 03:40:16'),(346,'2025-05-01','劳动节','national',0,'2025-10-21 03:40:16','2025-10-21 03:40:16'),(347,'2025-05-02','劳动节','national',0,'2025-10-21 03:40:16','2025-10-21 03:40:16'),(348,'2025-05-03','劳动节','national',0,'2025-10-21 03:40:16','2025-10-21 03:40:16'),(349,'2025-05-04','劳动节','national',0,'2025-10-21 03:40:16','2025-10-21 03:40:16'),(350,'2025-05-05','劳动节','national',0,'2025-10-21 03:40:16','2025-10-21 03:40:16'),(351,'2025-06-14','端午节','national',0,'2025-10-21 03:40:16','2025-10-21 03:40:16'),(352,'2025-09-15','中秋节','national',0,'2025-10-21 03:40:16','2025-10-21 03:40:16'),(353,'2025-09-16','中秋节','national',0,'2025-10-21 03:40:16','2025-10-21 03:40:16'),(354,'2025-09-17','中秋节','national',0,'2025-10-21 03:40:16','2025-10-21 03:40:16'),(355,'2025-09-28','调休工作日','national',1,'2025-10-21 03:40:16','2025-10-21 03:40:16'),(356,'2025-10-01','国庆节','national',0,'2025-10-21 03:40:16','2025-10-21 03:40:16'),(357,'2025-10-02','国庆节','national',0,'2025-10-21 03:40:16','2025-10-21 03:40:16'),(358,'2025-10-03','国庆节','national',0,'2025-10-21 03:40:16','2025-10-21 03:40:16'),(359,'2025-10-04','国庆节','national',0,'2025-10-21 03:40:16','2025-10-21 03:40:16'),(360,'2025-10-05','国庆节','national',0,'2025-10-21 03:40:16','2025-10-21 03:40:16'),(361,'2025-10-06','国庆节','national',0,'2025-10-21 03:40:16','2025-10-21 03:40:16'),(362,'2025-10-07','国庆节','national',0,'2025-10-21 03:40:16','2025-10-21 03:40:16'),(363,'2025-10-12','调休工作日','national',1,'2025-10-21 03:40:16','2025-10-21 03:40:16'),(364,'2025-10-08','国庆节','national',0,'2025-10-21 03:41:14','2025-10-21 03:41:14'),(373,'2025-10-11','调休工作日','national',1,'2025-10-21 03:42:45','2025-10-21 03:42:45');
/*!40000 ALTER TABLE `holidays` ENABLE KEYS */;
UNLOCK TABLES;

--
-- Table structure for table `task_time_logs`
--

DROP TABLE IF EXISTS `task_time_logs`;
/*!40101 SET @saved_cs_client     = @@character_set_client */;
/*!50503 SET character_set_client = utf8mb4 */;
CREATE TABLE `task_time_logs` (
  `id` int NOT NULL AUTO_INCREMENT,
  `task_id` int NOT NULL,
  `user_id` int NOT NULL,
  `start_time` datetime NOT NULL,
  `end_time` datetime DEFAULT NULL,
  `total_minutes` int DEFAULT NULL,
  `created_at` timestamp NOT NULL DEFAULT CURRENT_TIMESTAMP,
  PRIMARY KEY (`id`),
  KEY `idx_task_user` (`task_id`,`user_id`),
  KEY `idx_user_open` (`user_id`,`end_time`)
) ENGINE=InnoDB AUTO_INCREMENT=3 DEFAULT CHARSET=utf8mb4 COLLATE=utf8mb4_general_ci;
/*!40101 SET character_set_client = @saved_cs_client */;

--
-- Dumping data for table `task_time_logs`
--

LOCK TABLES `task_time_logs` WRITE;
/*!40000 ALTER TABLE `task_time_logs` DISABLE KEYS */;
INSERT INTO `task_time_logs` VALUES (1,131,79,'2025-11-03 17:55:57',NULL,NULL,'2025-11-03 09:55:57'),(2,124,64,'2025-11-06 15:43:53',NULL,NULL,'2025-11-06 07:43:53');
/*!40000 ALTER TABLE `task_time_logs` ENABLE KEYS */;
UNLOCK TABLES;

--
-- Table structure for table `tasks`
--

DROP TABLE IF EXISTS `tasks`;
/*!40101 SET @saved_cs_client     = @@character_set_client */;
/*!50503 SET character_set_client = utf8mb4 */;
CREATE TABLE `tasks` (
  `id` int NOT NULL AUTO_INCREMENT,
  `name` varchar(200) COLLATE utf8mb4_general_ci NOT NULL,
  `description` text COLLATE utf8mb4_general_ci,
  `status` enum('pending','completed','cancelled') COLLATE utf8mb4_general_ci DEFAULT 'pending',
  `priority` enum('normal','urgent') COLLATE utf8mb4_general_ci NOT NULL DEFAULT 'normal',
  `created_by` int DEFAULT NULL,
  `start_time` datetime DEFAULT NULL,
  `end_time` datetime DEFAULT NULL,
  `estimated_hours` decimal(5,2) DEFAULT NULL,
  `actual_hours` decimal(5,2) DEFAULT NULL,
  `machining_hours_est` decimal(5,2) DEFAULT NULL,
  `electrical_hours_est` decimal(5,2) DEFAULT NULL,
  `pre_assembly_hours_est` decimal(5,2) DEFAULT NULL,
  `post_assembly_hours_est` decimal(5,2) DEFAULT NULL,
  `debugging_hours_est` decimal(5,2) DEFAULT NULL,
  `machining_phase` tinyint(1) DEFAULT '0',
  `electrical_phase` tinyint(1) DEFAULT '0',
  `pre_assembly_phase` tinyint(1) DEFAULT '0',
  `post_assembly_phase` tinyint(1) DEFAULT '0',
  `debugging_phase` tinyint(1) DEFAULT '0',
  `current_phase` enum('machining','electrical','pre_assembly','post_assembly','debugging') COLLATE utf8mb4_general_ci DEFAULT 'machining',
  `machining_start_time` datetime DEFAULT NULL,
  `electrical_start_time` datetime DEFAULT NULL,
  `pre_assembly_start_time` datetime DEFAULT NULL,
  `post_assembly_start_time` datetime DEFAULT NULL,
  `debugging_start_time` datetime DEFAULT NULL,
  `machining_complete_time` datetime DEFAULT NULL,
  `machining_paused_at` datetime DEFAULT NULL,
  `machining_pause_note` text COLLATE utf8mb4_general_ci,
  `electrical_complete_time` datetime DEFAULT NULL,
  `electrical_paused_at` datetime DEFAULT NULL,
  `electrical_pause_note` text COLLATE utf8mb4_general_ci,
  `pre_assembly_complete_time` datetime DEFAULT NULL,
  `pre_assembly_paused_at` datetime DEFAULT NULL,
  `pre_assembly_pause_note` text COLLATE utf8mb4_general_ci,
  `post_assembly_complete_time` datetime DEFAULT NULL,
  `post_assembly_paused_at` datetime DEFAULT NULL,
  `post_assembly_pause_note` text COLLATE utf8mb4_general_ci,
  `debugging_complete_time` datetime DEFAULT NULL,
  `debugging_paused_at` datetime DEFAULT NULL,
  `debugging_pause_note` text COLLATE utf8mb4_general_ci,
  `device_number` varchar(100) COLLATE utf8mb4_general_ci DEFAULT NULL,
  `product_model` varchar(100) COLLATE utf8mb4_general_ci DEFAULT NULL,
  `order_status` varchar(50) COLLATE utf8mb4_general_ci DEFAULT NULL,
  `production_time` datetime DEFAULT NULL,
  `promised_completion_time` datetime DEFAULT NULL,
  `created_at` timestamp NOT NULL DEFAULT CURRENT_TIMESTAMP,
  `updated_at` timestamp NOT NULL DEFAULT CURRENT_TIMESTAMP ON UPDATE CURRENT_TIMESTAMP,
  `machining_assignee` int DEFAULT NULL,
  `electrical_assignee` int DEFAULT NULL,
  `pre_assembly_assignee` int DEFAULT NULL,
  `post_assembly_assignee` int DEFAULT NULL,
  `debugging_assignee` int DEFAULT NULL,
  `machining_order` int DEFAULT NULL COMMENT '机加阶段紧急顺序，数字越小越紧急',
  `electrical_order` int DEFAULT NULL COMMENT '电控阶段紧急顺序，数字越小越紧急',
  `pre_assembly_order` int DEFAULT NULL COMMENT '预装阶段紧急顺序，数字越小越紧急',
  `post_assembly_order` int DEFAULT NULL COMMENT '总装阶段紧急顺序，数字越小越紧急',
  `debugging_order` int DEFAULT NULL COMMENT '调试阶段紧急顺序，数字越小越紧急',
  `is_non_standard` tinyint(1) DEFAULT '0' COMMENT '是否非标：0=否，1=是',
  PRIMARY KEY (`id`),
  KEY `fk_tasks_created_by` (`created_by`),
  KEY `idx_tasks_device_number` (`device_number`),
  KEY `idx_tasks_product_model` (`product_model`),
  KEY `idx_tasks_order_status` (`order_status`),
  KEY `idx_tasks_production_time` (`production_time`),
  KEY `fk_machining_assignee` (`machining_assignee`),
  KEY `fk_electrical_assignee` (`electrical_assignee`),
  KEY `fk_tasks_pre_assembly_assignee` (`pre_assembly_assignee`),
  KEY `fk_tasks_post_assembly_assignee` (`post_assembly_assignee`),
  KEY `fk_tasks_debugging_assignee` (`debugging_assignee`),
  CONSTRAINT `fk_electrical_assignee` FOREIGN KEY (`electrical_assignee`) REFERENCES `users` (`id`),
  CONSTRAINT `fk_machining_assignee` FOREIGN KEY (`machining_assignee`) REFERENCES `users` (`id`),
  CONSTRAINT `fk_tasks_created_by` FOREIGN KEY (`created_by`) REFERENCES `users` (`id`),
  CONSTRAINT `fk_tasks_debugging_assignee` FOREIGN KEY (`debugging_assignee`) REFERENCES `users` (`id`) ON DELETE SET NULL,
  CONSTRAINT `fk_tasks_post_assembly_assignee` FOREIGN KEY (`post_assembly_assignee`) REFERENCES `users` (`id`) ON DELETE SET NULL,
  CONSTRAINT `fk_tasks_pre_assembly_assignee` FOREIGN KEY (`pre_assembly_assignee`) REFERENCES `users` (`id`) ON DELETE SET NULL
) ENGINE=InnoDB AUTO_INCREMENT=243 DEFAULT CHARSET=utf8mb4 COLLATE=utf8mb4_general_ci;
/*!40101 SET character_set_client = @saved_cs_client */;

--
-- Dumping data for table `tasks`
--

LOCK TABLES `tasks` WRITE;
/*!40000 ALTER TABLE `tasks` DISABLE KEYS */;
INSERT INTO `tasks` VALUES (123,'M1S452121 - Cube-D','设备号：M1S452121，产品型号：Cube-D，订单状态：未开工','pending','urgent',1,NULL,NULL,NULL,NULL,12.70,5.50,15.00,15.50,7.00,1,0,0,0,0,'post_assembly','2025-11-12 17:17:17',NULL,NULL,NULL,NULL,'2025-11-12 18:13:42',NULL,NULL,NULL,NULL,NULL,NULL,NULL,NULL,NULL,NULL,NULL,NULL,NULL,NULL,'M1S452121','Cube-D','未开工','2025-11-10 00:00:00',NULL,'2025-11-03 09:34:48','2025-11-24 06:07:21',69,79,75,80,NULL,NULL,NULL,NULL,NULL,NULL,0),(124,'M1S452122 - Cube-D','设备号：M1S452122，产品型号：Cube-D，订单状态：未开工','pending','normal',1,'2025-11-06 15:43:53',NULL,NULL,NULL,12.70,5.50,15.00,15.50,7.00,0,0,0,0,0,'post_assembly','2025-11-05 16:26:31',NULL,NULL,NULL,NULL,NULL,NULL,NULL,NULL,NULL,NULL,NULL,NULL,NULL,NULL,NULL,NULL,NULL,NULL,NULL,'M1S452122','Cube-D','未开工','2025-11-11 00:00:00',NULL,'2025-11-03 09:34:48','2025-11-24 06:07:18',64,NULL,83,80,NULL,0,NULL,NULL,NULL,NULL,0),(125,'M2S432036 - Icon','设备号：M2S432036，产品型号：Icon，订单状态：未开工','pending','urgent',1,NULL,NULL,NULL,NULL,11.00,5.00,9.00,12.90,5.50,1,0,0,0,0,'debugging','2025-10-18 15:30:33',NULL,NULL,NULL,NULL,'2025-10-20 19:20:35',NULL,NULL,NULL,NULL,NULL,NULL,NULL,NULL,NULL,NULL,NULL,NULL,NULL,NULL,'M2S432036','Icon','未开工','2025-11-06 00:00:00','2025-11-15 00:00:00','2025-11-03 09:34:48','2025-12-18 08:35:03',78,52,51,72,68,1,NULL,NULL,NULL,NULL,1),(126,'M5S432074 - VC5300CP','设备号：M5S432074，产品型号：VC5300CP，订单状态：未开工','pending','normal',1,NULL,NULL,NULL,NULL,NULL,NULL,NULL,NULL,NULL,0,0,0,0,0,'debugging',NULL,NULL,NULL,NULL,'2025-11-24 14:26:08',NULL,NULL,NULL,NULL,NULL,NULL,NULL,NULL,NULL,NULL,NULL,NULL,NULL,'2025-11-24 14:27:13',NULL,'M5S432074','VC5300CP','未开工','2025-11-06 00:00:00','2025-11-17 00:00:00','2025-11-03 09:34:48','2025-11-24 06:27:13',75,NULL,60,73,78,NULL,NULL,NULL,NULL,NULL,0),(127,'M1S321688 - V5300DP','设备号：M1S321688，产品型号：V5300DP，订单状态：未开工','pending','urgent',1,NULL,NULL,NULL,NULL,11.80,5.00,9.50,11.60,3.50,0,0,0,0,0,'post_assembly',NULL,NULL,NULL,NULL,NULL,NULL,NULL,NULL,NULL,NULL,NULL,NULL,NULL,NULL,NULL,NULL,NULL,NULL,NULL,NULL,'M1S321688','V5300DP','未开工','2025-12-19 00:00:00','2025-12-31 00:00:00','2025-11-03 09:34:48','2025-11-24 06:07:31',64,NULL,60,58,NULL,2,NULL,NULL,NULL,NULL,0),(128,'M1S391940 - Cube','设备号：M1S391940，产品型号：Cube，订单状态：未开工','pending','normal',1,NULL,NULL,NULL,NULL,15.00,NULL,NULL,NULL,NULL,1,1,1,0,0,'post_assembly','2025-11-05 15:45:52','2025-11-04 16:36:22','2025-12-03 10:02:32',NULL,NULL,'2025-11-05 15:45:56',NULL,NULL,'2025-11-05 15:33:58',NULL,NULL,'2025-12-19 10:48:28',NULL,NULL,NULL,NULL,NULL,NULL,NULL,NULL,'M1S391940','Cube','未开工','2025-11-05 00:00:00','2025-11-20 00:00:00','2025-11-03 09:34:48','2025-12-19 02:48:28',74,74,54,NULL,NULL,NULL,0,NULL,NULL,NULL,1),(129,'M2S391941 - Icon','设备号：M2S391941，产品型号：Icon，订单状态：未开工','pending','urgent',1,NULL,NULL,NULL,NULL,9.30,5.00,9.00,12.90,5.50,0,0,0,0,0,'post_assembly','2025-11-12 17:34:53',NULL,NULL,NULL,NULL,NULL,'2025-11-12 18:14:01',NULL,NULL,NULL,NULL,NULL,NULL,NULL,NULL,NULL,NULL,NULL,NULL,NULL,'M2S391941','Icon','未开工','2025-11-05 00:00:00','2025-11-20 00:00:00','2025-11-03 09:34:48','2025-11-18 09:56:28',69,NULL,60,57,NULL,NULL,NULL,NULL,NULL,NULL,0),(130,'M1S401982 - V5100BP','设备号：M1S401982，产品型号：V5100BP，订单状态：未开工','pending','normal',1,NULL,NULL,NULL,NULL,NULL,NULL,NULL,NULL,NULL,0,0,1,0,0,'post_assembly',NULL,NULL,'2025-11-18 17:36:55',NULL,NULL,NULL,NULL,NULL,NULL,NULL,NULL,'2025-11-18 17:39:22',NULL,NULL,NULL,NULL,NULL,NULL,NULL,NULL,'M1S401982','V5100BP','未开工','2025-11-05 00:00:00','2025-11-15 00:00:00','2025-11-03 09:34:48','2025-11-18 10:31:31',83,NULL,51,82,NULL,1,NULL,NULL,NULL,NULL,0),(131,'M1S412002 - A10','设备号：M1S412002，产品型号：A10，订单状态：未开工','pending','urgent',1,'2025-11-03 17:55:57',NULL,NULL,NULL,5.00,2.70,0.00,9.00,2.40,0,0,0,0,0,'post_assembly',NULL,'2025-11-03 17:55:55','2025-11-13 15:56:50',NULL,NULL,NULL,NULL,NULL,NULL,NULL,NULL,NULL,NULL,NULL,NULL,NULL,NULL,NULL,NULL,NULL,'M1S412002','A10','未开工','2025-11-08 00:00:00','2025-11-15 00:00:00','2025-11-03 09:34:48','2025-11-18 09:56:43',70,79,84,84,NULL,NULL,NULL,NULL,NULL,NULL,0),(132,'M1S412003 - A10','设备号：M1S412003，产品型号：A10，订单状态：未开工','pending','normal',1,NULL,NULL,NULL,NULL,5.00,2.70,0.00,9.00,2.40,0,0,0,0,0,'post_assembly','2025-11-12 18:19:56',NULL,NULL,NULL,NULL,NULL,'2025-11-12 18:24:47',NULL,NULL,NULL,NULL,NULL,NULL,NULL,NULL,NULL,NULL,NULL,NULL,NULL,'M1S412003','A10','未开工','2025-11-08 00:00:00','2025-11-15 00:00:00','2025-11-03 09:34:48','2025-11-18 10:31:31',85,NULL,59,57,NULL,2,NULL,NULL,NULL,NULL,0),(133,'M1S412006 - A5200A','设备号：M1S412006，产品型号：A5200A，订单状态：未开工','pending','urgent',1,NULL,NULL,NULL,NULL,NULL,NULL,NULL,NULL,NULL,0,0,0,0,0,'post_assembly',NULL,NULL,NULL,NULL,NULL,NULL,NULL,NULL,NULL,NULL,NULL,NULL,NULL,NULL,NULL,NULL,NULL,NULL,NULL,NULL,'M1S412006','A5200A','未开工','2025-11-07 00:00:00','2025-11-15 00:00:00','2025-11-03 09:34:48','2025-11-18 09:56:51',64,NULL,85,70,NULL,3,NULL,NULL,NULL,NULL,0),(134,'M5S422014 - VC5100DP','设备号：M5S422014，产品型号：VC5100DP，订单状态：未开工','pending','normal',1,NULL,NULL,NULL,NULL,NULL,NULL,NULL,NULL,NULL,1,0,0,1,0,'debugging','2025-11-06 16:21:18',NULL,NULL,'2025-12-19 10:48:28',NULL,'2025-11-07 11:34:27',NULL,NULL,NULL,NULL,NULL,NULL,NULL,NULL,'2025-12-19 11:24:37',NULL,NULL,NULL,NULL,NULL,'M5S422014','VC5100DP','未开工','2025-11-06 00:00:00','2025-11-15 00:00:00','2025-11-03 09:34:48','2025-12-19 03:24:37',64,NULL,69,54,NULL,1,NULL,NULL,NULL,NULL,0),(135,'M5S422015 - VC5100DP','设备号：M5S422015，产品型号：VC5100DP，订单状态：未开工','pending','urgent',1,NULL,NULL,NULL,NULL,NULL,NULL,NULL,NULL,NULL,1,0,0,0,0,'pre_assembly','2025-11-05 15:54:03',NULL,NULL,NULL,NULL,'2025-11-05 15:54:06',NULL,NULL,NULL,NULL,NULL,NULL,NULL,NULL,NULL,NULL,NULL,NULL,NULL,NULL,'M5S422015','VC5100DP','未开工','2025-11-06 00:00:00','2025-11-15 00:00:00','2025-11-03 09:34:48','2025-11-24 05:40:15',74,NULL,72,NULL,NULL,NULL,NULL,NULL,NULL,NULL,0),(136,'M5S422016 - VC5100DP','设备号：M5S422016，产品型号：VC5100DP，订单状态：未开工','pending','normal',1,NULL,NULL,NULL,NULL,NULL,NULL,NULL,NULL,NULL,1,0,0,0,0,'pre_assembly','2025-11-04 14:57:52','2025-11-13 09:57:13','2025-11-24 14:27:13',NULL,NULL,'2025-11-04 14:57:54',NULL,NULL,NULL,NULL,NULL,NULL,NULL,NULL,NULL,NULL,NULL,NULL,NULL,NULL,'M5S422016','VC5100DP','未开工','2025-11-06 00:00:00','2025-11-15 00:00:00','2025-11-03 09:34:48','2025-11-24 06:27:13',50,77,78,NULL,NULL,NULL,NULL,NULL,NULL,NULL,0),(137,'M1S422032 - V5300DPXL','设备号：M1S422032，产品型号：V5300DPXL，订单状态：未开工','pending','urgent',1,NULL,NULL,NULL,NULL,NULL,NULL,NULL,NULL,NULL,1,0,0,0,0,'pre_assembly','2025-11-13 09:57:38',NULL,NULL,NULL,NULL,'2025-11-13 10:00:37',NULL,NULL,NULL,NULL,NULL,NULL,NULL,NULL,NULL,NULL,NULL,NULL,NULL,NULL,'M1S422032','V5300DPXL','未开工','2025-11-11 00:00:00','2025-11-21 00:00:00','2025-11-03 09:34:48','2025-11-24 05:40:07',77,NULL,58,NULL,NULL,NULL,NULL,NULL,NULL,NULL,0),(138,'M1S432033 - V320','设备号：M1S432033，产品型号：V320，订单状态：未开工','pending','normal',1,NULL,NULL,NULL,NULL,4.00,1.50,0.00,14.30,1.50,0,0,0,0,0,'machining','2025-11-13 14:36:40',NULL,NULL,NULL,NULL,NULL,NULL,NULL,NULL,NULL,NULL,NULL,NULL,NULL,NULL,NULL,NULL,NULL,NULL,NULL,'M1S432033','V320','未开工','2025-11-08 00:00:00','2025-11-14 00:00:00','2025-11-03 09:34:48','2025-11-24 05:49:01',83,NULL,79,NULL,NULL,0,NULL,NULL,NULL,NULL,0),(139,'M2S432037 - Icon','设备号：M2S432037，产品型号：Icon，订单状态：未开工','pending','urgent',1,NULL,NULL,NULL,NULL,9.30,5.00,9.00,12.90,5.50,0,0,0,0,0,'machining','2025-11-12 18:14:02',NULL,NULL,NULL,NULL,NULL,'2025-11-12 18:16:03',NULL,NULL,NULL,NULL,NULL,NULL,NULL,NULL,NULL,NULL,NULL,NULL,NULL,'M2S432037','Icon','未开工','2025-11-05 00:00:00','2025-11-15 00:00:00','2025-11-03 09:34:48','2025-11-24 05:49:06',69,NULL,69,NULL,NULL,NULL,NULL,NULL,NULL,NULL,0),(140,'M1R521441 - Cube','设备号：M1R521441，产品型号：Cube，订单状态：未开工','pending','normal',1,NULL,NULL,NULL,NULL,11.00,5.00,13.80,13.40,7.00,0,0,0,0,0,'electrical',NULL,NULL,NULL,NULL,NULL,NULL,NULL,NULL,NULL,NULL,NULL,NULL,NULL,NULL,NULL,NULL,NULL,NULL,NULL,NULL,'M1R521441','Cube','未开工',NULL,NULL,'2025-11-03 09:34:48','2025-11-25 02:18:28',NULL,55,NULL,NULL,NULL,NULL,NULL,NULL,NULL,NULL,0),(141,'M1S432045 - A1000','设备号：M1S432045，产品型号：A1000，订单状态：未开工','pending','urgent',1,NULL,NULL,NULL,NULL,9.30,4.50,6.50,10.10,3.00,0,0,0,0,0,'machining',NULL,NULL,NULL,NULL,NULL,NULL,NULL,NULL,NULL,NULL,NULL,NULL,NULL,NULL,NULL,NULL,NULL,NULL,NULL,NULL,'M1S432045','A1000','未开工','2025-11-10 00:00:00','2025-11-20 00:00:00','2025-11-03 09:34:48','2025-11-24 05:49:10',78,NULL,59,NULL,NULL,NULL,NULL,NULL,NULL,NULL,0),(142,'M1S432046 - A1000','设备号：M1S432046，产品型号：A1000，订单状态：未开工','pending','normal',1,NULL,NULL,NULL,NULL,9.30,4.50,6.50,10.10,3.00,0,0,0,0,0,'machining','2025-11-13 10:00:37',NULL,NULL,NULL,NULL,NULL,NULL,NULL,NULL,NULL,NULL,NULL,NULL,NULL,NULL,NULL,NULL,NULL,NULL,NULL,'M1S432046','A1000','未开工','2025-11-10 00:00:00','2025-11-20 00:00:00','2025-11-03 09:34:48','2025-11-24 05:49:16',77,NULL,82,NULL,NULL,NULL,NULL,NULL,NULL,NULL,0),(143,'M1S432047 - A1000','设备号：M1S432047，产品型号：A1000，订单状态：未开工','pending','urgent',1,NULL,NULL,NULL,NULL,9.30,4.50,6.50,10.10,3.00,1,0,0,0,0,'pre_assembly','2025-11-12 18:18:34',NULL,NULL,NULL,NULL,'2025-11-12 18:19:40',NULL,NULL,NULL,NULL,NULL,NULL,NULL,NULL,NULL,NULL,NULL,NULL,NULL,NULL,'M1S432047','A1000','未开工','2025-11-10 00:00:00','2025-11-20 00:00:00','2025-11-03 09:34:48','2025-11-24 05:49:21',85,NULL,57,NULL,NULL,0,NULL,NULL,NULL,NULL,0),(144,'M1S432048 - Cube','设备号：M1S432048，产品型号：Cube，订单状态：未开工','pending','normal',1,NULL,NULL,NULL,NULL,11.00,5.00,13.80,13.40,7.00,0,0,0,0,0,'machining',NULL,NULL,NULL,NULL,NULL,NULL,NULL,NULL,NULL,NULL,NULL,NULL,NULL,NULL,NULL,NULL,NULL,NULL,NULL,NULL,'M1S432048','Cube','未开工','2025-11-12 00:00:00','2025-11-22 00:00:00','2025-11-03 09:34:48','2025-11-24 05:49:26',83,NULL,60,NULL,NULL,NULL,NULL,NULL,NULL,NULL,0),(145,'M1S432049 - Cube','设备号：M1S432049，产品型号：Cube，订单状态：未开工','pending','urgent',1,NULL,NULL,NULL,NULL,11.00,5.00,13.80,13.40,7.00,1,0,0,0,0,'pre_assembly','2025-12-22 16:15:08',NULL,NULL,NULL,NULL,'2025-12-22 16:15:18',NULL,NULL,NULL,NULL,NULL,NULL,NULL,NULL,NULL,NULL,NULL,NULL,NULL,NULL,'M1S432049','Cube','未开工','2025-11-12 00:00:00','2025-11-22 00:00:00','2025-11-03 09:34:48','2025-12-22 08:15:18',82,NULL,77,NULL,NULL,NULL,NULL,NULL,NULL,NULL,0),(146,'M1S432050 - Cube','设备号：M1S432050，产品型号：Cube，订单状态：未开工','pending','normal',1,NULL,NULL,NULL,NULL,11.00,5.00,13.80,13.40,7.00,0,0,0,0,0,'machining','2025-11-12 18:19:16',NULL,NULL,NULL,NULL,NULL,NULL,NULL,NULL,NULL,NULL,NULL,NULL,NULL,NULL,NULL,NULL,NULL,NULL,NULL,'M1S432050','Cube','未开工','2025-11-12 00:00:00','2025-11-22 00:00:00','2025-11-03 09:34:48','2025-11-24 05:49:31',85,NULL,78,NULL,NULL,1,NULL,NULL,NULL,NULL,0),(147,'M1S432068 - Cube+','设备号：M1S432068，产品型号：Cube+，订单状态：未开工','pending','urgent',1,NULL,NULL,NULL,NULL,11.00,4.50,13.80,14.80,7.00,0,0,0,0,0,'machining',NULL,NULL,NULL,NULL,NULL,NULL,NULL,NULL,NULL,NULL,NULL,NULL,NULL,NULL,NULL,NULL,NULL,NULL,NULL,NULL,'M1S432068','Cube+','未开工','2025-11-07 00:00:00','2025-11-18 00:00:00','2025-11-03 09:34:48','2025-11-24 05:49:36',57,NULL,75,NULL,NULL,NULL,NULL,NULL,NULL,NULL,0),(148,'M1S432069 - A10','设备号：M1S432069，产品型号：A10，订单状态：未开工','pending','normal',1,NULL,NULL,NULL,NULL,5.00,2.70,0.00,9.00,2.40,1,0,0,0,0,'pre_assembly','2025-12-22 16:15:18',NULL,'2025-12-22 16:15:45',NULL,NULL,'2025-12-22 16:15:31',NULL,NULL,NULL,NULL,NULL,NULL,NULL,NULL,NULL,NULL,NULL,NULL,NULL,NULL,'M1S432069','A10','未开工','2025-11-10 00:00:00','2025-11-18 00:00:00','2025-11-03 09:34:48','2025-12-22 08:15:45',82,NULL,54,NULL,NULL,NULL,NULL,NULL,NULL,NULL,0),(149,'M1S442077 - V5300CPXL','设备号：M1S442077，产品型号：V5300CPXL，订单状态：未开工','pending','urgent',1,NULL,NULL,NULL,NULL,NULL,NULL,NULL,NULL,NULL,0,0,0,0,0,'machining',NULL,NULL,NULL,NULL,NULL,NULL,NULL,NULL,NULL,NULL,NULL,NULL,NULL,NULL,NULL,NULL,NULL,NULL,NULL,NULL,'M1S442077','V5300CPXL','未开工','2025-11-07 00:00:00','2025-11-18 00:00:00','2025-11-03 09:34:48','2025-11-24 06:28:04',51,NULL,NULL,NULL,NULL,NULL,NULL,NULL,NULL,NULL,0),(150,'M1S442078 - V5300CPXL','设备号：M1S442078，产品型号：V5300CPXL，订单状态：未开工','pending','normal',1,NULL,NULL,NULL,NULL,NULL,NULL,NULL,NULL,NULL,0,0,0,0,0,'machining',NULL,NULL,NULL,NULL,NULL,NULL,NULL,NULL,NULL,NULL,NULL,NULL,NULL,NULL,NULL,NULL,NULL,NULL,NULL,NULL,'M1S442078','V5300CPXL','未开工','2025-11-07 00:00:00','2025-11-18 00:00:00','2025-11-03 09:34:48','2025-11-18 10:31:31',NULL,NULL,NULL,NULL,NULL,NULL,NULL,NULL,NULL,NULL,0),(151,'M1S442080 - Cube-D+','设备号：M1S442080，产品型号：Cube-D+，订单状态：未开工','pending','urgent',1,NULL,NULL,NULL,NULL,13.00,5.50,15.50,16.90,7.00,0,0,0,0,0,'machining',NULL,NULL,NULL,NULL,NULL,NULL,NULL,NULL,NULL,NULL,NULL,NULL,NULL,NULL,NULL,NULL,NULL,NULL,NULL,NULL,'M1S442080','Cube-D+','未开工','2025-11-14 00:00:00','2025-11-25 00:00:00','2025-11-03 09:34:48','2025-11-05 08:52:30',NULL,NULL,NULL,NULL,NULL,NULL,NULL,NULL,NULL,NULL,0),(152,'M1S442081 - Cube-D+','设备号：M1S442081，产品型号：Cube-D+，订单状态：未开工','pending','normal',1,NULL,NULL,NULL,NULL,13.00,5.50,15.50,16.90,7.00,0,0,0,0,0,'machining',NULL,NULL,NULL,NULL,NULL,NULL,NULL,NULL,NULL,NULL,NULL,NULL,NULL,NULL,NULL,NULL,NULL,NULL,NULL,NULL,'M1S442081','Cube-D+','未开工','2025-11-14 00:00:00','2025-11-25 00:00:00','2025-11-03 09:34:48','2025-11-18 10:31:31',NULL,NULL,NULL,NULL,NULL,NULL,NULL,NULL,NULL,NULL,0),(153,'M1S442082 - Cube-D+','设备号：M1S442082，产品型号：Cube-D+，订单状态：未开工','pending','urgent',1,NULL,NULL,NULL,NULL,13.00,5.50,15.50,16.90,7.00,0,0,0,0,0,'machining',NULL,NULL,NULL,NULL,NULL,NULL,NULL,NULL,NULL,NULL,NULL,NULL,NULL,NULL,NULL,NULL,NULL,NULL,NULL,NULL,'M1S442082','Cube-D+','未开工','2025-11-14 00:00:00','2025-11-25 00:00:00','2025-11-03 09:34:48','2025-11-24 05:49:46',74,NULL,70,NULL,NULL,NULL,NULL,NULL,NULL,NULL,0),(154,'M1S442083 - Cube-D+','设备号：M1S442083，产品型号：Cube-D+，订单状态：未开工','pending','normal',1,NULL,NULL,NULL,NULL,13.00,5.50,15.50,16.90,7.00,0,0,0,0,0,'machining',NULL,NULL,NULL,NULL,NULL,NULL,NULL,NULL,NULL,NULL,NULL,NULL,NULL,NULL,NULL,NULL,NULL,NULL,NULL,NULL,'M1S442083','Cube-D+','未开工','2025-11-14 00:00:00','2025-11-25 00:00:00','2025-11-03 09:34:48','2025-11-24 05:49:51',59,NULL,74,NULL,NULL,NULL,NULL,NULL,NULL,NULL,0),(155,'M1S442084 - Cube-D+','设备号：M1S442084，产品型号：Cube-D+，订单状态：未开工','pending','urgent',1,NULL,NULL,NULL,NULL,13.00,5.50,15.50,16.90,7.00,0,0,0,0,0,'machining',NULL,NULL,NULL,NULL,NULL,NULL,NULL,NULL,NULL,NULL,NULL,NULL,NULL,NULL,NULL,NULL,NULL,NULL,NULL,NULL,'M1S442084','Cube-D+','未开工','2025-11-14 00:00:00','2025-11-25 00:00:00','2025-11-03 09:34:48','2025-11-05 08:52:30',NULL,NULL,NULL,NULL,NULL,NULL,NULL,NULL,NULL,NULL,0),(156,'M1S442085 - Cube-D+','设备号：M1S442085，产品型号：Cube-D+，订单状态：未开工','pending','normal',1,NULL,NULL,NULL,NULL,13.00,5.50,15.50,16.90,7.00,0,0,0,0,0,'machining',NULL,NULL,NULL,NULL,NULL,NULL,NULL,NULL,NULL,NULL,NULL,NULL,NULL,NULL,NULL,NULL,NULL,NULL,NULL,NULL,'M1S442085','Cube-D+','未开工','2025-11-14 00:00:00','2025-11-25 00:00:00','2025-11-03 09:34:48','2025-11-18 10:31:31',NULL,NULL,NULL,NULL,NULL,NULL,NULL,NULL,NULL,NULL,0),(157,'M1S442086 - Cube-D+','设备号：M1S442086，产品型号：Cube-D+，订单状态：未开工','pending','urgent',1,NULL,NULL,NULL,NULL,13.00,5.50,15.50,16.90,7.00,0,0,0,0,0,'machining',NULL,NULL,NULL,NULL,NULL,NULL,NULL,NULL,NULL,NULL,NULL,NULL,NULL,NULL,NULL,NULL,NULL,NULL,NULL,NULL,'M1S442086','Cube-D+','未开工','2025-11-15 00:00:00','2025-11-26 00:00:00','2025-11-03 09:34:48','2025-11-27 06:41:04',79,NULL,66,NULL,NULL,NULL,NULL,NULL,NULL,NULL,0),(158,'M1S442087 - Cube-D+','设备号：M1S442087，产品型号：Cube-D+，订单状态：未开工','pending','normal',1,NULL,NULL,NULL,NULL,13.00,5.50,15.50,16.90,7.00,0,0,0,0,0,'machining',NULL,NULL,NULL,NULL,NULL,NULL,NULL,NULL,NULL,NULL,NULL,NULL,NULL,NULL,NULL,NULL,NULL,NULL,NULL,NULL,'M1S442087','Cube-D+','未开工','2025-11-15 00:00:00','2025-11-26 00:00:00','2025-11-03 09:34:48','2025-12-19 01:45:01',58,NULL,NULL,NULL,NULL,NULL,NULL,NULL,NULL,NULL,0),(159,'M1S442088 - Cube-D+','设备号：M1S442088，产品型号：Cube-D+，订单状态：未开工','pending','urgent',1,NULL,NULL,NULL,NULL,13.00,5.50,15.50,16.90,7.00,0,0,0,0,0,'machining',NULL,NULL,NULL,NULL,NULL,NULL,NULL,NULL,NULL,NULL,NULL,NULL,NULL,NULL,NULL,NULL,NULL,NULL,NULL,NULL,'M1S442088','Cube-D+','未开工','2025-11-15 00:00:00','2025-11-26 00:00:00','2025-11-03 09:34:48','2025-12-12 02:20:56',50,NULL,54,NULL,NULL,NULL,NULL,NULL,NULL,NULL,0),(160,'M1S442089 - Cube-D+','设备号：M1S442089，产品型号：Cube-D+，订单状态：未开工','pending','normal',1,NULL,NULL,NULL,NULL,13.00,5.50,15.50,16.90,7.00,0,0,0,0,0,'electrical',NULL,NULL,NULL,NULL,NULL,NULL,NULL,NULL,NULL,NULL,NULL,NULL,NULL,NULL,NULL,NULL,NULL,NULL,NULL,NULL,'M1S442089','Cube-D+','未开工','2025-11-15 00:00:00','2025-11-26 00:00:00','2025-11-03 09:34:48','2025-11-27 06:34:41',NULL,52,NULL,NULL,NULL,NULL,NULL,NULL,NULL,NULL,0),(161,'M1S442090 - Cube-D+','设备号：M1S442090，产品型号：Cube-D+，订单状态：未开工','pending','urgent',1,NULL,NULL,NULL,NULL,13.00,5.50,15.50,16.90,7.00,0,0,0,0,0,'machining',NULL,NULL,NULL,NULL,NULL,NULL,NULL,NULL,NULL,NULL,NULL,NULL,NULL,NULL,NULL,NULL,NULL,NULL,NULL,NULL,'M1S442090','Cube-D+','未开工','2025-11-15 00:00:00','2025-11-26 00:00:00','2025-11-03 09:34:48','2025-11-05 08:52:30',NULL,NULL,NULL,NULL,NULL,NULL,NULL,NULL,NULL,NULL,0),(162,'M1S442093 - Cube-D','设备号：M1S442093，产品型号：Cube-D，订单状态：未开工','pending','normal',1,NULL,NULL,NULL,NULL,12.70,5.50,15.00,15.50,7.00,0,0,0,0,0,'machining',NULL,NULL,NULL,NULL,NULL,NULL,NULL,NULL,NULL,NULL,NULL,NULL,NULL,NULL,NULL,NULL,NULL,NULL,NULL,NULL,'M1S442093','Cube-D','未开工','2025-11-05 00:00:00','2025-11-14 00:00:00','2025-11-03 09:34:48','2025-11-18 10:31:31',NULL,NULL,NULL,NULL,NULL,NULL,NULL,NULL,NULL,NULL,0),(163,'M3S442095 - SD5000','设备号：M3S442095，产品型号：SD5000，订单状态：未开工','pending','urgent',1,NULL,NULL,NULL,NULL,NULL,NULL,NULL,NULL,NULL,0,0,0,0,0,'machining',NULL,NULL,NULL,NULL,NULL,NULL,NULL,NULL,NULL,NULL,NULL,NULL,NULL,NULL,NULL,NULL,NULL,NULL,NULL,NULL,'M3S442095','SD5000','未开工','2025-11-07 00:00:00','2025-11-15 00:00:00','2025-11-03 09:34:48','2025-11-03 09:34:48',NULL,NULL,NULL,NULL,NULL,NULL,NULL,NULL,NULL,NULL,0),(164,'M1S442099 - VS7300BPXL','设备号：M1S442099，产品型号：VS7300BPXL，订单状态：未开工','pending','urgent',1,NULL,NULL,NULL,NULL,NULL,NULL,NULL,NULL,NULL,0,0,0,0,0,'machining',NULL,NULL,NULL,NULL,NULL,NULL,NULL,NULL,NULL,NULL,NULL,NULL,NULL,NULL,NULL,NULL,NULL,NULL,NULL,NULL,'M1S442099','VS7300BPXL','未开工','2025-11-22 00:00:00','2025-12-08 00:00:00','2025-11-03 09:34:48','2025-11-03 09:34:48',NULL,NULL,NULL,NULL,NULL,NULL,NULL,NULL,NULL,NULL,0),(165,'M1S442100 - VS7300BPXL','设备号：M1S442100，产品型号：VS7300BPXL，订单状态：未开工','pending','normal',1,NULL,NULL,NULL,NULL,NULL,NULL,NULL,NULL,NULL,0,0,0,0,0,'machining',NULL,NULL,NULL,NULL,NULL,NULL,NULL,NULL,NULL,NULL,NULL,NULL,NULL,NULL,NULL,NULL,NULL,NULL,NULL,NULL,'M1S442100','VS7300BPXL','未开工','2025-11-22 00:00:00','2025-12-08 00:00:00','2025-11-03 09:34:48','2025-11-18 10:31:31',NULL,NULL,NULL,NULL,NULL,NULL,NULL,NULL,NULL,NULL,0),(166,'M1S442101 - VS7300BPXL','设备号：M1S442101，产品型号：VS7300BPXL，订单状态：未开工','pending','urgent',1,NULL,NULL,NULL,NULL,NULL,NULL,NULL,NULL,NULL,0,0,0,0,0,'machining',NULL,NULL,NULL,NULL,NULL,NULL,NULL,NULL,NULL,NULL,NULL,NULL,NULL,NULL,NULL,NULL,NULL,NULL,NULL,NULL,'M1S442101','VS7300BPXL','未开工','2025-11-22 00:00:00','2025-12-08 00:00:00','2025-11-03 09:34:48','2025-11-03 09:34:48',NULL,NULL,NULL,NULL,NULL,NULL,NULL,NULL,NULL,NULL,0),(167,'M1S442106 - V5300CPXL','设备号：M1S442106，产品型号：V5300CPXL，订单状态：未开工','pending','urgent',1,NULL,NULL,NULL,NULL,NULL,NULL,NULL,NULL,NULL,0,0,0,0,0,'machining',NULL,NULL,NULL,NULL,NULL,NULL,NULL,NULL,NULL,NULL,NULL,NULL,NULL,NULL,NULL,NULL,NULL,NULL,NULL,NULL,'M1S442106','V5300CPXL','未开工','2025-11-08 00:00:00','2025-11-19 00:00:00','2025-11-03 09:34:48','2025-11-03 09:34:48',NULL,NULL,NULL,NULL,NULL,NULL,NULL,NULL,NULL,NULL,0),(168,'M1S442107 - V5300CPXL','设备号：M1S442107，产品型号：V5300CPXL，订单状态：未开工','pending','normal',1,NULL,NULL,NULL,NULL,NULL,NULL,NULL,NULL,NULL,0,0,0,0,0,'machining',NULL,NULL,NULL,NULL,NULL,NULL,NULL,NULL,NULL,NULL,NULL,NULL,NULL,NULL,NULL,NULL,NULL,NULL,NULL,NULL,'M1S442107','V5300CPXL','未开工','2025-11-11 00:00:00','2025-11-20 00:00:00','2025-11-03 09:34:48','2025-11-18 10:31:31',NULL,NULL,NULL,NULL,NULL,NULL,NULL,NULL,NULL,NULL,0),(169,'M1S442108 - Cube-D+','设备号：M1S442108，产品型号：Cube-D+，订单状态：未开工','pending','urgent',1,NULL,NULL,NULL,NULL,13.00,5.50,15.50,16.90,7.00,0,0,0,0,0,'machining',NULL,NULL,NULL,NULL,NULL,NULL,NULL,NULL,NULL,NULL,NULL,NULL,NULL,NULL,NULL,NULL,NULL,NULL,NULL,NULL,'M1S442108','Cube-D+','未开工','2025-11-24 00:00:00','2025-12-04 00:00:00','2025-11-03 09:34:48','2025-11-05 08:52:30',NULL,NULL,NULL,NULL,NULL,NULL,NULL,NULL,NULL,NULL,0),(170,'M1S442109 - V5300DPXL','设备号：M1S442109，产品型号：V5300DPXL，订单状态：未开工','pending','normal',1,NULL,NULL,NULL,NULL,NULL,NULL,NULL,NULL,NULL,0,0,0,0,0,'machining',NULL,NULL,NULL,NULL,NULL,NULL,NULL,NULL,NULL,NULL,NULL,NULL,NULL,NULL,NULL,NULL,NULL,NULL,NULL,NULL,'M1S442109','V5300DPXL','未开工',NULL,NULL,'2025-11-03 09:34:48','2025-11-18 10:31:31',NULL,NULL,NULL,NULL,NULL,NULL,NULL,NULL,NULL,NULL,0),(171,'M1S442110 - V5300DPXL','设备号：M1S442110，产品型号：V5300DPXL，订单状态：未开工','pending','urgent',1,NULL,NULL,NULL,NULL,NULL,NULL,NULL,NULL,NULL,0,0,0,0,0,'machining',NULL,NULL,NULL,NULL,NULL,NULL,NULL,NULL,NULL,NULL,NULL,NULL,NULL,NULL,NULL,NULL,NULL,NULL,NULL,NULL,'M1S442110','V5300DPXL','未开工',NULL,NULL,'2025-11-03 09:34:48','2025-11-03 09:34:48',NULL,NULL,NULL,NULL,NULL,NULL,NULL,NULL,NULL,NULL,0),(172,'M1S442111 - V5300DPXL','设备号：M1S442111，产品型号：V5300DPXL，订单状态：未开工','pending','normal',1,NULL,NULL,NULL,NULL,NULL,NULL,NULL,NULL,NULL,0,0,0,0,0,'machining',NULL,NULL,NULL,NULL,NULL,NULL,NULL,NULL,NULL,NULL,NULL,NULL,NULL,NULL,NULL,NULL,NULL,NULL,NULL,NULL,'M1S442111','V5300DPXL','未开工',NULL,NULL,'2025-11-03 09:34:48','2025-11-18 10:31:31',NULL,NULL,NULL,NULL,NULL,NULL,NULL,NULL,NULL,NULL,0),(173,'M1S442112 - V5300DPXL','设备号：M1S442112，产品型号：V5300DPXL，订单状态：未开工','pending','urgent',1,NULL,NULL,NULL,NULL,NULL,NULL,NULL,NULL,NULL,0,0,0,0,0,'machining',NULL,NULL,NULL,NULL,NULL,NULL,NULL,NULL,NULL,NULL,NULL,NULL,NULL,NULL,NULL,NULL,NULL,NULL,NULL,NULL,'M1S442112','V5300DPXL','未开工',NULL,NULL,'2025-11-03 09:34:48','2025-11-03 09:34:48',NULL,NULL,NULL,NULL,NULL,NULL,NULL,NULL,NULL,NULL,0),(174,'M1S442113 - V5300BPXL','设备号：M1S442113，产品型号：V5300BPXL，订单状态：未开工','pending','normal',1,NULL,NULL,NULL,NULL,11.00,NULL,NULL,NULL,NULL,1,0,0,0,0,'pre_assembly','2025-10-18 08:30:47',NULL,NULL,NULL,NULL,'2025-10-20 10:30:47',NULL,NULL,NULL,NULL,NULL,NULL,NULL,NULL,NULL,NULL,NULL,NULL,NULL,NULL,'M1S442113','V5300BPXL','未开工',NULL,NULL,'2025-11-03 09:34:48','2025-11-24 05:49:54',60,NULL,52,NULL,NULL,NULL,NULL,NULL,NULL,NULL,0),(175,'M1S442114 - V5300BPXL','设备号：M1S442114，产品型号：V5300BPXL，订单状态：未开工','pending','urgent',1,NULL,NULL,NULL,NULL,NULL,NULL,NULL,NULL,NULL,0,0,0,0,0,'machining',NULL,NULL,NULL,NULL,NULL,NULL,NULL,NULL,NULL,NULL,NULL,NULL,NULL,NULL,NULL,NULL,NULL,NULL,NULL,NULL,'M1S442114','V5300BPXL','未开工',NULL,NULL,'2025-11-03 09:34:48','2025-11-03 09:34:48',NULL,NULL,NULL,NULL,NULL,NULL,NULL,NULL,NULL,NULL,0),(176,'M1S442115 - A1000','设备号：M1S442115，产品型号：A1000，订单状态：未开工','pending','normal',1,NULL,NULL,NULL,NULL,9.30,4.50,6.50,10.10,3.00,0,0,0,0,0,'machining',NULL,NULL,NULL,NULL,NULL,NULL,NULL,NULL,NULL,NULL,NULL,NULL,NULL,NULL,NULL,NULL,NULL,NULL,NULL,NULL,'M1S442115','A1000','未开工','2025-11-08 00:00:00','2025-11-18 00:00:00','2025-11-03 09:34:48','2025-11-18 10:31:31',NULL,NULL,NULL,NULL,NULL,NULL,NULL,NULL,NULL,NULL,0),(177,'M1S442116 - A1000','设备号：M1S442116，产品型号：A1000，订单状态：未开工','pending','urgent',1,NULL,NULL,NULL,NULL,9.30,4.50,6.50,10.10,3.00,0,0,0,0,0,'machining',NULL,NULL,NULL,NULL,NULL,NULL,NULL,NULL,NULL,NULL,NULL,NULL,NULL,NULL,NULL,NULL,NULL,NULL,NULL,NULL,'M1S442116','A1000','未开工','2025-11-08 00:00:00','2025-11-18 00:00:00','2025-11-03 09:34:48','2025-11-05 08:52:30',NULL,NULL,NULL,NULL,NULL,NULL,NULL,NULL,NULL,NULL,0),(178,'M1S442117 - A1000','设备号：M1S442117，产品型号：A1000，订单状态：未开工','pending','normal',1,NULL,NULL,NULL,NULL,9.30,4.50,6.50,10.10,3.00,0,0,0,0,0,'machining',NULL,NULL,NULL,NULL,NULL,NULL,NULL,NULL,NULL,NULL,NULL,NULL,NULL,NULL,NULL,NULL,NULL,NULL,NULL,NULL,'M1S442117','A1000','未开工','2025-11-10 00:00:00','2025-11-19 00:00:00','2025-11-03 09:34:48','2025-11-18 10:31:31',NULL,NULL,NULL,NULL,NULL,NULL,NULL,NULL,NULL,NULL,0),(179,'M1S442118 - A1000','设备号：M1S442118，产品型号：A1000，订单状态：未开工','pending','urgent',1,NULL,NULL,NULL,NULL,9.30,4.50,6.50,10.10,3.00,1,0,0,0,0,'pre_assembly','2025-10-18 08:30:17',NULL,NULL,NULL,NULL,'2025-10-20 10:30:17',NULL,NULL,NULL,NULL,NULL,NULL,NULL,NULL,NULL,NULL,NULL,NULL,NULL,NULL,'M1S442118','A1000','未开工','2025-11-10 00:00:00','2025-11-19 00:00:00','2025-11-03 09:34:48','2025-11-27 06:41:09',70,NULL,55,NULL,NULL,NULL,NULL,NULL,NULL,NULL,0),(180,'M1S442119 - A5200B','设备号：M1S442119，产品型号：A5200B，订单状态：未开工','pending','normal',1,NULL,NULL,NULL,NULL,NULL,NULL,NULL,NULL,NULL,0,0,0,0,0,'machining',NULL,NULL,NULL,NULL,NULL,NULL,NULL,NULL,NULL,NULL,NULL,NULL,NULL,NULL,NULL,NULL,NULL,NULL,NULL,NULL,'M1S442119','A5200B','未开工','2025-11-07 00:00:00','2025-11-17 00:00:00','2025-11-03 09:34:48','2025-11-18 10:31:31',NULL,NULL,NULL,NULL,NULL,NULL,NULL,NULL,NULL,NULL,0),(181,'M1S442120 - VS7200','设备号：M1S442120，产品型号：VS7200，订单状态：未开工','pending','urgent',1,NULL,NULL,NULL,NULL,NULL,NULL,NULL,NULL,NULL,0,0,0,0,0,'machining',NULL,NULL,NULL,NULL,NULL,NULL,NULL,NULL,NULL,NULL,NULL,NULL,NULL,NULL,NULL,NULL,NULL,NULL,NULL,NULL,'M1S442120','VS7200','未开工','2025-11-11 00:00:00','2025-11-27 00:00:00','2025-11-03 09:34:48','2025-11-03 09:34:48',NULL,NULL,NULL,NULL,NULL,NULL,NULL,NULL,NULL,NULL,0),(182,'M1S452123 - V5000SD','设备号：M1S452123，产品型号：V5000SD，订单状态：未开工','pending','normal',1,NULL,NULL,NULL,NULL,NULL,NULL,NULL,NULL,NULL,0,0,0,0,0,'machining','2025-10-18 15:50:04',NULL,NULL,NULL,NULL,'2025-10-20 19:20:04',NULL,NULL,NULL,NULL,NULL,NULL,NULL,NULL,NULL,NULL,NULL,NULL,NULL,NULL,'M1S452123','V5000SD','未开工',NULL,NULL,'2025-11-03 09:34:48','2025-11-24 05:50:00',59,NULL,73,NULL,NULL,NULL,NULL,NULL,NULL,NULL,0);
/*!40000 ALTER TABLE `tasks` ENABLE KEYS */;
UNLOCK TABLES;

--
-- Table structure for table `users`
--

DROP TABLE IF EXISTS `users`;
/*!40101 SET @saved_cs_client     = @@character_set_client */;
/*!50503 SET character_set_client = utf8mb4 */;
CREATE TABLE `users` (
  `id` int NOT NULL AUTO_INCREMENT,
  `username` varchar(50) COLLATE utf8mb4_general_ci NOT NULL,
  `password` varchar(255) COLLATE utf8mb4_general_ci NOT NULL,
  `name` varchar(100) COLLATE utf8mb4_general_ci NOT NULL,
  `role` enum('worker','supervisor','admin','manager','staff') COLLATE utf8mb4_general_ci DEFAULT 'worker',
  `department` varchar(100) COLLATE utf8mb4_general_ci DEFAULT NULL,
  `created_at` timestamp NOT NULL DEFAULT CURRENT_TIMESTAMP,
  `updated_at` timestamp NOT NULL DEFAULT CURRENT_TIMESTAMP ON UPDATE CURRENT_TIMESTAMP,
  `user_group` varchar(100) COLLATE utf8mb4_general_ci DEFAULT NULL,
  PRIMARY KEY (`id`),
  UNIQUE KEY `username` (`username`)
) ENGINE=InnoDB AUTO_INCREMENT=92 DEFAULT CHARSET=utf8mb4 COLLATE=utf8mb4_general_ci;
/*!40101 SET character_set_client = @saved_cs_client */;

--
-- Dumping data for table `users`
--

LOCK TABLES `users` WRITE;
/*!40000 ALTER TABLE `users` DISABLE KEYS */;
INSERT INTO `users` VALUES (1,'admin','admin123','系统管理员','admin','IT部门','2025-10-13 05:42:06','2025-10-13 05:42:06',NULL),(50,'pengxiaotao','123456','彭小涛','worker','调试','2025-10-27 07:07:27','2025-10-27 07:07:27','温碧峄'),(51,'liangweibei','123456','梁伟北','worker','电控','2025-10-27 07:07:27','2025-10-27 07:07:27','张北源'),(52,'pengwenbao','123456','彭文豹','worker','调试','2025-10-27 07:07:27','2025-12-18 06:57:26','温碧峄'),(53,'wenbiyi','123456','温碧峄','supervisor','生产部','2025-10-27 07:07:27','2025-10-27 07:07:27','温碧峄'),(54,'luqiang','123456','陆强','worker','机加','2025-10-27 07:07:27','2025-10-27 07:07:27','郭东林'),(55,'zhangquan','123456','张权','worker','机加','2025-10-27 07:07:27','2025-10-27 07:07:27','李连杰'),(56,'wangshiming','123456','王世明','worker','机加','2025-10-27 07:07:27','2025-10-27 07:07:27','李连杰'),(57,'liangweiyi','123456','梁伟宜','worker','机加','2025-10-27 07:07:27','2025-10-27 07:07:27','郭东林'),(58,'tanxiao','123456','檀晓','worker','机加','2025-10-27 07:07:27','2025-10-27 07:07:27','郭东林'),(59,'zhoutaoxia','123456','周桃侠','worker','机加','2025-10-27 07:07:27','2025-10-27 07:07:27','郭东林'),(60,'dengwenjian','123456','邓文健','worker','电控','2025-10-27 07:07:27','2025-10-27 07:07:27','张北源'),(61,'guodonglin','123456','郭东林','supervisor','生产部','2025-10-27 07:07:27','2025-10-27 07:07:27','郭东林'),(62,'lilianjie','123456','李连杰','supervisor','生产部','2025-10-27 07:07:27','2025-10-27 07:07:27','李连杰'),(63,'liuqiang','123456','刘强','worker','总装后段','2025-10-27 07:07:27','2025-10-27 07:07:27','李连杰'),(64,'chenjianchuang','123456','陈建创','worker','总装后段','2025-10-27 07:07:27','2025-10-27 07:07:27','郭东林'),(65,'wuluge','123456','吴露哥','worker','总装后段','2025-10-27 07:07:27','2025-10-27 07:07:27','郭东林'),(66,'tanyulin','123456','谭宇林','worker','总装后段','2025-10-27 07:07:27','2025-10-27 07:07:27','郭东林'),(67,'zouqiaomu','123456','邹乔木','worker','总装前段','2025-10-27 07:07:27','2025-10-27 07:07:27','李连杰'),(68,'wangshengquan','123456','王胜权','worker','总装前段','2025-10-27 07:07:27','2025-10-27 07:07:27','郭东林'),(69,'yuyue','123456','余跃','worker','总装后段','2025-10-27 07:07:27','2025-10-27 07:07:27','李连杰'),(70,'luojin','123456','骆金','worker','机加','2025-10-27 07:07:27','2025-10-27 07:07:27','李连杰'),(71,'qiunengdu','123456','邱能读','worker','电控','2025-10-27 07:07:27','2025-10-27 07:07:27','张北源'),(72,'tanxiaobo','123456','谭孝波','worker','总装前段','2025-10-27 07:07:27','2025-10-27 07:07:27','李连杰'),(73,'lanzhicong','123456','蓝志聪','worker','总装后段','2025-10-27 07:07:27','2025-10-27 07:07:27','郭东林'),(74,'guwu','123456','古武','worker','电控','2025-10-27 07:07:27','2025-10-27 07:07:27','张北源'),(75,'guowenrong','123456','郭文荣','worker','总装后段','2025-10-27 07:07:27','2025-10-27 07:07:27','郭东林'),(76,'wangaiming','123456','王爱明','worker','总装后段','2025-10-27 07:07:27','2025-10-27 07:07:27','郭东林'),(77,'dengyuqi','123456','邓裕琪','worker','总装前段','2025-10-27 07:07:27','2025-10-27 07:07:27','李连杰'),(78,'dengjiaen','123456','邓嘉恩','worker','总装前段','2025-10-27 07:07:27','2025-10-27 07:07:27','郭东林'),(79,'hejintao','123456','何金涛','worker','机加','2025-10-27 07:07:27','2025-10-27 07:07:27','李连杰'),(80,'huangmingan','123456','黄铭安','worker','调试','2025-10-27 07:07:27','2025-10-27 07:07:27','温碧峄'),(81,'zhouyuansheng','123456','周远胜','worker','总装前段','2025-10-27 07:07:27','2025-10-27 07:07:27','李连杰'),(82,'jiangrenxuan','123456','姜仁宣','worker','机加','2025-10-27 07:07:27','2025-10-27 07:07:27','郭东林'),(83,'huzhuoyi','123456','胡卓毅','worker','总装前段','2025-10-27 07:07:27','2025-10-27 07:07:27','郭东林'),(84,'lihui','123456','黎会','worker','总装前段','2025-10-27 07:07:27','2025-10-27 07:07:27','李连杰'),(85,'huangyuping','123456','黄宇平','worker','机加','2025-10-27 07:07:27','2025-10-27 07:07:27','郭东林'),(86,'songmingxiong','123456','宋明雄','manager','生产部','2025-10-27 07:07:28','2025-11-07 02:06:12',NULL),(87,'zhangbeiyuan','123456','张北源','supervisor','生产部','2025-10-27 07:07:28','2025-10-27 07:07:28','张北源'),(88,'qiuzesong','123456','丘泽松','staff','工程部','2025-12-12 03:02:18','2025-12-12 03:02:18',NULL),(89,'zenghua','123456','曾华','staff','PMC','2025-12-12 03:06:02','2025-12-12 03:06:02',NULL),(90,'zhouquan','123456','周泉','staff','质量部','2025-12-12 03:06:36','2025-12-12 03:06:36',NULL),(91,'yuanwei','123456','袁伟','staff','售后','2025-12-12 03:08:23','2025-12-12 03:08:23',NULL);
/*!40000 ALTER TABLE `users` ENABLE KEYS */;
UNLOCK TABLES;

--
-- Table structure for table `work_reports`
--

DROP TABLE IF EXISTS `work_reports`;
/*!40101 SET @saved_cs_client     = @@character_set_client */;
/*!50503 SET character_set_client = utf8mb4 */;
CREATE TABLE `work_reports` (
  `id` int NOT NULL AUTO_INCREMENT,
  `task_id` int NOT NULL,
  `user_id` int NOT NULL,
  `work_type` enum('start','pause','resume','complete','quality_check','assist') COLLATE utf8mb4_general_ci NOT NULL,
  `assist_phase` varchar(50) COLLATE utf8mb4_general_ci DEFAULT NULL,
  `assist_start` datetime DEFAULT NULL,
  `assist_end` datetime DEFAULT NULL,
  `start_time` datetime DEFAULT NULL,
  `end_time` datetime DEFAULT NULL,
  `hours_worked` decimal(5,2) DEFAULT NULL,
  `quantity_completed` int DEFAULT '0',
  `quality_notes` text COLLATE utf8mb4_general_ci,
  `issues` text COLLATE utf8mb4_general_ci,
  `created_at` timestamp NOT NULL DEFAULT CURRENT_TIMESTAMP,
  `approval_status` enum('pending','approved','rejected') COLLATE utf8mb4_general_ci DEFAULT 'pending',
  `approved_by` int DEFAULT NULL,
  `approved_at` datetime DEFAULT NULL,
  PRIMARY KEY (`id`),
  KEY `fk_work_reports_user_id` (`user_id`),
  KEY `fk_work_reports_task_id` (`task_id`),
  CONSTRAINT `fk_work_reports_task_id` FOREIGN KEY (`task_id`) REFERENCES `tasks` (`id`) ON DELETE CASCADE ON UPDATE CASCADE,
  CONSTRAINT `fk_work_reports_user_id` FOREIGN KEY (`user_id`) REFERENCES `users` (`id`)
) ENGINE=InnoDB AUTO_INCREMENT=44 DEFAULT CHARSET=utf8mb4 COLLATE=utf8mb4_general_ci;
/*!40101 SET character_set_client = @saved_cs_client */;

--
-- Dumping data for table `work_reports`
--

LOCK TABLES `work_reports` WRITE;
/*!40000 ALTER TABLE `work_reports` DISABLE KEYS */;
INSERT INTO `work_reports` VALUES (1,136,50,'complete',NULL,NULL,NULL,'2025-11-04 14:57:52','2025-11-04 14:57:54',0.00,1,'','','2025-11-04 06:57:54','approved',NULL,NULL),(2,125,60,'complete',NULL,NULL,NULL,'2025-11-04 16:08:33','2025-11-04 16:08:35',0.00,1,'','','2025-11-04 08:08:35','approved',NULL,NULL),(3,128,74,'complete',NULL,NULL,NULL,'2025-11-04 16:36:22','2025-11-05 15:33:58',0.00,1,'','','2025-11-05 07:33:58','approved',NULL,NULL),(4,128,74,'complete',NULL,NULL,NULL,'2025-11-05 15:45:52','2025-11-05 15:45:56',0.00,1,'','','2025-11-05 07:45:56','approved',NULL,NULL),(5,135,74,'complete',NULL,NULL,NULL,'2025-11-05 15:54:03','2025-11-05 15:54:06',0.00,1,'','','2025-11-05 07:54:06','approved',NULL,NULL),(6,134,64,'complete',NULL,NULL,NULL,'2025-11-06 16:21:18','2025-11-07 11:34:27',10.00,1,'','','2025-11-07 03:34:27','approved',NULL,NULL),(7,123,69,'complete',NULL,NULL,NULL,'2025-11-12 17:17:17','2025-11-12 18:13:42',0.00,1,'','','2025-11-12 10:13:42','approved',NULL,NULL),(8,143,85,'complete',NULL,NULL,NULL,'2025-11-12 18:18:34','2025-11-12 18:19:40',0.00,1,'','','2025-11-12 10:19:40','approved',NULL,NULL),(9,137,77,'complete',NULL,NULL,NULL,'2025-11-13 09:57:38','2025-11-13 10:00:37',0.00,1,'','','2025-11-13 02:00:37','approved',NULL,NULL),(10,130,51,'complete',NULL,NULL,NULL,'2025-11-18 17:36:55','2025-11-18 17:39:22',0.00,1,'','','2025-11-18 09:39:22','approved',NULL,NULL),(11,124,79,'assist',NULL,NULL,NULL,NULL,NULL,NULL,0,'主管指定协助完成紧急任务',NULL,'2025-11-24 08:05:09','approved',NULL,NULL),(12,124,69,'assist',NULL,NULL,NULL,NULL,NULL,NULL,0,'主管指定协助完成紧急任务',NULL,'2025-11-24 08:05:09','approved',NULL,NULL),(13,125,65,'assist','electrical',NULL,NULL,NULL,NULL,NULL,0,'主管指定协助完成紧急任务',NULL,'2025-11-24 08:34:16','approved',NULL,NULL),(14,125,59,'assist','electrical',NULL,NULL,NULL,NULL,NULL,0,'主管指定协助完成紧急任务',NULL,'2025-11-24 08:34:16','approved',NULL,NULL),(15,126,81,'assist','machining',NULL,NULL,NULL,NULL,NULL,0,'主管指定协助完成紧急任务',NULL,'2025-11-24 09:02:41','approved',NULL,NULL),(16,126,82,'assist','machining',NULL,NULL,NULL,NULL,NULL,0,'主管指定协助完成紧急任务',NULL,'2025-11-24 09:02:41','approved',NULL,NULL),(17,126,79,'assist','debugging',NULL,NULL,NULL,NULL,NULL,0,'主管指定协助完成紧急任务',NULL,'2025-11-24 09:39:16','approved',NULL,NULL),(18,125,63,'assist','pre_assembly',NULL,NULL,NULL,NULL,NULL,0,'主管指定协助完成紧急任务',NULL,'2025-11-24 09:39:49','approved',NULL,NULL),(19,125,55,'assist','post_assembly',NULL,NULL,NULL,NULL,NULL,0,'主管指定协助完成紧急任务',NULL,'2025-11-24 09:44:43','approved',NULL,NULL),(20,125,82,'assist','debugging',NULL,NULL,NULL,NULL,NULL,0,'主管指定协助完成紧急任务',NULL,'2025-11-24 09:57:37','approved',NULL,NULL),(21,124,82,'assist','post_assembly','2025-11-17 18:10:00','2025-11-19 18:10:00',NULL,NULL,NULL,0,'主管指定协助完成紧急任务',NULL,'2025-11-24 10:10:39','approved',86,'2025-11-24 18:13:21'),(22,124,65,'assist','pre_assembly',NULL,NULL,NULL,NULL,NULL,0,'主管指定协助完成紧急任务',NULL,'2025-11-25 00:58:55','approved',NULL,NULL),(23,124,73,'assist','machining',NULL,NULL,NULL,NULL,NULL,0,'主管指定协助完成紧急任务',NULL,'2025-11-25 02:22:23','approved',NULL,NULL),(24,124,72,'assist','machining',NULL,NULL,NULL,NULL,NULL,0,'主管指定协助完成紧急任务',NULL,'2025-11-25 02:22:23','approved',NULL,NULL),(25,123,74,'assist','electrical',NULL,NULL,NULL,NULL,NULL,0,'主管指定协助完成紧急任务',NULL,'2025-11-27 02:37:11','approved',NULL,NULL),(26,123,63,'assist','electrical',NULL,NULL,NULL,NULL,NULL,0,'主管指定协助完成紧急任务',NULL,'2025-11-27 02:38:06','approved',NULL,NULL),(27,127,65,'assist','machining',NULL,NULL,NULL,NULL,NULL,0,'主管指定协助完成紧急任务',NULL,'2025-11-27 02:43:28','approved',NULL,NULL),(28,127,80,'assist','pre_assembly',NULL,NULL,NULL,NULL,NULL,0,'主管指定协助完成紧急任务',NULL,'2025-11-27 02:45:34','approved',NULL,NULL),(29,127,85,'assist','pre_assembly',NULL,NULL,NULL,NULL,NULL,0,'主管指定协助完成紧急任务',NULL,'2025-11-27 02:45:34','approved',NULL,NULL),(30,123,65,'assist','electrical',NULL,NULL,NULL,NULL,NULL,0,'主管指定协助完成紧急任务',NULL,'2025-11-27 02:59:53','approved',NULL,NULL),(31,123,81,'assist','electrical','2025-11-25 11:23:00','2025-11-14 11:23:00',NULL,NULL,NULL,0,'主管指定协助完成紧急任务',NULL,'2025-11-27 03:24:04','approved',NULL,NULL),(32,123,56,'assist','electrical','2025-11-19 11:23:00','2025-11-21 11:23:00',NULL,NULL,NULL,0,'主管指定协助完成紧急任务',NULL,'2025-11-27 03:24:47','approved',NULL,NULL),(33,123,68,'assist','electrical','2025-11-19 11:23:00','2025-11-21 11:23:00',NULL,NULL,NULL,0,'主管指定协助完成紧急任务',NULL,'2025-11-27 03:24:47','approved',86,'2025-12-05 17:06:55'),(34,123,80,'assist','electrical','2025-11-06 11:26:00','2025-11-28 11:26:00',NULL,NULL,NULL,0,'主管指定协助完成紧急任务',NULL,'2025-11-27 03:26:58','approved',86,'2025-12-05 17:06:54'),(35,126,80,'assist','electrical',NULL,NULL,NULL,NULL,NULL,0,'主管指定协助完成紧急任务',NULL,'2025-11-27 06:03:21','approved',NULL,NULL),(36,128,60,'assist','pre_assembly','2025-10-19 15:00:00','2025-10-20 10:00:00',NULL,NULL,NULL,0,'主管指定协助完成紧急任务',NULL,'2025-12-05 03:41:11','approved',86,'2025-12-05 11:42:44'),(37,125,79,'assist','machining','2025-10-19 15:00:00','2025-10-20 09:00:00',NULL,NULL,NULL,0,'主管指定协助完成紧急任务',NULL,'2025-12-05 09:05:12','approved',86,'2025-12-05 17:06:54'),(38,174,59,'assist','machining','2025-10-19 15:00:00','2025-10-20 10:00:00',NULL,NULL,NULL,0,'主管指定协助完成紧急任务',NULL,'2025-12-05 09:09:46','approved',86,'2025-12-05 17:09:57'),(39,123,64,'assist','pre_assembly','2025-10-19 15:00:00','2025-10-20 10:00:00',NULL,NULL,NULL,0,'主管指定协助完成紧急任务',NULL,'2025-12-05 09:20:32','approved',86,'2025-12-05 17:20:41'),(40,128,54,'complete',NULL,NULL,NULL,'2025-12-03 10:02:32','2025-12-19 10:48:28',22.74,1,'','','2025-12-19 02:48:28','approved',NULL,NULL),(41,134,54,'complete',NULL,NULL,NULL,'2025-12-19 10:48:28','2025-12-19 11:24:37',0.00,1,'','','2025-12-19 03:24:37','approved',NULL,NULL),(42,145,82,'complete',NULL,NULL,NULL,'2025-12-22 16:15:08','2025-12-22 16:15:18',0.00,1,'','','2025-12-22 08:15:18','approved',NULL,NULL),(43,148,82,'complete',NULL,NULL,NULL,'2025-12-22 16:15:18','2025-12-22 16:15:32',0.00,1,'','','2025-12-22 08:15:31','approved',NULL,NULL);
/*!40000 ALTER TABLE `work_reports` ENABLE KEYS */;
UNLOCK TABLES;

--
-- Table structure for table `work_time_settings`
--

DROP TABLE IF EXISTS `work_time_settings`;
/*!40101 SET @saved_cs_client     = @@character_set_client */;
/*!50503 SET character_set_client = utf8mb4 */;
CREATE TABLE `work_time_settings` (
  `id` int NOT NULL AUTO_INCREMENT,
  `start_time` varchar(5) COLLATE utf8mb4_general_ci NOT NULL,
  `end_time` varchar(5) COLLATE utf8mb4_general_ci NOT NULL,
  `lunch_start_time` varchar(5) COLLATE utf8mb4_general_ci NOT NULL,
  `lunch_end_time` varchar(5) COLLATE utf8mb4_general_ci NOT NULL,
  `other_break_start_time` varchar(5) COLLATE utf8mb4_general_ci DEFAULT NULL,
  `other_break_end_time` varchar(5) COLLATE utf8mb4_general_ci DEFAULT NULL,
  `standard_hours` decimal(5,2) NOT NULL DEFAULT '7.58',
  `default_overtime_start_time` varchar(5) COLLATE utf8mb4_general_ci DEFAULT NULL,
  `default_overtime_end_time` varchar(5) COLLATE utf8mb4_general_ci DEFAULT NULL,
  `note` text COLLATE utf8mb4_general_ci,
  `updated_by` int DEFAULT NULL,
  `updated_at` timestamp NOT NULL DEFAULT CURRENT_TIMESTAMP ON UPDATE CURRENT_TIMESTAMP,
  PRIMARY KEY (`id`),
  KEY `updated_by` (`updated_by`),
  CONSTRAINT `work_time_settings_ibfk_1` FOREIGN KEY (`updated_by`) REFERENCES `users` (`id`)
) ENGINE=InnoDB AUTO_INCREMENT=29 DEFAULT CHARSET=utf8mb4 COLLATE=utf8mb4_general_ci;
/*!40101 SET character_set_client = @saved_cs_client */;

--
-- Dumping data for table `work_time_settings`
--

LOCK TABLES `work_time_settings` WRITE;
/*!40000 ALTER TABLE `work_time_settings` DISABLE KEYS */;
INSERT INTO `work_time_settings` VALUES (18,'08:30','17:50','11:50','13:20','16:00','16:15',7.58,NULL,NULL,'',1,'2025-10-23 02:39:37'),(19,'08:30','17:50','11:50','13:20','16:00','16:15',7.58,NULL,NULL,'',1,'2025-11-05 09:09:26'),(20,'08:30','17:50','11:50','13:20','16:00','16:15',7.58,NULL,NULL,'',1,'2025-12-11 06:15:36'),(21,'08:30','17:50','11:50','13:20','16:00','16:15',7.58,NULL,NULL,'',1,'2025-12-11 06:25:16'),(22,'08:30','17:50','11:50','13:20','16:00','16:15',7.58,'18:20',NULL,'',1,'2025-12-11 06:27:59'),(23,'08:30','17:50','11:50','13:20','16:00','16:15',7.58,'18:20',NULL,'',1,'2025-12-11 06:36:11'),(24,'08:30','17:50','11:50','13:20','16:00','16:15',7.58,'18:20',NULL,'',1,'2025-12-11 06:37:20'),(25,'08:30','17:50','11:50','13:20','16:00','16:15',7.58,'18:20',NULL,'',1,'2025-12-11 06:43:24'),(26,'08:30','17:50','11:50','13:20','16:00','16:20',7.50,'18:20',NULL,'',1,'2025-12-11 06:47:18'),(27,'08:30','17:50','11:50','13:20','16:00','16:20',7.50,'18:20','20:20','',1,'2025-12-11 08:31:31'),(28,'08:30','17:50','11:50','13:20','16:00','16:15',7.58,'18:20','20:20','',1,'2025-12-11 10:20:03');
/*!40000 ALTER TABLE `work_time_settings` ENABLE KEYS */;
UNLOCK TABLES;

--
-- Dumping events for database 'workshop_db'
--

--
-- Dumping routines for database 'workshop_db'
--
/*!40103 SET TIME_ZONE=@OLD_TIME_ZONE */;

/*!40101 SET SQL_MODE=@OLD_SQL_MODE */;
/*!40014 SET FOREIGN_KEY_CHECKS=@OLD_FOREIGN_KEY_CHECKS */;
/*!40014 SET UNIQUE_CHECKS=@OLD_UNIQUE_CHECKS */;
/*!40101 SET CHARACTER_SET_CLIENT=@OLD_CHARACTER_SET_CLIENT */;
/*!40101 SET CHARACTER_SET_RESULTS=@OLD_CHARACTER_SET_RESULTS */;
/*!40101 SET COLLATION_CONNECTION=@OLD_COLLATION_CONNECTION */;
/*!40111 SET SQL_NOTES=@OLD_SQL_NOTES */;

-- Dump completed on 2025-12-23  9:37:20
