-- MySQL dump 10.13  Distrib 8.0.44, for Win64 (x86_64)
--
-- Host: localhost    Database: workshop_db
-- ------------------------------------------------------
-- Server version	8.0.44

/*!40101 SET @OLD_CHARACTER_SET_CLIENT=@@CHARACTER_SET_CLIENT */;
/*!40101 SET @OLD_CHARACTER_SET_RESULTS=@@CHARACTER_SET_RESULTS */;
/*!40101 SET @OLD_COLLATION_CONNECTION=@@COLLATION_CONNECTION */;
/*!50503 SET NAMES utf8mb4 */;
/*!40103 SET @OLD_TIME_ZONE=@@TIME_ZONE */;
/*!40103 SET TIME_ZONE='+00:00' */;
/*!40014 SET @OLD_UNIQUE_CHECKS=@@UNIQUE_CHECKS, UNIQUE_CHECKS=0 */;
/*!40014 SET @OLD_FOREIGN_KEY_CHECKS=@@FOREIGN_KEY_CHECKS, FOREIGN_KEY_CHECKS=0 */;
/*!40101 SET @OLD_SQL_MODE=@@SQL_MODE, SQL_MODE='NO_AUTO_VALUE_ON_ZERO' */;
/*!40111 SET @OLD_SQL_NOTES=@@SQL_NOTES, SQL_NOTES=0 */;

--
-- Table structure for table `assist_approvals`
--

DROP TABLE IF EXISTS `assist_approvals`;
/*!40101 SET @saved_cs_client     = @@character_set_client */;
/*!50503 SET character_set_client = utf8mb4 */;
CREATE TABLE `assist_approvals` (
  `id` int NOT NULL AUTO_INCREMENT,
  `task_id` int NOT NULL,
  `phase_key` varchar(50) CHARACTER SET utf8mb4 COLLATE utf8mb4_general_ci NOT NULL,
  `assistant_user_id` int NOT NULL,
  `assist_start` datetime NOT NULL,
  `assist_end` datetime NOT NULL,
  `manager_id` int NOT NULL,
  `requested_by` int NOT NULL,
  `status` enum('pending','approved','rejected') CHARACTER SET utf8mb4 COLLATE utf8mb4_general_ci DEFAULT 'pending',
  `decision_note` text CHARACTER SET utf8mb4 COLLATE utf8mb4_general_ci,
  `decision_at` datetime DEFAULT NULL,
  `created_at` timestamp NOT NULL DEFAULT CURRENT_TIMESTAMP,
  PRIMARY KEY (`id`),
  KEY `task_id` (`task_id`),
  KEY `assistant_user_id` (`assistant_user_id`),
  KEY `manager_id` (`manager_id`),
  KEY `requested_by` (`requested_by`),
  CONSTRAINT `assist_approvals_ibfk_1` FOREIGN KEY (`task_id`) REFERENCES `tasks` (`id`),
  CONSTRAINT `assist_approvals_ibfk_2` FOREIGN KEY (`assistant_user_id`) REFERENCES `users` (`id`),
  CONSTRAINT `assist_approvals_ibfk_3` FOREIGN KEY (`manager_id`) REFERENCES `users` (`id`),
  CONSTRAINT `assist_approvals_ibfk_4` FOREIGN KEY (`requested_by`) REFERENCES `users` (`id`)
) ENGINE=InnoDB AUTO_INCREMENT=14 DEFAULT CHARSET=utf8mb4 COLLATE=utf8mb4_general_ci;
/*!40101 SET character_set_client = @saved_cs_client */;

--
-- Dumping data for table `assist_approvals`
--

LOCK TABLES `assist_approvals` WRITE;
/*!40000 ALTER TABLE `assist_approvals` DISABLE KEYS */;
INSERT INTO `assist_approvals` VALUES (13,622,'machining',170,'2026-01-19 15:10:00','2026-01-19 15:40:00',86,92,'approved',NULL,'2026-01-19 15:41:21','2026-01-19 07:41:00');
/*!40000 ALTER TABLE `assist_approvals` ENABLE KEYS */;
UNLOCK TABLES;

--
-- Table structure for table `attendance_records`
--

DROP TABLE IF EXISTS `attendance_records`;
/*!40101 SET @saved_cs_client     = @@character_set_client */;
/*!50503 SET character_set_client = utf8mb4 */;
CREATE TABLE `attendance_records` (
  `id` int NOT NULL AUTO_INCREMENT,
  `user_id` int NOT NULL,
  `clock_in` datetime NOT NULL,
  `clock_out` datetime DEFAULT NULL,
  `total_minutes` int DEFAULT NULL,
  `created_at` timestamp NOT NULL DEFAULT CURRENT_TIMESTAMP,
  `standard_hours` int DEFAULT '480' COMMENT '标准工作时长（分钟）',
  `overtime_minutes` int DEFAULT '0' COMMENT '加班时长（分钟）',
  `leave_minutes` int DEFAULT '0' COMMENT '请假时长（分钟）',
  `adjustment_note` text CHARACTER SET utf8mb4 COLLATE utf8mb4_general_ci COMMENT '调整备注',
  `adjusted_by` int DEFAULT NULL COMMENT '调整人ID',
  `adjusted_at` timestamp NULL DEFAULT NULL COMMENT '调整时间',
  PRIMARY KEY (`id`),
  KEY `idx_user_date` (`user_id`,`clock_in`)
) ENGINE=InnoDB AUTO_INCREMENT=7 DEFAULT CHARSET=utf8mb4 COLLATE=utf8mb4_general_ci;
/*!40101 SET character_set_client = @saved_cs_client */;

--
-- Dumping data for table `attendance_records`
--

LOCK TABLES `attendance_records` WRITE;
/*!40000 ALTER TABLE `attendance_records` DISABLE KEYS */;
/*!40000 ALTER TABLE `attendance_records` ENABLE KEYS */;
UNLOCK TABLES;

--
-- Table structure for table `daily_attendance`
--

DROP TABLE IF EXISTS `daily_attendance`;
/*!40101 SET @saved_cs_client     = @@character_set_client */;
/*!50503 SET character_set_client = utf8mb4 */;
CREATE TABLE `daily_attendance` (
  `id` int NOT NULL AUTO_INCREMENT,
  `user_id` int NOT NULL,
  `date` date NOT NULL,
  `standard_attendance_hours` decimal(5,2) NOT NULL DEFAULT '8.00',
  `overtime_hours` decimal(5,2) NOT NULL DEFAULT '0.00',
  `leave_hours` decimal(5,2) NOT NULL DEFAULT '0.00',
  `actual_hours` decimal(5,2) GENERATED ALWAYS AS (((`standard_attendance_hours` + `overtime_hours`) - `leave_hours`)) STORED,
  `note` text CHARACTER SET utf8mb4 COLLATE utf8mb4_general_ci,
  `adjusted_by` int DEFAULT NULL,
  `adjusted_at` timestamp NULL DEFAULT NULL,
  `created_at` timestamp NOT NULL DEFAULT CURRENT_TIMESTAMP,
  `updated_at` timestamp NOT NULL DEFAULT CURRENT_TIMESTAMP ON UPDATE CURRENT_TIMESTAMP,
  `overtime_start_time` varchar(5) COLLATE utf8mb4_general_ci DEFAULT NULL,
  `overtime_end_time` varchar(5) COLLATE utf8mb4_general_ci DEFAULT NULL,
  `leave_start_time` varchar(5) COLLATE utf8mb4_general_ci DEFAULT NULL,
  `leave_end_time` varchar(5) COLLATE utf8mb4_general_ci DEFAULT NULL,
  `is_confirmed` tinyint(1) NOT NULL DEFAULT '0',
  `confirmed_by` int DEFAULT NULL,
  `confirmed_at` timestamp NULL DEFAULT NULL,
  PRIMARY KEY (`id`),
  UNIQUE KEY `uniq_user_date` (`user_id`,`date`)
) ENGINE=InnoDB AUTO_INCREMENT=1020 DEFAULT CHARSET=utf8mb4 COLLATE=utf8mb4_general_ci;
/*!40101 SET character_set_client = @saved_cs_client */;

--
-- Dumping data for table `daily_attendance`
--

LOCK TABLES `daily_attendance` WRITE;
/*!40000 ALTER TABLE `daily_attendance` DISABLE KEYS */;
INSERT INTO `daily_attendance` (`id`, `user_id`, `date`, `standard_attendance_hours`, `overtime_hours`, `leave_hours`, `note`, `adjusted_by`, `adjusted_at`, `created_at`, `updated_at`, `overtime_start_time`, `overtime_end_time`, `leave_start_time`, `leave_end_time`, `is_confirmed`, `confirmed_by`, `confirmed_at`) VALUES (585,152,'2026-01-16',8.00,2.00,0.00,NULL,133,'2026-01-16 03:46:35','2026-01-16 03:46:35','2026-01-16 03:46:35',NULL,NULL,NULL,NULL,0,NULL,NULL),(586,142,'2026-01-16',7.58,2.00,0.00,NULL,133,'2026-01-16 05:39:38','2026-01-16 05:39:38','2026-01-16 05:39:38',NULL,NULL,NULL,NULL,0,NULL,NULL),(587,170,'2026-01-16',7.58,0.00,0.00,'批量考勤管理',1,'2026-01-19 02:30:25','2026-01-19 02:30:25','2026-01-19 02:32:17',NULL,NULL,NULL,NULL,1,92,'2026-01-19 02:32:17'),(588,171,'2026-01-16',7.58,0.00,0.00,'批量考勤管理',1,'2026-01-19 02:30:25','2026-01-19 02:30:25','2026-01-19 02:32:20',NULL,NULL,NULL,NULL,1,92,'2026-01-19 02:32:20'),(589,172,'2026-01-16',7.58,0.00,0.00,'批量考勤管理',1,'2026-01-19 02:30:25','2026-01-19 02:30:25','2026-01-19 02:32:24',NULL,NULL,NULL,NULL,1,92,'2026-01-19 02:32:24'),(590,173,'2026-01-16',7.58,0.00,0.00,'批量考勤管理',1,'2026-01-19 02:30:25','2026-01-19 02:30:25','2026-01-19 02:32:28',NULL,NULL,NULL,NULL,1,92,'2026-01-19 02:32:28'),(591,174,'2026-01-16',7.58,0.00,0.00,'批量考勤管理',1,'2026-01-19 02:30:25','2026-01-19 02:30:25','2026-01-19 02:32:31',NULL,NULL,NULL,NULL,1,92,'2026-01-19 02:32:31'),(592,175,'2026-01-16',7.58,0.00,0.00,'批量考勤管理',1,'2026-01-19 02:30:26','2026-01-19 02:30:26','2026-01-19 02:32:34',NULL,NULL,NULL,NULL,1,92,'2026-01-19 02:32:34'),(593,176,'2026-01-16',7.58,0.00,0.00,'批量考勤管理',1,'2026-01-19 02:30:26','2026-01-19 02:30:26','2026-01-19 02:32:37',NULL,NULL,NULL,NULL,1,92,'2026-01-19 02:32:37'),(594,177,'2026-01-16',7.58,0.00,0.00,'批量考勤管理',1,'2026-01-19 02:30:26','2026-01-19 02:30:26','2026-01-19 02:32:41',NULL,NULL,NULL,NULL,1,92,'2026-01-19 02:32:41'),(595,178,'2026-01-16',7.58,0.00,0.00,'批量考勤管理',1,'2026-01-19 02:30:26','2026-01-19 02:30:26','2026-01-19 02:32:47',NULL,NULL,NULL,NULL,1,92,'2026-01-19 02:32:47'),(596,179,'2026-01-16',7.58,0.00,0.00,'批量考勤管理',1,'2026-01-19 02:30:26','2026-01-19 02:30:26','2026-01-19 02:32:50',NULL,NULL,NULL,NULL,1,92,'2026-01-19 02:32:50'),(597,93,'2026-01-16',7.58,0.00,0.00,'批量考勤管理',1,'2026-01-19 02:30:26','2026-01-19 02:30:26','2026-01-19 02:30:26',NULL,NULL,NULL,NULL,0,NULL,NULL),(598,170,'2026-01-17',7.58,0.00,0.00,'批量考勤管理',1,'2026-01-19 02:30:43','2026-01-19 02:30:43','2026-01-19 02:31:36',NULL,NULL,NULL,NULL,1,92,'2026-01-19 02:31:36'),(599,171,'2026-01-17',7.58,0.00,0.00,'批量考勤管理',1,'2026-01-19 02:30:43','2026-01-19 02:30:43','2026-01-19 02:31:39',NULL,NULL,NULL,NULL,1,92,'2026-01-19 02:31:39'),(600,172,'2026-01-17',7.58,0.00,0.00,'批量考勤管理',1,'2026-01-19 02:30:43','2026-01-19 02:30:43','2026-01-19 02:31:42',NULL,NULL,NULL,NULL,1,92,'2026-01-19 02:31:42'),(601,173,'2026-01-17',7.58,0.00,0.00,'批量考勤管理',1,'2026-01-19 02:30:43','2026-01-19 02:30:43','2026-01-19 02:31:46',NULL,NULL,NULL,NULL,1,92,'2026-01-19 02:31:46'),(602,174,'2026-01-17',7.58,0.00,0.00,'批量考勤管理',1,'2026-01-19 02:30:43','2026-01-19 02:30:43','2026-01-19 02:31:51',NULL,NULL,NULL,NULL,1,92,'2026-01-19 02:31:51'),(603,175,'2026-01-17',7.58,0.00,0.00,'批量考勤管理',1,'2026-01-19 02:30:43','2026-01-19 02:30:43','2026-01-19 02:31:55',NULL,NULL,NULL,NULL,1,92,'2026-01-19 02:31:55'),(604,176,'2026-01-17',7.58,0.00,0.00,'批量考勤管理',1,'2026-01-19 02:30:43','2026-01-19 02:30:43','2026-01-19 02:31:58',NULL,NULL,NULL,NULL,1,92,'2026-01-19 02:31:58'),(605,177,'2026-01-17',7.58,0.00,0.00,'批量考勤管理',1,'2026-01-19 02:30:43','2026-01-19 02:30:43','2026-01-19 02:32:01',NULL,NULL,NULL,NULL,1,92,'2026-01-19 02:32:01'),(606,178,'2026-01-17',7.58,0.00,0.00,'批量考勤管理',1,'2026-01-19 02:30:43','2026-01-19 02:30:43','2026-01-19 02:32:06',NULL,NULL,NULL,NULL,1,92,'2026-01-19 02:32:06'),(607,179,'2026-01-17',7.58,0.00,0.00,'批量考勤管理',1,'2026-01-19 02:30:43','2026-01-19 02:30:43','2026-01-19 02:32:09',NULL,NULL,NULL,NULL,1,92,'2026-01-19 02:32:09'),(608,93,'2026-01-17',7.58,0.00,0.00,'批量考勤管理',1,'2026-01-19 02:30:43','2026-01-19 02:30:43','2026-01-19 02:32:12',NULL,NULL,NULL,NULL,1,92,'2026-01-19 02:32:12'),(609,170,'2026-01-18',0.00,0.00,0.00,'批量考勤管理',1,'2026-01-19 02:34:35','2026-01-19 02:30:55','2026-01-19 02:34:39',NULL,NULL,NULL,NULL,1,92,'2026-01-19 02:34:39'),(610,171,'2026-01-18',0.00,0.00,0.00,'批量考勤管理',1,'2026-01-19 02:34:35','2026-01-19 02:30:55','2026-01-19 02:34:41',NULL,NULL,NULL,NULL,1,92,'2026-01-19 02:34:41'),(611,172,'2026-01-18',0.00,0.00,0.00,'批量考勤管理',1,'2026-01-19 02:34:35','2026-01-19 02:30:55','2026-01-19 02:34:43',NULL,NULL,NULL,NULL,1,92,'2026-01-19 02:34:43'),(612,173,'2026-01-18',0.00,0.00,0.00,'批量考勤管理',1,'2026-01-19 02:34:35','2026-01-19 02:30:55','2026-01-19 02:34:45',NULL,NULL,NULL,NULL,1,92,'2026-01-19 02:34:45'),(613,174,'2026-01-18',0.00,0.00,0.00,'批量考勤管理',1,'2026-01-19 02:34:35','2026-01-19 02:30:55','2026-01-19 02:34:47',NULL,NULL,NULL,NULL,1,92,'2026-01-19 02:34:47'),(614,175,'2026-01-18',0.00,0.00,0.00,'批量考勤管理',1,'2026-01-19 02:34:35','2026-01-19 02:30:55','2026-01-19 02:34:49',NULL,NULL,NULL,NULL,1,92,'2026-01-19 02:34:49'),(615,176,'2026-01-18',0.00,0.00,0.00,'批量考勤管理',1,'2026-01-19 02:34:35','2026-01-19 02:30:55','2026-01-19 02:34:51',NULL,NULL,NULL,NULL,1,92,'2026-01-19 02:34:51'),(616,177,'2026-01-18',0.00,0.00,0.00,'批量考勤管理',1,'2026-01-19 02:34:36','2026-01-19 02:30:55','2026-01-19 02:34:54',NULL,NULL,NULL,NULL,1,92,'2026-01-19 02:34:54'),(617,178,'2026-01-18',0.00,0.00,0.00,'批量考勤管理',1,'2026-01-19 02:34:36','2026-01-19 02:30:55','2026-01-19 02:34:57',NULL,NULL,NULL,NULL,1,92,'2026-01-19 02:34:57'),(618,179,'2026-01-18',0.00,0.00,0.00,'批量考勤管理',1,'2026-01-19 02:34:36','2026-01-19 02:30:55','2026-01-19 02:34:59',NULL,NULL,NULL,NULL,1,92,'2026-01-19 02:34:59'),(619,93,'2026-01-18',0.00,0.00,0.00,'批量考勤管理',1,'2026-01-19 02:34:36','2026-01-19 02:30:55','2026-01-19 02:35:02',NULL,NULL,NULL,NULL,1,92,'2026-01-19 02:35:02'),(620,170,'2026-01-19',7.58,0.00,0.00,'批量考勤管理',1,'2026-01-20 06:57:38','2026-01-20 06:57:38','2026-01-20 06:57:41',NULL,NULL,NULL,NULL,1,92,'2026-01-20 06:57:41'),(621,171,'2026-01-19',7.58,0.00,0.00,'批量考勤管理',1,'2026-01-20 06:57:38','2026-01-20 06:57:38','2026-01-20 06:57:44',NULL,NULL,NULL,NULL,1,92,'2026-01-20 06:57:44'),(622,172,'2026-01-19',7.58,0.00,0.00,'批量考勤管理',1,'2026-01-20 06:57:38','2026-01-20 06:57:38','2026-01-20 06:57:46',NULL,NULL,NULL,NULL,1,92,'2026-01-20 06:57:46'),(623,173,'2026-01-19',7.58,0.00,0.00,'批量考勤管理',1,'2026-01-20 06:57:38','2026-01-20 06:57:38','2026-01-20 07:00:33',NULL,NULL,NULL,NULL,1,92,'2026-01-20 07:00:33'),(624,174,'2026-01-19',7.58,0.00,0.00,'批量考勤管理',1,'2026-01-20 06:57:38','2026-01-20 06:57:38','2026-01-20 07:00:36',NULL,NULL,NULL,NULL,1,92,'2026-01-20 07:00:36'),(625,175,'2026-01-19',7.58,0.00,0.00,'批量考勤管理',1,'2026-01-20 06:57:38','2026-01-20 06:57:38','2026-01-20 07:00:39',NULL,NULL,NULL,NULL,1,92,'2026-01-20 07:00:39'),(626,176,'2026-01-19',7.58,0.00,0.00,'批量考勤管理',1,'2026-01-20 06:57:38','2026-01-20 06:57:38','2026-01-20 07:00:41',NULL,NULL,NULL,NULL,1,92,'2026-01-20 07:00:41'),(627,177,'2026-01-19',7.58,0.00,0.00,'批量考勤管理',1,'2026-01-20 06:57:38','2026-01-20 06:57:38','2026-01-20 07:00:44',NULL,NULL,NULL,NULL,1,92,'2026-01-20 07:00:44'),(628,178,'2026-01-19',7.58,0.00,0.00,'批量考勤管理',1,'2026-01-20 06:57:38','2026-01-20 06:57:38','2026-01-20 07:00:46',NULL,NULL,NULL,NULL,1,92,'2026-01-20 07:00:46'),(629,179,'2026-01-19',7.58,0.00,0.00,'批量考勤管理',1,'2026-01-20 06:57:38','2026-01-20 06:57:38','2026-01-20 07:00:48',NULL,NULL,NULL,NULL,1,92,'2026-01-20 07:00:48'),(630,93,'2026-01-19',7.58,0.00,0.00,'批量考勤管理',1,'2026-01-20 06:57:38','2026-01-20 06:57:38','2026-01-20 07:00:51',NULL,NULL,NULL,NULL,1,92,'2026-01-20 07:00:51'),(631,170,'2026-01-20',7.58,2.00,0.00,'排班管理',1,'2026-01-26 07:45:57','2026-01-20 07:01:34','2026-01-26 07:45:57','18:20','20:20',NULL,NULL,1,92,'2026-01-20 07:01:37'),(632,171,'2026-01-20',7.58,2.00,0.00,'排班管理',1,'2026-01-26 07:45:57','2026-01-20 07:01:35','2026-01-26 07:45:57','18:20','20:20',NULL,NULL,1,92,'2026-01-20 07:01:39'),(633,172,'2026-01-20',7.58,2.00,0.00,'排班管理',1,'2026-01-26 07:45:57','2026-01-20 07:01:35','2026-01-26 07:45:57','18:20','20:20',NULL,NULL,1,92,'2026-01-20 07:01:41'),(634,173,'2026-01-20',7.58,2.00,0.00,'排班管理',1,'2026-01-26 07:45:57','2026-01-20 07:01:35','2026-01-26 07:45:57','18:20','20:20',NULL,NULL,1,92,'2026-01-20 07:01:43'),(635,174,'2026-01-20',7.58,2.00,0.00,'排班管理',1,'2026-01-26 07:45:57','2026-01-20 07:01:35','2026-01-26 07:45:57','18:20','20:20',NULL,NULL,1,92,'2026-01-20 07:01:46'),(636,175,'2026-01-20',7.58,2.00,0.00,'排班管理',1,'2026-01-26 07:45:57','2026-01-20 07:01:35','2026-01-26 07:45:57','18:20','20:20',NULL,NULL,1,92,'2026-01-20 07:01:48'),(637,176,'2026-01-20',7.58,2.00,0.00,'排班管理',1,'2026-01-26 07:45:57','2026-01-20 07:01:35','2026-01-26 07:45:57','18:20','20:20',NULL,NULL,1,92,'2026-01-20 07:01:51'),(638,177,'2026-01-20',7.58,2.00,0.00,'排班管理',1,'2026-01-26 07:45:57','2026-01-20 07:01:35','2026-01-26 07:45:57','18:20','20:20',NULL,NULL,1,92,'2026-01-20 07:01:55'),(639,178,'2026-01-20',7.58,2.00,0.00,'排班管理',1,'2026-01-26 07:45:57','2026-01-20 07:01:35','2026-01-26 07:45:57','18:20','20:20',NULL,NULL,1,92,'2026-01-20 07:02:18'),(640,179,'2026-01-20',7.58,2.00,0.00,'排班管理',1,'2026-01-26 07:45:57','2026-01-20 07:01:35','2026-01-26 07:45:57','18:20','20:20',NULL,NULL,1,92,'2026-01-20 07:02:21'),(641,93,'2026-01-20',7.58,2.00,0.00,'排班管理',1,'2026-01-26 07:45:57','2026-01-20 07:01:35','2026-01-26 07:45:57','18:20','20:20',NULL,NULL,1,92,'2026-01-20 07:02:24'),(642,170,'2026-01-22',7.58,0.00,0.00,'排班管理',1,'2026-01-26 07:46:35','2026-01-22 02:59:43','2026-01-26 07:46:35',NULL,NULL,NULL,NULL,1,1,'2026-01-22 02:59:46'),(643,171,'2026-01-22',7.58,0.00,0.00,'排班管理',1,'2026-01-26 07:46:35','2026-01-22 03:01:35','2026-01-26 07:46:35',NULL,NULL,NULL,NULL,0,NULL,NULL),(644,172,'2026-01-22',7.58,0.00,0.00,'排班管理',1,'2026-01-26 07:46:35','2026-01-22 03:01:35','2026-01-26 07:46:35',NULL,NULL,NULL,NULL,1,1,'2026-01-22 03:01:39'),(645,173,'2026-01-22',7.58,0.00,0.00,'排班管理',1,'2026-01-26 07:46:35','2026-01-22 03:01:35','2026-01-26 07:46:35',NULL,NULL,NULL,NULL,0,NULL,NULL),(646,174,'2026-01-22',7.58,0.00,0.00,'排班管理',1,'2026-01-26 07:46:35','2026-01-22 03:01:35','2026-01-26 07:46:35',NULL,NULL,NULL,NULL,0,NULL,NULL),(647,175,'2026-01-22',7.58,0.00,0.00,'排班管理',1,'2026-01-26 07:46:35','2026-01-22 03:01:35','2026-01-26 07:46:35',NULL,NULL,NULL,NULL,0,NULL,NULL),(648,176,'2026-01-22',7.58,0.00,0.00,'排班管理',1,'2026-01-26 07:46:35','2026-01-22 03:01:35','2026-01-26 07:46:35',NULL,NULL,NULL,NULL,0,NULL,NULL),(649,177,'2026-01-22',7.58,0.00,0.00,'排班管理',1,'2026-01-26 07:46:35','2026-01-22 03:01:35','2026-01-26 07:46:35',NULL,NULL,NULL,NULL,1,1,'2026-01-22 03:01:39'),(650,178,'2026-01-22',7.58,0.00,0.00,'排班管理',1,'2026-01-26 07:46:35','2026-01-22 03:01:35','2026-01-26 07:46:35',NULL,NULL,NULL,NULL,0,NULL,NULL),(651,179,'2026-01-22',7.58,0.00,0.00,'排班管理',1,'2026-01-26 07:46:35','2026-01-22 03:01:35','2026-01-26 07:46:35',NULL,NULL,NULL,NULL,0,NULL,NULL),(652,186,'2026-01-22',7.58,0.00,0.00,'排班管理',1,'2026-01-26 07:46:35','2026-01-22 03:01:35','2026-01-26 07:46:35',NULL,NULL,NULL,NULL,0,NULL,NULL),(653,198,'2026-01-22',7.58,0.00,0.00,'排班管理',1,'2026-01-26 07:46:35','2026-01-22 03:01:35','2026-01-26 07:46:35',NULL,NULL,NULL,NULL,0,NULL,NULL),(654,195,'2026-01-22',7.58,0.00,0.00,'排班管理',1,'2026-01-26 07:46:35','2026-01-22 03:01:35','2026-01-26 07:46:35',NULL,NULL,NULL,NULL,0,NULL,NULL),(655,192,'2026-01-22',7.58,0.00,0.00,'排班管理',1,'2026-01-26 07:46:35','2026-01-22 03:01:35','2026-01-26 07:46:35',NULL,NULL,NULL,NULL,0,NULL,NULL),(656,204,'2026-01-22',7.58,0.00,0.00,'排班管理',1,'2026-01-26 07:46:35','2026-01-22 03:01:35','2026-01-26 07:46:35',NULL,NULL,NULL,NULL,1,1,'2026-01-22 03:01:50'),(657,187,'2026-01-22',7.58,0.00,0.00,'排班管理',1,'2026-01-26 07:46:35','2026-01-22 03:01:35','2026-01-26 07:46:35',NULL,NULL,NULL,NULL,0,NULL,NULL),(658,206,'2026-01-22',7.58,0.00,0.00,'排班管理',1,'2026-01-26 07:46:35','2026-01-22 03:01:35','2026-01-26 07:46:35',NULL,NULL,NULL,NULL,0,NULL,NULL),(659,191,'2026-01-22',7.58,0.00,0.00,'排班管理',1,'2026-01-26 07:46:35','2026-01-22 03:01:35','2026-01-26 07:46:35',NULL,NULL,NULL,NULL,0,NULL,NULL),(660,185,'2026-01-22',7.58,0.00,0.00,'排班管理',1,'2026-01-26 07:46:35','2026-01-22 03:01:35','2026-01-26 07:46:35',NULL,NULL,NULL,NULL,0,NULL,NULL),(661,184,'2026-01-22',7.58,0.00,0.00,'排班管理',1,'2026-01-26 07:46:35','2026-01-22 03:01:36','2026-01-26 07:46:35',NULL,NULL,NULL,NULL,0,NULL,NULL),(662,188,'2026-01-22',7.58,0.00,0.00,'排班管理',1,'2026-01-26 07:46:35','2026-01-22 03:01:36','2026-01-26 07:46:35',NULL,NULL,NULL,NULL,0,NULL,NULL),(663,197,'2026-01-22',7.58,0.00,0.00,'排班管理',1,'2026-01-26 07:46:35','2026-01-22 03:01:36','2026-01-26 07:46:35',NULL,NULL,NULL,NULL,0,NULL,NULL),(664,203,'2026-01-22',7.58,0.00,0.00,'排班管理',1,'2026-01-26 07:46:35','2026-01-22 03:01:36','2026-01-26 07:46:35',NULL,NULL,NULL,NULL,1,1,'2026-01-22 03:01:39'),(665,201,'2026-01-22',7.58,0.00,0.00,'排班管理',1,'2026-01-26 07:46:35','2026-01-22 03:01:36','2026-01-26 07:46:35',NULL,NULL,NULL,NULL,1,1,'2026-01-22 03:01:39'),(666,207,'2026-01-22',7.58,0.00,0.00,'排班管理',1,'2026-01-26 07:46:35','2026-01-22 03:01:36','2026-01-26 07:46:35',NULL,NULL,NULL,NULL,0,NULL,NULL),(667,194,'2026-01-22',7.58,0.00,0.00,'排班管理',1,'2026-01-26 07:46:35','2026-01-22 03:01:36','2026-01-26 07:46:35',NULL,NULL,NULL,NULL,0,NULL,NULL),(668,93,'2026-01-22',7.58,0.00,0.00,'排班管理',1,'2026-01-26 07:46:35','2026-01-22 03:01:36','2026-01-26 07:46:35',NULL,NULL,NULL,NULL,0,NULL,NULL),(669,202,'2026-01-22',7.58,0.00,0.00,'排班管理',1,'2026-01-26 07:46:35','2026-01-22 03:01:36','2026-01-26 07:46:35',NULL,NULL,NULL,NULL,1,1,'2026-01-22 03:01:39'),(670,196,'2026-01-22',7.58,0.00,0.00,'排班管理',1,'2026-01-26 07:46:35','2026-01-22 03:01:36','2026-01-26 07:46:35',NULL,NULL,NULL,NULL,0,NULL,NULL),(671,199,'2026-01-22',7.58,0.00,0.00,'排班管理',1,'2026-01-26 07:46:35','2026-01-22 03:01:36','2026-01-26 07:46:35',NULL,NULL,NULL,NULL,1,1,'2026-01-22 03:01:39'),(672,200,'2026-01-22',7.58,0.00,0.00,'排班管理',1,'2026-01-26 07:46:35','2026-01-22 03:01:36','2026-01-26 07:46:35',NULL,NULL,NULL,NULL,1,1,'2026-01-22 03:01:39'),(673,205,'2026-01-22',7.58,0.00,0.00,'排班管理',1,'2026-01-26 07:46:35','2026-01-22 03:01:36','2026-01-26 07:46:35',NULL,NULL,NULL,NULL,1,1,'2026-01-22 03:01:39'),(674,189,'2026-01-22',7.58,0.00,0.00,'排班管理',1,'2026-01-26 07:46:36','2026-01-22 03:01:36','2026-01-26 07:46:36',NULL,NULL,NULL,NULL,0,NULL,NULL),(675,193,'2026-01-22',7.58,0.00,0.00,'排班管理',1,'2026-01-26 07:46:36','2026-01-22 03:01:36','2026-01-26 07:46:36',NULL,NULL,NULL,NULL,0,NULL,NULL),(676,190,'2026-01-22',7.58,0.00,0.00,'排班管理',1,'2026-01-26 07:46:36','2026-01-22 03:01:36','2026-01-26 07:46:36',NULL,NULL,NULL,NULL,0,NULL,NULL),(677,170,'2026-01-23',7.58,0.00,0.00,'排班管理',1,'2026-01-23 08:33:36','2026-01-22 07:24:29','2026-01-23 08:33:36',NULL,NULL,NULL,NULL,0,NULL,NULL),(678,171,'2026-01-23',7.58,0.00,0.00,'排班管理',1,'2026-01-23 08:33:36','2026-01-22 07:24:29','2026-01-23 08:33:36',NULL,NULL,NULL,NULL,0,NULL,NULL),(679,172,'2026-01-23',7.58,0.00,0.00,'排班管理',1,'2026-01-23 08:33:36','2026-01-22 07:24:29','2026-01-23 08:33:36',NULL,NULL,NULL,NULL,0,NULL,NULL),(680,173,'2026-01-23',7.58,0.00,0.00,'排班管理',1,'2026-01-23 08:33:36','2026-01-22 07:24:29','2026-01-23 08:33:36',NULL,NULL,NULL,NULL,0,NULL,NULL),(681,174,'2026-01-23',7.58,0.00,0.00,'排班管理',1,'2026-01-23 08:33:36','2026-01-22 07:24:29','2026-01-23 08:33:36',NULL,NULL,NULL,NULL,0,NULL,NULL),(682,175,'2026-01-23',7.58,0.00,0.00,'排班管理',1,'2026-01-23 08:33:36','2026-01-22 07:24:29','2026-01-23 08:33:36',NULL,NULL,NULL,NULL,0,NULL,NULL),(683,176,'2026-01-23',7.58,0.00,0.00,'排班管理',1,'2026-01-23 08:33:36','2026-01-22 07:24:29','2026-01-23 08:33:36',NULL,NULL,NULL,NULL,0,NULL,NULL),(684,177,'2026-01-23',7.58,0.00,0.00,'排班管理',1,'2026-01-23 08:33:36','2026-01-22 07:24:29','2026-01-23 08:33:36',NULL,NULL,NULL,NULL,0,NULL,NULL),(685,178,'2026-01-23',7.58,0.00,0.00,'排班管理',1,'2026-01-23 08:33:36','2026-01-22 07:24:29','2026-01-23 08:33:36',NULL,NULL,NULL,NULL,0,NULL,NULL),(686,179,'2026-01-23',7.58,0.00,0.00,'排班管理',1,'2026-01-23 08:33:36','2026-01-22 07:24:29','2026-01-23 08:33:36',NULL,NULL,NULL,NULL,0,NULL,NULL),(687,186,'2026-01-23',7.58,0.00,0.00,'排班管理',1,'2026-01-23 08:33:36','2026-01-22 07:24:29','2026-01-23 08:33:36',NULL,NULL,NULL,NULL,0,NULL,NULL),(688,198,'2026-01-23',7.58,0.00,0.00,'排班管理',1,'2026-01-23 08:33:36','2026-01-22 07:24:29','2026-01-23 08:33:36',NULL,NULL,NULL,NULL,0,NULL,NULL),(689,195,'2026-01-23',7.58,0.00,0.00,'排班管理',1,'2026-01-23 08:33:36','2026-01-22 07:24:29','2026-01-23 08:33:36',NULL,NULL,NULL,NULL,0,NULL,NULL),(690,192,'2026-01-23',7.58,0.00,0.00,'排班管理',1,'2026-01-23 08:33:36','2026-01-22 07:24:29','2026-01-23 08:33:36',NULL,NULL,NULL,NULL,0,NULL,NULL),(691,204,'2026-01-23',7.58,0.00,0.00,'排班管理',1,'2026-01-23 08:33:36','2026-01-22 07:24:29','2026-01-23 08:33:36',NULL,NULL,NULL,NULL,0,NULL,NULL),(692,187,'2026-01-23',7.58,0.00,0.00,'排班管理',1,'2026-01-23 08:33:36','2026-01-22 07:24:29','2026-01-23 08:33:36',NULL,NULL,NULL,NULL,0,NULL,NULL),(693,206,'2026-01-23',7.58,0.00,0.00,'排班管理',1,'2026-01-23 08:33:36','2026-01-22 07:24:29','2026-01-23 08:33:36',NULL,NULL,NULL,NULL,0,NULL,NULL),(694,191,'2026-01-23',7.58,0.00,0.00,'排班管理',1,'2026-01-23 08:33:36','2026-01-22 07:24:29','2026-01-23 08:33:36',NULL,NULL,NULL,NULL,0,NULL,NULL),(695,185,'2026-01-23',7.58,0.00,0.00,'排班管理',1,'2026-01-23 08:33:36','2026-01-22 07:24:29','2026-01-23 08:33:36',NULL,NULL,NULL,NULL,0,NULL,NULL),(696,184,'2026-01-23',7.58,0.00,0.00,'排班管理',1,'2026-01-23 08:33:36','2026-01-22 07:24:29','2026-01-23 08:33:36',NULL,NULL,NULL,NULL,0,NULL,NULL),(697,188,'2026-01-23',7.58,0.00,0.00,'排班管理',1,'2026-01-23 08:33:36','2026-01-22 07:24:29','2026-01-23 08:33:36',NULL,NULL,NULL,NULL,0,NULL,NULL),(698,197,'2026-01-23',7.58,0.00,0.00,'排班管理',1,'2026-01-23 08:33:36','2026-01-22 07:24:29','2026-01-23 08:33:36',NULL,NULL,NULL,NULL,0,NULL,NULL),(699,203,'2026-01-23',7.58,0.00,0.00,'排班管理',1,'2026-01-23 08:33:36','2026-01-22 07:24:29','2026-01-23 08:33:36',NULL,NULL,NULL,NULL,0,NULL,NULL),(700,201,'2026-01-23',7.58,0.00,0.00,'排班管理',1,'2026-01-23 08:33:36','2026-01-22 07:24:29','2026-01-23 08:33:36',NULL,NULL,NULL,NULL,0,NULL,NULL),(701,207,'2026-01-23',7.58,0.00,0.00,'排班管理',1,'2026-01-23 08:33:36','2026-01-22 07:24:29','2026-01-23 08:33:36',NULL,NULL,NULL,NULL,0,NULL,NULL),(702,194,'2026-01-23',7.58,0.00,0.00,'排班管理',1,'2026-01-23 08:33:36','2026-01-22 07:24:29','2026-01-23 08:33:36',NULL,NULL,NULL,NULL,0,NULL,NULL),(703,93,'2026-01-23',7.58,0.00,0.00,'排班管理',1,'2026-01-23 08:33:36','2026-01-22 07:24:29','2026-01-23 08:33:36',NULL,NULL,NULL,NULL,0,NULL,NULL),(704,202,'2026-01-23',7.58,0.00,0.00,'排班管理',1,'2026-01-23 08:33:36','2026-01-22 07:24:29','2026-01-23 08:33:36',NULL,NULL,NULL,NULL,0,NULL,NULL),(705,196,'2026-01-23',7.58,0.00,0.00,'排班管理',1,'2026-01-23 08:33:36','2026-01-22 07:24:29','2026-01-23 08:33:36',NULL,NULL,NULL,NULL,0,NULL,NULL),(706,199,'2026-01-23',7.58,0.00,0.00,'排班管理',1,'2026-01-23 08:33:36','2026-01-22 07:24:29','2026-01-23 08:33:36',NULL,NULL,NULL,NULL,0,NULL,NULL),(707,200,'2026-01-23',7.58,0.00,0.00,'排班管理',1,'2026-01-23 08:33:36','2026-01-22 07:24:29','2026-01-23 08:33:36',NULL,NULL,NULL,NULL,0,NULL,NULL),(708,205,'2026-01-23',7.58,0.00,0.00,'排班管理',1,'2026-01-23 08:33:36','2026-01-22 07:24:29','2026-01-23 08:33:36',NULL,NULL,NULL,NULL,0,NULL,NULL),(709,189,'2026-01-23',7.58,0.00,0.00,'排班管理',1,'2026-01-23 08:33:36','2026-01-22 07:24:29','2026-01-23 08:33:36',NULL,NULL,NULL,NULL,0,NULL,NULL),(710,193,'2026-01-23',7.58,0.00,0.00,'排班管理',1,'2026-01-23 08:33:36','2026-01-22 07:24:29','2026-01-23 08:33:36',NULL,NULL,NULL,NULL,0,NULL,NULL),(711,190,'2026-01-23',7.58,0.00,0.00,'排班管理',1,'2026-01-23 08:33:36','2026-01-22 07:24:29','2026-01-23 08:33:36',NULL,NULL,NULL,NULL,0,NULL,NULL),(712,170,'2026-01-24',9.58,0.00,1.00,NULL,1,'2026-01-22 07:51:07','2026-01-22 07:24:49','2026-01-22 07:51:07','00:00','00:00','18:20','19:20',0,NULL,NULL),(713,171,'2026-01-24',9.58,0.00,0.00,'批量考勤管理',1,'2026-01-22 07:24:49','2026-01-22 07:24:49','2026-01-22 07:24:49',NULL,NULL,NULL,NULL,0,NULL,NULL),(714,172,'2026-01-24',9.58,0.00,0.00,'批量考勤管理',1,'2026-01-22 07:24:49','2026-01-22 07:24:49','2026-01-22 07:24:49',NULL,NULL,NULL,NULL,0,NULL,NULL),(715,173,'2026-01-24',9.58,0.00,0.00,'批量考勤管理',1,'2026-01-22 07:24:49','2026-01-22 07:24:49','2026-01-22 07:24:49',NULL,NULL,NULL,NULL,0,NULL,NULL),(716,174,'2026-01-24',9.58,0.00,0.00,'批量考勤管理',1,'2026-01-22 07:24:49','2026-01-22 07:24:49','2026-01-22 07:24:49',NULL,NULL,NULL,NULL,0,NULL,NULL),(717,175,'2026-01-24',9.58,0.00,0.00,'批量考勤管理',1,'2026-01-22 07:24:49','2026-01-22 07:24:49','2026-01-22 07:24:49',NULL,NULL,NULL,NULL,0,NULL,NULL),(718,176,'2026-01-24',9.58,0.00,0.00,'批量考勤管理',1,'2026-01-22 07:24:49','2026-01-22 07:24:49','2026-01-22 07:24:49',NULL,NULL,NULL,NULL,0,NULL,NULL),(719,177,'2026-01-24',9.58,0.00,0.00,'批量考勤管理',1,'2026-01-22 07:24:49','2026-01-22 07:24:49','2026-01-22 07:24:49',NULL,NULL,NULL,NULL,0,NULL,NULL),(720,178,'2026-01-24',9.58,0.00,0.00,'批量考勤管理',1,'2026-01-22 07:24:49','2026-01-22 07:24:49','2026-01-22 07:24:49',NULL,NULL,NULL,NULL,0,NULL,NULL),(721,179,'2026-01-24',9.58,0.00,0.00,'批量考勤管理',1,'2026-01-22 07:24:49','2026-01-22 07:24:49','2026-01-22 07:24:49',NULL,NULL,NULL,NULL,0,NULL,NULL),(722,186,'2026-01-24',9.58,0.00,0.00,'批量考勤管理',1,'2026-01-22 07:24:49','2026-01-22 07:24:49','2026-01-22 07:24:49',NULL,NULL,NULL,NULL,0,NULL,NULL),(723,198,'2026-01-24',9.58,0.00,0.00,'批量考勤管理',1,'2026-01-22 07:24:49','2026-01-22 07:24:49','2026-01-22 07:24:49',NULL,NULL,NULL,NULL,0,NULL,NULL),(724,195,'2026-01-24',9.58,0.00,0.00,'批量考勤管理',1,'2026-01-22 07:24:49','2026-01-22 07:24:49','2026-01-22 07:24:49',NULL,NULL,NULL,NULL,0,NULL,NULL),(725,192,'2026-01-24',9.58,0.00,0.00,'批量考勤管理',1,'2026-01-22 07:24:49','2026-01-22 07:24:49','2026-01-22 07:24:49',NULL,NULL,NULL,NULL,0,NULL,NULL),(726,204,'2026-01-24',9.58,0.00,0.00,'批量考勤管理',1,'2026-01-22 07:24:49','2026-01-22 07:24:49','2026-01-22 07:24:49',NULL,NULL,NULL,NULL,0,NULL,NULL),(727,187,'2026-01-24',9.58,0.00,0.00,'批量考勤管理',1,'2026-01-22 07:24:49','2026-01-22 07:24:49','2026-01-22 07:24:49',NULL,NULL,NULL,NULL,0,NULL,NULL),(728,206,'2026-01-24',9.58,0.00,0.00,'批量考勤管理',1,'2026-01-22 07:24:49','2026-01-22 07:24:49','2026-01-22 07:24:49',NULL,NULL,NULL,NULL,0,NULL,NULL),(729,191,'2026-01-24',9.58,0.00,0.00,'批量考勤管理',1,'2026-01-22 07:24:49','2026-01-22 07:24:49','2026-01-22 07:24:49',NULL,NULL,NULL,NULL,0,NULL,NULL),(730,185,'2026-01-24',9.58,0.00,0.00,'批量考勤管理',1,'2026-01-22 07:24:49','2026-01-22 07:24:49','2026-01-22 07:24:49',NULL,NULL,NULL,NULL,0,NULL,NULL),(731,184,'2026-01-24',9.58,0.00,0.00,'批量考勤管理',1,'2026-01-22 07:24:49','2026-01-22 07:24:49','2026-01-22 07:24:49',NULL,NULL,NULL,NULL,0,NULL,NULL),(732,188,'2026-01-24',9.58,0.00,0.00,'批量考勤管理',1,'2026-01-22 07:24:49','2026-01-22 07:24:49','2026-01-22 07:24:49',NULL,NULL,NULL,NULL,0,NULL,NULL),(733,197,'2026-01-24',9.58,0.00,0.00,'批量考勤管理',1,'2026-01-22 07:24:49','2026-01-22 07:24:49','2026-01-22 07:24:49',NULL,NULL,NULL,NULL,0,NULL,NULL),(734,203,'2026-01-24',9.58,0.00,0.00,'批量考勤管理',1,'2026-01-22 07:24:49','2026-01-22 07:24:49','2026-01-22 07:24:49',NULL,NULL,NULL,NULL,0,NULL,NULL),(735,201,'2026-01-24',9.58,0.00,0.00,'批量考勤管理',1,'2026-01-22 07:24:49','2026-01-22 07:24:49','2026-01-22 07:24:49',NULL,NULL,NULL,NULL,0,NULL,NULL),(736,207,'2026-01-24',9.58,0.00,0.00,'批量考勤管理',1,'2026-01-22 07:24:49','2026-01-22 07:24:49','2026-01-22 07:24:49',NULL,NULL,NULL,NULL,0,NULL,NULL),(737,194,'2026-01-24',9.58,0.00,0.00,'批量考勤管理',1,'2026-01-22 07:24:49','2026-01-22 07:24:49','2026-01-22 07:24:49',NULL,NULL,NULL,NULL,0,NULL,NULL),(738,93,'2026-01-24',9.58,0.00,0.00,'批量考勤管理',1,'2026-01-22 07:24:49','2026-01-22 07:24:49','2026-01-22 07:24:49',NULL,NULL,NULL,NULL,0,NULL,NULL),(739,202,'2026-01-24',9.58,0.00,0.00,'批量考勤管理',1,'2026-01-22 07:24:49','2026-01-22 07:24:49','2026-01-22 07:24:49',NULL,NULL,NULL,NULL,0,NULL,NULL),(740,196,'2026-01-24',9.58,0.00,0.00,'批量考勤管理',1,'2026-01-22 07:24:49','2026-01-22 07:24:49','2026-01-22 07:24:49',NULL,NULL,NULL,NULL,0,NULL,NULL),(741,199,'2026-01-24',9.58,0.00,0.00,'批量考勤管理',1,'2026-01-22 07:24:49','2026-01-22 07:24:49','2026-01-22 07:24:49',NULL,NULL,NULL,NULL,0,NULL,NULL),(742,200,'2026-01-24',9.58,0.00,0.00,'批量考勤管理',1,'2026-01-22 07:24:49','2026-01-22 07:24:49','2026-01-22 07:24:49',NULL,NULL,NULL,NULL,0,NULL,NULL),(743,205,'2026-01-24',9.58,0.00,0.00,'批量考勤管理',1,'2026-01-22 07:24:49','2026-01-22 07:24:49','2026-01-22 07:24:49',NULL,NULL,NULL,NULL,0,NULL,NULL),(744,189,'2026-01-24',9.58,0.00,0.00,'批量考勤管理',1,'2026-01-22 07:24:49','2026-01-22 07:24:49','2026-01-22 07:24:49',NULL,NULL,NULL,NULL,0,NULL,NULL),(745,193,'2026-01-24',9.58,0.00,0.00,'批量考勤管理',1,'2026-01-22 07:24:49','2026-01-22 07:24:49','2026-01-22 07:24:49',NULL,NULL,NULL,NULL,0,NULL,NULL),(746,190,'2026-01-24',9.58,0.00,0.00,'批量考勤管理',1,'2026-01-22 07:24:49','2026-01-22 07:24:49','2026-01-22 07:24:49',NULL,NULL,NULL,NULL,0,NULL,NULL),(747,170,'2026-01-25',0.00,0.00,0.00,'批量考勤管理',1,'2026-01-22 08:00:20','2026-01-22 07:25:04','2026-01-22 08:00:20',NULL,NULL,NULL,NULL,0,NULL,NULL),(748,171,'2026-01-25',0.00,0.00,0.00,'批量考勤管理',1,'2026-01-22 08:00:20','2026-01-22 07:25:04','2026-01-22 08:00:20',NULL,NULL,NULL,NULL,0,NULL,NULL),(749,172,'2026-01-25',0.00,0.00,0.00,'批量考勤管理',1,'2026-01-22 08:00:20','2026-01-22 07:25:04','2026-01-22 08:00:20',NULL,NULL,NULL,NULL,0,NULL,NULL),(750,173,'2026-01-25',0.00,0.00,0.00,'批量考勤管理',1,'2026-01-22 08:00:20','2026-01-22 07:25:04','2026-01-22 08:00:20',NULL,NULL,NULL,NULL,0,NULL,NULL),(751,174,'2026-01-25',0.00,0.00,0.00,'批量考勤管理',1,'2026-01-22 08:00:20','2026-01-22 07:25:04','2026-01-22 08:00:20',NULL,NULL,NULL,NULL,0,NULL,NULL),(752,175,'2026-01-25',0.00,0.00,0.00,'批量考勤管理',1,'2026-01-22 08:00:20','2026-01-22 07:25:04','2026-01-22 08:00:20',NULL,NULL,NULL,NULL,0,NULL,NULL),(753,176,'2026-01-25',0.00,0.00,0.00,'批量考勤管理',1,'2026-01-22 08:00:20','2026-01-22 07:25:04','2026-01-22 08:00:20',NULL,NULL,NULL,NULL,0,NULL,NULL),(754,177,'2026-01-25',0.00,0.00,0.00,'批量考勤管理',1,'2026-01-22 08:00:20','2026-01-22 07:25:04','2026-01-22 08:00:20',NULL,NULL,NULL,NULL,0,NULL,NULL),(755,178,'2026-01-25',0.00,0.00,0.00,'批量考勤管理',1,'2026-01-22 08:00:20','2026-01-22 07:25:04','2026-01-22 08:00:20',NULL,NULL,NULL,NULL,0,NULL,NULL),(756,179,'2026-01-25',0.00,0.00,0.00,'批量考勤管理',1,'2026-01-22 08:00:20','2026-01-22 07:25:04','2026-01-22 08:00:20',NULL,NULL,NULL,NULL,0,NULL,NULL),(757,186,'2026-01-25',0.00,0.00,0.00,'批量考勤管理',1,'2026-01-22 08:00:20','2026-01-22 07:25:04','2026-01-22 08:00:20',NULL,NULL,NULL,NULL,0,NULL,NULL),(758,198,'2026-01-25',0.00,0.00,0.00,'批量考勤管理',1,'2026-01-22 08:00:20','2026-01-22 07:25:04','2026-01-22 08:00:20',NULL,NULL,NULL,NULL,0,NULL,NULL),(759,195,'2026-01-25',0.00,0.00,0.00,'批量考勤管理',1,'2026-01-22 08:00:20','2026-01-22 07:25:04','2026-01-22 08:00:20',NULL,NULL,NULL,NULL,0,NULL,NULL),(760,192,'2026-01-25',0.00,0.00,0.00,'批量考勤管理',1,'2026-01-22 08:00:20','2026-01-22 07:25:04','2026-01-22 08:00:20',NULL,NULL,NULL,NULL,0,NULL,NULL),(761,204,'2026-01-25',0.00,0.00,0.00,'批量考勤管理',1,'2026-01-22 08:00:20','2026-01-22 07:25:04','2026-01-22 08:00:20',NULL,NULL,NULL,NULL,0,NULL,NULL),(762,187,'2026-01-25',0.00,0.00,0.00,'批量考勤管理',1,'2026-01-22 08:00:20','2026-01-22 07:25:04','2026-01-22 08:00:20',NULL,NULL,NULL,NULL,0,NULL,NULL),(763,206,'2026-01-25',0.00,0.00,0.00,'批量考勤管理',1,'2026-01-22 08:00:20','2026-01-22 07:25:04','2026-01-22 08:00:20',NULL,NULL,NULL,NULL,0,NULL,NULL),(764,191,'2026-01-25',0.00,0.00,0.00,'批量考勤管理',1,'2026-01-22 08:00:20','2026-01-22 07:25:04','2026-01-22 08:00:20',NULL,NULL,NULL,NULL,0,NULL,NULL),(765,185,'2026-01-25',0.00,0.00,0.00,'批量考勤管理',1,'2026-01-22 08:00:20','2026-01-22 07:25:04','2026-01-22 08:00:20',NULL,NULL,NULL,NULL,0,NULL,NULL),(766,184,'2026-01-25',0.00,0.00,0.00,'批量考勤管理',1,'2026-01-22 08:00:20','2026-01-22 07:25:04','2026-01-22 08:00:20',NULL,NULL,NULL,NULL,0,NULL,NULL),(767,188,'2026-01-25',0.00,0.00,0.00,'批量考勤管理',1,'2026-01-22 08:00:20','2026-01-22 07:25:04','2026-01-22 08:00:20',NULL,NULL,NULL,NULL,0,NULL,NULL),(768,197,'2026-01-25',0.00,0.00,0.00,'批量考勤管理',1,'2026-01-22 08:00:20','2026-01-22 07:25:04','2026-01-22 08:00:20',NULL,NULL,NULL,NULL,0,NULL,NULL),(769,203,'2026-01-25',0.00,0.00,0.00,'批量考勤管理',1,'2026-01-22 08:00:20','2026-01-22 07:25:04','2026-01-22 08:00:20',NULL,NULL,NULL,NULL,0,NULL,NULL),(770,201,'2026-01-25',0.00,0.00,0.00,'批量考勤管理',1,'2026-01-22 08:00:20','2026-01-22 07:25:04','2026-01-22 08:00:20',NULL,NULL,NULL,NULL,0,NULL,NULL),(771,207,'2026-01-25',0.00,0.00,0.00,'批量考勤管理',1,'2026-01-22 08:00:20','2026-01-22 07:25:04','2026-01-22 08:00:20',NULL,NULL,NULL,NULL,0,NULL,NULL),(772,194,'2026-01-25',0.00,0.00,0.00,'批量考勤管理',1,'2026-01-22 08:00:20','2026-01-22 07:25:04','2026-01-22 08:00:20',NULL,NULL,NULL,NULL,0,NULL,NULL),(773,93,'2026-01-25',0.00,0.00,0.00,'批量考勤管理',1,'2026-01-22 08:00:20','2026-01-22 07:25:04','2026-01-22 08:00:20',NULL,NULL,NULL,NULL,0,NULL,NULL),(774,202,'2026-01-25',0.00,0.00,0.00,'批量考勤管理',1,'2026-01-22 08:00:20','2026-01-22 07:25:04','2026-01-22 08:00:20',NULL,NULL,NULL,NULL,0,NULL,NULL),(775,196,'2026-01-25',0.00,0.00,0.00,'批量考勤管理',1,'2026-01-22 08:00:20','2026-01-22 07:25:04','2026-01-22 08:00:20',NULL,NULL,NULL,NULL,0,NULL,NULL),(776,199,'2026-01-25',0.00,0.00,0.00,'批量考勤管理',1,'2026-01-22 08:00:20','2026-01-22 07:25:04','2026-01-22 08:00:20',NULL,NULL,NULL,NULL,0,NULL,NULL),(777,200,'2026-01-25',0.00,0.00,0.00,'批量考勤管理',1,'2026-01-22 08:00:20','2026-01-22 07:25:04','2026-01-22 08:00:20',NULL,NULL,NULL,NULL,0,NULL,NULL),(778,205,'2026-01-25',0.00,0.00,0.00,'批量考勤管理',1,'2026-01-22 08:00:20','2026-01-22 07:25:04','2026-01-22 08:00:20',NULL,NULL,NULL,NULL,0,NULL,NULL),(779,189,'2026-01-25',0.00,0.00,0.00,'批量考勤管理',1,'2026-01-22 08:00:20','2026-01-22 07:25:04','2026-01-22 08:00:20',NULL,NULL,NULL,NULL,0,NULL,NULL),(780,193,'2026-01-25',0.00,0.00,0.00,'批量考勤管理',1,'2026-01-22 08:00:20','2026-01-22 07:25:04','2026-01-22 08:00:20',NULL,NULL,NULL,NULL,0,NULL,NULL),(781,190,'2026-01-25',0.00,0.00,0.00,'批量考勤管理',1,'2026-01-22 08:00:20','2026-01-22 07:25:04','2026-01-22 08:00:20',NULL,NULL,NULL,NULL,0,NULL,NULL),(782,170,'2026-01-26',7.58,2.00,6.17,NULL,1,'2026-01-22 07:59:55','2026-01-22 07:25:21','2026-01-22 07:59:55','18:20','20:20','11:50','18:00',0,NULL,NULL),(783,170,'2026-01-27',7.58,2.00,0.00,'批量考勤管理',1,'2026-01-22 07:58:28','2026-01-22 07:25:21','2026-01-22 07:58:28','18:20','20:20',NULL,NULL,0,NULL,NULL),(784,170,'2026-01-28',7.58,2.00,0.00,'批量考勤管理',1,'2026-01-22 07:58:28','2026-01-22 07:25:21','2026-01-22 07:58:28','18:20','20:20',NULL,NULL,0,NULL,NULL),(785,170,'2026-01-29',7.58,0.00,0.00,'批量考勤管理',1,'2026-01-22 08:05:31','2026-01-22 07:25:21','2026-01-22 08:05:31',NULL,NULL,NULL,NULL,0,NULL,NULL),(786,171,'2026-01-26',7.58,2.00,0.00,'批量考勤管理',1,'2026-01-22 07:58:28','2026-01-22 07:25:21','2026-01-22 07:58:28','18:20','20:20',NULL,NULL,0,NULL,NULL),(787,171,'2026-01-27',7.58,2.00,0.00,'批量考勤管理',1,'2026-01-22 07:58:28','2026-01-22 07:25:21','2026-01-22 07:58:28','18:20','20:20',NULL,NULL,0,NULL,NULL),(788,171,'2026-01-28',7.58,2.00,0.00,'批量考勤管理',1,'2026-01-22 07:58:28','2026-01-22 07:25:21','2026-01-22 07:58:28','18:20','20:20',NULL,NULL,0,NULL,NULL),(789,171,'2026-01-29',7.58,0.00,0.00,'批量考勤管理',1,'2026-01-22 08:05:31','2026-01-22 07:25:21','2026-01-22 08:05:31',NULL,NULL,NULL,NULL,0,NULL,NULL),(790,172,'2026-01-26',7.58,2.00,0.00,'批量考勤管理',1,'2026-01-22 07:58:28','2026-01-22 07:25:21','2026-01-22 07:58:28','18:20','20:20',NULL,NULL,0,NULL,NULL),(791,172,'2026-01-27',7.58,2.00,0.00,'批量考勤管理',1,'2026-01-22 07:58:28','2026-01-22 07:25:21','2026-01-22 07:58:28','18:20','20:20',NULL,NULL,0,NULL,NULL),(792,172,'2026-01-28',7.58,2.00,0.00,'批量考勤管理',1,'2026-01-22 07:58:28','2026-01-22 07:25:21','2026-01-22 07:58:28','18:20','20:20',NULL,NULL,0,NULL,NULL),(793,172,'2026-01-29',7.58,0.00,0.00,'批量考勤管理',1,'2026-01-22 08:05:31','2026-01-22 07:25:21','2026-01-22 08:05:31',NULL,NULL,NULL,NULL,0,NULL,NULL),(794,173,'2026-01-26',7.58,2.00,0.00,'批量考勤管理',1,'2026-01-22 07:58:28','2026-01-22 07:25:21','2026-01-22 07:58:28','18:20','20:20',NULL,NULL,0,NULL,NULL),(795,173,'2026-01-27',7.58,2.00,0.00,'批量考勤管理',1,'2026-01-22 07:58:28','2026-01-22 07:25:22','2026-01-22 07:58:28','18:20','20:20',NULL,NULL,0,NULL,NULL),(796,173,'2026-01-28',7.58,2.00,0.00,'批量考勤管理',1,'2026-01-22 07:58:28','2026-01-22 07:25:22','2026-01-22 07:58:28','18:20','20:20',NULL,NULL,0,NULL,NULL),(797,173,'2026-01-29',7.58,0.00,0.00,'批量考勤管理',1,'2026-01-22 08:05:31','2026-01-22 07:25:22','2026-01-22 08:05:31',NULL,NULL,NULL,NULL,0,NULL,NULL),(798,174,'2026-01-26',7.58,2.00,0.00,'批量考勤管理',1,'2026-01-22 07:58:28','2026-01-22 07:25:22','2026-01-22 07:58:28','18:20','20:20',NULL,NULL,0,NULL,NULL),(799,174,'2026-01-27',7.58,2.00,0.00,'批量考勤管理',1,'2026-01-22 07:58:28','2026-01-22 07:25:22','2026-01-22 07:58:28','18:20','20:20',NULL,NULL,0,NULL,NULL),(800,174,'2026-01-28',7.58,2.00,0.00,'批量考勤管理',1,'2026-01-22 07:58:28','2026-01-22 07:25:22','2026-01-22 07:58:28','18:20','20:20',NULL,NULL,0,NULL,NULL),(801,174,'2026-01-29',7.58,0.00,0.00,'批量考勤管理',1,'2026-01-22 08:05:31','2026-01-22 07:25:22','2026-01-22 08:05:31',NULL,NULL,NULL,NULL,0,NULL,NULL),(802,175,'2026-01-26',7.58,2.00,0.00,'批量考勤管理',1,'2026-01-22 07:58:28','2026-01-22 07:25:22','2026-01-22 07:58:28','18:20','20:20',NULL,NULL,0,NULL,NULL),(803,175,'2026-01-27',7.58,2.00,0.00,'批量考勤管理',1,'2026-01-22 07:58:28','2026-01-22 07:25:22','2026-01-22 07:58:28','18:20','20:20',NULL,NULL,0,NULL,NULL),(804,175,'2026-01-28',7.58,2.00,0.00,'批量考勤管理',1,'2026-01-22 07:58:28','2026-01-22 07:25:22','2026-01-22 07:58:28','18:20','20:20',NULL,NULL,0,NULL,NULL),(805,175,'2026-01-29',7.58,0.00,0.00,'批量考勤管理',1,'2026-01-22 08:05:31','2026-01-22 07:25:22','2026-01-22 08:05:31',NULL,NULL,NULL,NULL,0,NULL,NULL),(806,176,'2026-01-26',7.58,2.00,0.00,'批量考勤管理',1,'2026-01-22 07:58:28','2026-01-22 07:25:22','2026-01-22 07:58:28','18:20','20:20',NULL,NULL,0,NULL,NULL),(807,176,'2026-01-27',7.58,2.00,0.00,'批量考勤管理',1,'2026-01-22 07:58:28','2026-01-22 07:25:22','2026-01-22 07:58:28','18:20','20:20',NULL,NULL,0,NULL,NULL),(808,176,'2026-01-28',7.58,2.00,0.00,'批量考勤管理',1,'2026-01-22 07:58:29','2026-01-22 07:25:22','2026-01-22 07:58:29','18:20','20:20',NULL,NULL,0,NULL,NULL),(809,176,'2026-01-29',7.58,0.00,0.00,'批量考勤管理',1,'2026-01-22 08:05:31','2026-01-22 07:25:22','2026-01-22 08:05:31',NULL,NULL,NULL,NULL,0,NULL,NULL),(810,177,'2026-01-26',7.58,2.00,0.00,'批量考勤管理',1,'2026-01-22 07:58:29','2026-01-22 07:25:22','2026-01-22 07:58:29','18:20','20:20',NULL,NULL,0,NULL,NULL),(811,177,'2026-01-27',7.58,2.00,0.00,'批量考勤管理',1,'2026-01-22 07:58:29','2026-01-22 07:25:22','2026-01-22 07:58:29','18:20','20:20',NULL,NULL,0,NULL,NULL),(812,177,'2026-01-28',7.58,2.00,0.00,'批量考勤管理',1,'2026-01-22 07:58:29','2026-01-22 07:25:22','2026-01-22 07:58:29','18:20','20:20',NULL,NULL,0,NULL,NULL),(813,177,'2026-01-29',7.58,0.00,0.00,'批量考勤管理',1,'2026-01-22 08:05:31','2026-01-22 07:25:22','2026-01-22 08:05:31',NULL,NULL,NULL,NULL,0,NULL,NULL),(814,178,'2026-01-26',7.58,2.00,0.00,'批量考勤管理',1,'2026-01-22 07:58:29','2026-01-22 07:25:22','2026-01-22 07:58:29','18:20','20:20',NULL,NULL,0,NULL,NULL),(815,178,'2026-01-27',7.58,2.00,0.00,'批量考勤管理',1,'2026-01-22 07:58:29','2026-01-22 07:25:22','2026-01-22 07:58:29','18:20','20:20',NULL,NULL,0,NULL,NULL),(816,178,'2026-01-28',7.58,2.00,0.00,'批量考勤管理',1,'2026-01-22 07:58:29','2026-01-22 07:25:22','2026-01-22 07:58:29','18:20','20:20',NULL,NULL,0,NULL,NULL),(817,178,'2026-01-29',7.58,0.00,0.00,'批量考勤管理',1,'2026-01-22 08:05:31','2026-01-22 07:25:22','2026-01-22 08:05:31',NULL,NULL,NULL,NULL,0,NULL,NULL),(818,179,'2026-01-26',7.58,2.00,0.00,'批量考勤管理',1,'2026-01-22 07:58:29','2026-01-22 07:25:22','2026-01-22 07:58:29','18:20','20:20',NULL,NULL,0,NULL,NULL),(819,179,'2026-01-27',7.58,2.00,0.00,'批量考勤管理',1,'2026-01-22 07:58:29','2026-01-22 07:25:22','2026-01-22 07:58:29','18:20','20:20',NULL,NULL,0,NULL,NULL),(820,179,'2026-01-28',7.58,2.00,0.00,'批量考勤管理',1,'2026-01-22 07:58:29','2026-01-22 07:25:22','2026-01-22 07:58:29','18:20','20:20',NULL,NULL,0,NULL,NULL),(821,179,'2026-01-29',7.58,0.00,0.00,'批量考勤管理',1,'2026-01-22 08:05:31','2026-01-22 07:25:22','2026-01-22 08:05:31',NULL,NULL,NULL,NULL,0,NULL,NULL),(822,186,'2026-01-26',7.58,2.00,0.00,'批量考勤管理',1,'2026-01-22 07:58:29','2026-01-22 07:25:22','2026-01-22 07:58:29','18:20','20:20',NULL,NULL,0,NULL,NULL),(823,186,'2026-01-27',7.58,2.00,0.00,'批量考勤管理',1,'2026-01-22 07:58:29','2026-01-22 07:25:22','2026-01-22 07:58:29','18:20','20:20',NULL,NULL,0,NULL,NULL),(824,186,'2026-01-28',7.58,2.00,0.00,'批量考勤管理',1,'2026-01-22 07:58:29','2026-01-22 07:25:22','2026-01-22 07:58:29','18:20','20:20',NULL,NULL,0,NULL,NULL),(825,186,'2026-01-29',7.58,0.00,0.00,'批量考勤管理',1,'2026-01-22 08:05:31','2026-01-22 07:25:22','2026-01-22 08:05:31',NULL,NULL,NULL,NULL,0,NULL,NULL),(826,198,'2026-01-26',7.58,2.00,0.00,'批量考勤管理',1,'2026-01-22 07:58:29','2026-01-22 07:25:22','2026-01-22 07:58:29','18:20','20:20',NULL,NULL,0,NULL,NULL),(827,198,'2026-01-27',7.58,2.00,0.00,'批量考勤管理',1,'2026-01-22 07:58:29','2026-01-22 07:25:22','2026-01-22 07:58:29','18:20','20:20',NULL,NULL,0,NULL,NULL),(828,198,'2026-01-28',7.58,2.00,0.00,'批量考勤管理',1,'2026-01-22 07:58:29','2026-01-22 07:25:22','2026-01-22 07:58:29','18:20','20:20',NULL,NULL,0,NULL,NULL),(829,198,'2026-01-29',7.58,0.00,0.00,'批量考勤管理',1,'2026-01-22 08:05:31','2026-01-22 07:25:22','2026-01-22 08:05:31',NULL,NULL,NULL,NULL,0,NULL,NULL),(830,195,'2026-01-26',7.58,2.00,0.00,'批量考勤管理',1,'2026-01-22 07:58:29','2026-01-22 07:25:22','2026-01-22 07:58:29','18:20','20:20',NULL,NULL,0,NULL,NULL),(831,195,'2026-01-27',7.58,2.00,0.00,'批量考勤管理',1,'2026-01-22 07:58:29','2026-01-22 07:25:22','2026-01-22 07:58:29','18:20','20:20',NULL,NULL,0,NULL,NULL),(832,195,'2026-01-28',7.58,2.00,0.00,'批量考勤管理',1,'2026-01-22 07:58:29','2026-01-22 07:25:22','2026-01-22 07:58:29','18:20','20:20',NULL,NULL,0,NULL,NULL),(833,195,'2026-01-29',7.58,0.00,0.00,'批量考勤管理',1,'2026-01-22 08:05:31','2026-01-22 07:25:22','2026-01-22 08:05:31',NULL,NULL,NULL,NULL,0,NULL,NULL),(834,192,'2026-01-26',7.58,2.00,0.00,'批量考勤管理',1,'2026-01-22 07:58:29','2026-01-22 07:25:22','2026-01-22 07:58:29','18:20','20:20',NULL,NULL,0,NULL,NULL),(835,192,'2026-01-27',7.58,2.00,0.00,'批量考勤管理',1,'2026-01-22 07:58:29','2026-01-22 07:25:22','2026-01-22 07:58:29','18:20','20:20',NULL,NULL,0,NULL,NULL),(836,192,'2026-01-28',7.58,2.00,0.00,'批量考勤管理',1,'2026-01-22 07:58:29','2026-01-22 07:25:22','2026-01-22 07:58:29','18:20','20:20',NULL,NULL,0,NULL,NULL),(837,192,'2026-01-29',7.58,0.00,0.00,'批量考勤管理',1,'2026-01-22 08:05:31','2026-01-22 07:25:22','2026-01-22 08:05:31',NULL,NULL,NULL,NULL,0,NULL,NULL),(838,204,'2026-01-26',7.58,2.00,0.00,'批量考勤管理',1,'2026-01-22 07:58:29','2026-01-22 07:25:22','2026-01-22 07:58:29','18:20','20:20',NULL,NULL,0,NULL,NULL),(839,204,'2026-01-27',7.58,2.00,0.00,'批量考勤管理',1,'2026-01-22 07:58:29','2026-01-22 07:25:22','2026-01-22 07:58:29','18:20','20:20',NULL,NULL,0,NULL,NULL),(840,204,'2026-01-28',7.58,2.00,0.00,'批量考勤管理',1,'2026-01-22 07:58:29','2026-01-22 07:25:22','2026-01-22 07:58:29','18:20','20:20',NULL,NULL,0,NULL,NULL),(841,204,'2026-01-29',7.58,0.00,0.00,'批量考勤管理',1,'2026-01-22 08:05:31','2026-01-22 07:25:22','2026-01-22 08:05:31',NULL,NULL,NULL,NULL,0,NULL,NULL),(842,187,'2026-01-26',7.58,2.00,0.00,'批量考勤管理',1,'2026-01-22 07:58:29','2026-01-22 07:25:22','2026-01-22 07:58:29','18:20','20:20',NULL,NULL,0,NULL,NULL),(843,187,'2026-01-27',7.58,2.00,0.00,'批量考勤管理',1,'2026-01-22 07:58:29','2026-01-22 07:25:22','2026-01-22 07:58:29','18:20','20:20',NULL,NULL,0,NULL,NULL),(844,187,'2026-01-28',7.58,2.00,0.00,'批量考勤管理',1,'2026-01-22 07:58:29','2026-01-22 07:25:22','2026-01-22 07:58:29','18:20','20:20',NULL,NULL,0,NULL,NULL),(845,187,'2026-01-29',7.58,0.00,0.00,'批量考勤管理',1,'2026-01-22 08:05:31','2026-01-22 07:25:22','2026-01-22 08:05:31',NULL,NULL,NULL,NULL,0,NULL,NULL),(846,206,'2026-01-26',7.58,2.00,0.00,'批量考勤管理',1,'2026-01-22 07:58:29','2026-01-22 07:25:22','2026-01-22 07:58:29','18:20','20:20',NULL,NULL,0,NULL,NULL),(847,206,'2026-01-27',7.58,2.00,0.00,'批量考勤管理',1,'2026-01-22 07:58:29','2026-01-22 07:25:22','2026-01-22 07:58:29','18:20','20:20',NULL,NULL,0,NULL,NULL),(848,206,'2026-01-28',7.58,2.00,0.00,'批量考勤管理',1,'2026-01-22 07:58:29','2026-01-22 07:25:22','2026-01-22 07:58:29','18:20','20:20',NULL,NULL,0,NULL,NULL),(849,206,'2026-01-29',7.58,0.00,0.00,'批量考勤管理',1,'2026-01-22 08:05:31','2026-01-22 07:25:22','2026-01-22 08:05:31',NULL,NULL,NULL,NULL,0,NULL,NULL),(850,191,'2026-01-26',7.58,2.00,0.00,'批量考勤管理',1,'2026-01-22 07:58:29','2026-01-22 07:25:22','2026-01-22 07:58:29','18:20','20:20',NULL,NULL,0,NULL,NULL),(851,191,'2026-01-27',7.58,2.00,0.00,'批量考勤管理',1,'2026-01-22 07:58:29','2026-01-22 07:25:22','2026-01-22 07:58:29','18:20','20:20',NULL,NULL,0,NULL,NULL),(852,191,'2026-01-28',7.58,2.00,0.00,'批量考勤管理',1,'2026-01-22 07:58:29','2026-01-22 07:25:22','2026-01-22 07:58:29','18:20','20:20',NULL,NULL,0,NULL,NULL),(853,191,'2026-01-29',7.58,0.00,0.00,'批量考勤管理',1,'2026-01-22 08:05:31','2026-01-22 07:25:22','2026-01-22 08:05:31',NULL,NULL,NULL,NULL,0,NULL,NULL),(854,185,'2026-01-26',7.58,2.00,0.00,'批量考勤管理',1,'2026-01-22 07:58:29','2026-01-22 07:25:22','2026-01-22 07:58:29','18:20','20:20',NULL,NULL,0,NULL,NULL),(855,185,'2026-01-27',7.58,2.00,0.00,'批量考勤管理',1,'2026-01-22 07:58:29','2026-01-22 07:25:22','2026-01-22 07:58:29','18:20','20:20',NULL,NULL,0,NULL,NULL),(856,185,'2026-01-28',7.58,2.00,0.00,'批量考勤管理',1,'2026-01-22 07:58:29','2026-01-22 07:25:22','2026-01-22 07:58:29','18:20','20:20',NULL,NULL,0,NULL,NULL),(857,185,'2026-01-29',7.58,0.00,0.00,'批量考勤管理',1,'2026-01-22 08:05:31','2026-01-22 07:25:22','2026-01-22 08:05:31',NULL,NULL,NULL,NULL,0,NULL,NULL),(858,184,'2026-01-26',7.58,2.00,0.00,'批量考勤管理',1,'2026-01-22 07:58:29','2026-01-22 07:25:22','2026-01-22 07:58:29','18:20','20:20',NULL,NULL,0,NULL,NULL),(859,184,'2026-01-27',7.58,2.00,0.00,'批量考勤管理',1,'2026-01-22 07:58:29','2026-01-22 07:25:22','2026-01-22 07:58:29','18:20','20:20',NULL,NULL,0,NULL,NULL),(860,184,'2026-01-28',7.58,2.00,0.00,'批量考勤管理',1,'2026-01-22 07:58:29','2026-01-22 07:25:22','2026-01-22 07:58:29','18:20','20:20',NULL,NULL,0,NULL,NULL),(861,184,'2026-01-29',7.58,0.00,0.00,'批量考勤管理',1,'2026-01-22 08:05:31','2026-01-22 07:25:22','2026-01-22 08:05:31',NULL,NULL,NULL,NULL,0,NULL,NULL),(862,188,'2026-01-26',7.58,2.00,0.00,'批量考勤管理',1,'2026-01-22 07:58:29','2026-01-22 07:25:22','2026-01-22 07:58:29','18:20','20:20',NULL,NULL,0,NULL,NULL),(863,188,'2026-01-27',7.58,2.00,0.00,'批量考勤管理',1,'2026-01-22 07:58:29','2026-01-22 07:25:22','2026-01-22 07:58:29','18:20','20:20',NULL,NULL,0,NULL,NULL),(864,188,'2026-01-28',7.58,2.00,0.00,'批量考勤管理',1,'2026-01-22 07:58:29','2026-01-22 07:25:22','2026-01-22 07:58:29','18:20','20:20',NULL,NULL,0,NULL,NULL),(865,188,'2026-01-29',7.58,0.00,0.00,'批量考勤管理',1,'2026-01-22 08:05:31','2026-01-22 07:25:22','2026-01-22 08:05:31',NULL,NULL,NULL,NULL,0,NULL,NULL),(866,197,'2026-01-26',7.58,2.00,0.00,'批量考勤管理',1,'2026-01-22 07:58:29','2026-01-22 07:25:22','2026-01-22 07:58:29','18:20','20:20',NULL,NULL,0,NULL,NULL),(867,197,'2026-01-27',7.58,2.00,0.00,'批量考勤管理',1,'2026-01-22 07:58:29','2026-01-22 07:25:22','2026-01-22 07:58:29','18:20','20:20',NULL,NULL,0,NULL,NULL),(868,197,'2026-01-28',7.58,2.00,0.00,'批量考勤管理',1,'2026-01-22 07:58:29','2026-01-22 07:25:22','2026-01-22 07:58:29','18:20','20:20',NULL,NULL,0,NULL,NULL),(869,197,'2026-01-29',7.58,0.00,0.00,'批量考勤管理',1,'2026-01-22 08:05:31','2026-01-22 07:25:22','2026-01-22 08:05:31',NULL,NULL,NULL,NULL,0,NULL,NULL),(870,203,'2026-01-26',7.58,2.00,0.00,'批量考勤管理',1,'2026-01-22 07:58:29','2026-01-22 07:25:22','2026-01-22 07:58:29','18:20','20:20',NULL,NULL,0,NULL,NULL),(871,203,'2026-01-27',7.58,2.00,0.00,'批量考勤管理',1,'2026-01-22 07:58:29','2026-01-22 07:25:22','2026-01-22 07:58:29','18:20','20:20',NULL,NULL,0,NULL,NULL),(872,203,'2026-01-28',7.58,2.00,0.00,'批量考勤管理',1,'2026-01-22 07:58:29','2026-01-22 07:25:22','2026-01-22 07:58:29','18:20','20:20',NULL,NULL,0,NULL,NULL),(873,203,'2026-01-29',7.58,0.00,0.00,'批量考勤管理',1,'2026-01-22 08:05:31','2026-01-22 07:25:22','2026-01-22 08:05:31',NULL,NULL,NULL,NULL,0,NULL,NULL),(874,201,'2026-01-26',7.58,2.00,0.00,'批量考勤管理',1,'2026-01-22 07:58:29','2026-01-22 07:25:22','2026-01-22 07:58:29','18:20','20:20',NULL,NULL,0,NULL,NULL),(875,201,'2026-01-27',7.58,2.00,0.00,'批量考勤管理',1,'2026-01-22 07:58:29','2026-01-22 07:25:22','2026-01-22 07:58:29','18:20','20:20',NULL,NULL,0,NULL,NULL),(876,201,'2026-01-28',7.58,2.00,0.00,'批量考勤管理',1,'2026-01-22 07:58:29','2026-01-22 07:25:22','2026-01-22 07:58:29','18:20','20:20',NULL,NULL,0,NULL,NULL),(877,201,'2026-01-29',7.58,0.00,0.00,'批量考勤管理',1,'2026-01-22 08:05:31','2026-01-22 07:25:22','2026-01-22 08:05:31',NULL,NULL,NULL,NULL,0,NULL,NULL),(878,207,'2026-01-26',7.58,2.00,0.00,'批量考勤管理',1,'2026-01-22 07:58:29','2026-01-22 07:25:22','2026-01-22 07:58:29','18:20','20:20',NULL,NULL,0,NULL,NULL),(879,207,'2026-01-27',7.58,2.00,0.00,'批量考勤管理',1,'2026-01-22 07:58:29','2026-01-22 07:25:22','2026-01-22 07:58:29','18:20','20:20',NULL,NULL,0,NULL,NULL),(880,207,'2026-01-28',7.58,2.00,0.00,'批量考勤管理',1,'2026-01-22 07:58:29','2026-01-22 07:25:22','2026-01-22 07:58:29','18:20','20:20',NULL,NULL,0,NULL,NULL),(881,207,'2026-01-29',7.58,0.00,0.00,'批量考勤管理',1,'2026-01-22 08:05:31','2026-01-22 07:25:22','2026-01-22 08:05:31',NULL,NULL,NULL,NULL,0,NULL,NULL),(882,194,'2026-01-26',7.58,2.00,0.00,'批量考勤管理',1,'2026-01-22 07:58:29','2026-01-22 07:25:22','2026-01-22 07:58:29','18:20','20:20',NULL,NULL,0,NULL,NULL),(883,194,'2026-01-27',7.58,2.00,0.00,'批量考勤管理',1,'2026-01-22 07:58:29','2026-01-22 07:25:22','2026-01-22 07:58:29','18:20','20:20',NULL,NULL,0,NULL,NULL),(884,194,'2026-01-28',7.58,2.00,0.00,'批量考勤管理',1,'2026-01-22 07:58:29','2026-01-22 07:25:22','2026-01-22 07:58:29','18:20','20:20',NULL,NULL,0,NULL,NULL),(885,194,'2026-01-29',7.58,0.00,0.00,'批量考勤管理',1,'2026-01-22 08:05:31','2026-01-22 07:25:22','2026-01-22 08:05:31',NULL,NULL,NULL,NULL,0,NULL,NULL),(886,93,'2026-01-26',7.58,2.00,0.00,'批量考勤管理',1,'2026-01-22 07:58:29','2026-01-22 07:25:22','2026-01-22 07:58:29','18:20','20:20',NULL,NULL,0,NULL,NULL),(887,93,'2026-01-27',7.58,2.00,0.00,'批量考勤管理',1,'2026-01-22 07:58:29','2026-01-22 07:25:22','2026-01-22 07:58:29','18:20','20:20',NULL,NULL,0,NULL,NULL),(888,93,'2026-01-28',7.58,2.00,0.00,'批量考勤管理',1,'2026-01-22 07:58:29','2026-01-22 07:25:22','2026-01-22 07:58:29','18:20','20:20',NULL,NULL,0,NULL,NULL),(889,93,'2026-01-29',7.58,0.00,0.00,'批量考勤管理',1,'2026-01-22 08:05:31','2026-01-22 07:25:22','2026-01-22 08:05:31',NULL,NULL,NULL,NULL,0,NULL,NULL),(890,202,'2026-01-26',7.58,2.00,0.00,'批量考勤管理',1,'2026-01-22 07:58:29','2026-01-22 07:25:22','2026-01-22 07:58:29','18:20','20:20',NULL,NULL,0,NULL,NULL),(891,202,'2026-01-27',7.58,2.00,0.00,'批量考勤管理',1,'2026-01-22 07:58:29','2026-01-22 07:25:22','2026-01-22 07:58:29','18:20','20:20',NULL,NULL,0,NULL,NULL),(892,202,'2026-01-28',7.58,2.00,0.00,'批量考勤管理',1,'2026-01-22 07:58:29','2026-01-22 07:25:22','2026-01-22 07:58:29','18:20','20:20',NULL,NULL,0,NULL,NULL),(893,202,'2026-01-29',7.58,0.00,0.00,'批量考勤管理',1,'2026-01-22 08:05:31','2026-01-22 07:25:22','2026-01-22 08:05:31',NULL,NULL,NULL,NULL,0,NULL,NULL),(894,196,'2026-01-26',7.58,2.00,0.00,'批量考勤管理',1,'2026-01-22 07:58:29','2026-01-22 07:25:22','2026-01-22 07:58:29','18:20','20:20',NULL,NULL,0,NULL,NULL),(895,196,'2026-01-27',7.58,2.00,0.00,'批量考勤管理',1,'2026-01-22 07:58:29','2026-01-22 07:25:22','2026-01-22 07:58:29','18:20','20:20',NULL,NULL,0,NULL,NULL),(896,196,'2026-01-28',7.58,2.00,0.00,'批量考勤管理',1,'2026-01-22 07:58:29','2026-01-22 07:25:22','2026-01-22 07:58:29','18:20','20:20',NULL,NULL,0,NULL,NULL),(897,196,'2026-01-29',7.58,0.00,0.00,'批量考勤管理',1,'2026-01-22 08:05:31','2026-01-22 07:25:22','2026-01-22 08:05:31',NULL,NULL,NULL,NULL,0,NULL,NULL),(898,199,'2026-01-26',7.58,2.00,0.00,'批量考勤管理',1,'2026-01-22 07:58:29','2026-01-22 07:25:22','2026-01-22 07:58:29','18:20','20:20',NULL,NULL,0,NULL,NULL),(899,199,'2026-01-27',7.58,2.00,0.00,'批量考勤管理',1,'2026-01-22 07:58:29','2026-01-22 07:25:22','2026-01-22 07:58:29','18:20','20:20',NULL,NULL,0,NULL,NULL),(900,199,'2026-01-28',7.58,2.00,0.00,'批量考勤管理',1,'2026-01-22 07:58:29','2026-01-22 07:25:22','2026-01-22 07:58:29','18:20','20:20',NULL,NULL,0,NULL,NULL),(901,199,'2026-01-29',7.58,0.00,0.00,'批量考勤管理',1,'2026-01-22 08:05:31','2026-01-22 07:25:22','2026-01-22 08:05:31',NULL,NULL,NULL,NULL,0,NULL,NULL),(902,200,'2026-01-26',7.58,2.00,0.00,'批量考勤管理',1,'2026-01-22 07:58:29','2026-01-22 07:25:22','2026-01-22 07:58:29','18:20','20:20',NULL,NULL,0,NULL,NULL),(903,200,'2026-01-27',7.58,2.00,0.00,'批量考勤管理',1,'2026-01-22 07:58:29','2026-01-22 07:25:22','2026-01-22 07:58:29','18:20','20:20',NULL,NULL,0,NULL,NULL),(904,200,'2026-01-28',7.58,2.00,0.00,'批量考勤管理',1,'2026-01-22 07:58:29','2026-01-22 07:25:22','2026-01-22 07:58:29','18:20','20:20',NULL,NULL,0,NULL,NULL),(905,200,'2026-01-29',7.58,0.00,0.00,'批量考勤管理',1,'2026-01-22 08:05:31','2026-01-22 07:25:22','2026-01-22 08:05:31',NULL,NULL,NULL,NULL,0,NULL,NULL),(906,205,'2026-01-26',7.58,2.00,0.00,'批量考勤管理',1,'2026-01-22 07:58:29','2026-01-22 07:25:22','2026-01-22 07:58:29','18:20','20:20',NULL,NULL,0,NULL,NULL),(907,205,'2026-01-27',7.58,2.00,0.00,'批量考勤管理',1,'2026-01-22 07:58:29','2026-01-22 07:25:22','2026-01-22 07:58:29','18:20','20:20',NULL,NULL,0,NULL,NULL),(908,205,'2026-01-28',7.58,2.00,0.00,'批量考勤管理',1,'2026-01-22 07:58:29','2026-01-22 07:25:22','2026-01-22 07:58:29','18:20','20:20',NULL,NULL,0,NULL,NULL),(909,205,'2026-01-29',7.58,0.00,0.00,'批量考勤管理',1,'2026-01-22 08:05:31','2026-01-22 07:25:22','2026-01-22 08:05:31',NULL,NULL,NULL,NULL,0,NULL,NULL),(910,189,'2026-01-26',7.58,2.00,0.00,'批量考勤管理',1,'2026-01-22 07:58:29','2026-01-22 07:25:22','2026-01-22 07:58:29','18:20','20:20',NULL,NULL,0,NULL,NULL),(911,189,'2026-01-27',7.58,2.00,0.00,'批量考勤管理',1,'2026-01-22 07:58:29','2026-01-22 07:25:22','2026-01-22 07:58:29','18:20','20:20',NULL,NULL,0,NULL,NULL),(912,189,'2026-01-28',7.58,2.00,0.00,'批量考勤管理',1,'2026-01-22 07:58:29','2026-01-22 07:25:22','2026-01-22 07:58:29','18:20','20:20',NULL,NULL,0,NULL,NULL),(913,189,'2026-01-29',7.58,0.00,0.00,'批量考勤管理',1,'2026-01-22 08:05:31','2026-01-22 07:25:22','2026-01-22 08:05:31',NULL,NULL,NULL,NULL,0,NULL,NULL),(914,193,'2026-01-26',7.58,2.00,0.00,'批量考勤管理',1,'2026-01-22 07:58:29','2026-01-22 07:25:22','2026-01-22 07:58:29','18:20','20:20',NULL,NULL,0,NULL,NULL),(915,193,'2026-01-27',7.58,2.00,0.00,'批量考勤管理',1,'2026-01-22 07:58:29','2026-01-22 07:25:22','2026-01-22 07:58:29','18:20','20:20',NULL,NULL,0,NULL,NULL),(916,193,'2026-01-28',7.58,2.00,0.00,'批量考勤管理',1,'2026-01-22 07:58:29','2026-01-22 07:25:22','2026-01-22 07:58:29','18:20','20:20',NULL,NULL,0,NULL,NULL),(917,193,'2026-01-29',7.58,0.00,0.00,'批量考勤管理',1,'2026-01-22 08:05:31','2026-01-22 07:25:22','2026-01-22 08:05:31',NULL,NULL,NULL,NULL,0,NULL,NULL),(918,190,'2026-01-26',7.58,2.00,0.00,'批量考勤管理',1,'2026-01-22 07:58:29','2026-01-22 07:25:22','2026-01-22 07:58:29','18:20','20:20',NULL,NULL,0,NULL,NULL),(919,190,'2026-01-27',7.58,2.00,0.00,'批量考勤管理',1,'2026-01-22 07:58:29','2026-01-22 07:25:22','2026-01-22 07:58:29','18:20','20:20',NULL,NULL,0,NULL,NULL),(920,190,'2026-01-28',7.58,2.00,0.00,'批量考勤管理',1,'2026-01-22 07:58:29','2026-01-22 07:25:22','2026-01-22 07:58:29','18:20','20:20',NULL,NULL,0,NULL,NULL),(921,190,'2026-01-29',7.58,0.00,0.00,'批量考勤管理',1,'2026-01-22 08:05:31','2026-01-22 07:25:22','2026-01-22 08:05:31',NULL,NULL,NULL,NULL,0,NULL,NULL),(922,186,'2026-01-20',7.58,2.00,0.00,'排班管理',1,'2026-01-26 07:45:57','2026-01-26 07:45:57','2026-01-26 07:45:57','18:20','20:20',NULL,NULL,0,NULL,NULL),(923,198,'2026-01-20',7.58,2.00,0.00,'排班管理',1,'2026-01-26 07:45:57','2026-01-26 07:45:57','2026-01-26 07:45:57','18:20','20:20',NULL,NULL,0,NULL,NULL),(924,195,'2026-01-20',7.58,2.00,0.00,'排班管理',1,'2026-01-26 07:45:57','2026-01-26 07:45:57','2026-01-26 07:45:57','18:20','20:20',NULL,NULL,0,NULL,NULL),(925,192,'2026-01-20',7.58,2.00,0.00,'排班管理',1,'2026-01-26 07:45:57','2026-01-26 07:45:57','2026-01-26 07:45:57','18:20','20:20',NULL,NULL,0,NULL,NULL),(926,204,'2026-01-20',7.58,2.00,0.00,'排班管理',1,'2026-01-26 07:45:57','2026-01-26 07:45:57','2026-01-26 07:45:57','18:20','20:20',NULL,NULL,0,NULL,NULL),(927,187,'2026-01-20',7.58,2.00,0.00,'排班管理',1,'2026-01-26 07:45:57','2026-01-26 07:45:57','2026-01-26 07:45:57','18:20','20:20',NULL,NULL,0,NULL,NULL),(928,206,'2026-01-20',7.58,2.00,0.00,'排班管理',1,'2026-01-26 07:45:57','2026-01-26 07:45:57','2026-01-26 07:45:57','18:20','20:20',NULL,NULL,0,NULL,NULL),(929,191,'2026-01-20',7.58,2.00,0.00,'排班管理',1,'2026-01-26 07:45:57','2026-01-26 07:45:57','2026-01-26 07:45:57','18:20','20:20',NULL,NULL,0,NULL,NULL),(930,185,'2026-01-20',7.58,2.00,0.00,'排班管理',1,'2026-01-26 07:45:57','2026-01-26 07:45:57','2026-01-26 07:45:57','18:20','20:20',NULL,NULL,0,NULL,NULL),(931,184,'2026-01-20',7.58,2.00,0.00,'排班管理',1,'2026-01-26 07:45:57','2026-01-26 07:45:57','2026-01-26 07:45:57','18:20','20:20',NULL,NULL,0,NULL,NULL),(932,188,'2026-01-20',7.58,2.00,0.00,'排班管理',1,'2026-01-26 07:45:57','2026-01-26 07:45:57','2026-01-26 07:45:57','18:20','20:20',NULL,NULL,0,NULL,NULL),(933,197,'2026-01-20',7.58,2.00,0.00,'排班管理',1,'2026-01-26 07:45:57','2026-01-26 07:45:57','2026-01-26 07:45:57','18:20','20:20',NULL,NULL,0,NULL,NULL),(934,203,'2026-01-20',7.58,2.00,0.00,'排班管理',1,'2026-01-26 07:45:57','2026-01-26 07:45:57','2026-01-26 07:45:57','18:20','20:20',NULL,NULL,0,NULL,NULL),(935,201,'2026-01-20',7.58,2.00,0.00,'排班管理',1,'2026-01-26 07:45:57','2026-01-26 07:45:57','2026-01-26 07:45:57','18:20','20:20',NULL,NULL,0,NULL,NULL),(936,207,'2026-01-20',7.58,2.00,0.00,'排班管理',1,'2026-01-26 07:45:57','2026-01-26 07:45:57','2026-01-26 07:45:57','18:20','20:20',NULL,NULL,0,NULL,NULL),(937,194,'2026-01-20',7.58,2.00,0.00,'排班管理',1,'2026-01-26 07:45:57','2026-01-26 07:45:57','2026-01-26 07:45:57','18:20','20:20',NULL,NULL,0,NULL,NULL),(938,202,'2026-01-20',7.58,2.00,0.00,'排班管理',1,'2026-01-26 07:45:58','2026-01-26 07:45:58','2026-01-26 07:45:58','18:20','20:20',NULL,NULL,0,NULL,NULL),(939,196,'2026-01-20',7.58,2.00,0.00,'排班管理',1,'2026-01-26 07:45:58','2026-01-26 07:45:58','2026-01-26 07:45:58','18:20','20:20',NULL,NULL,0,NULL,NULL),(940,199,'2026-01-20',7.58,2.00,0.00,'排班管理',1,'2026-01-26 07:45:58','2026-01-26 07:45:58','2026-01-26 07:45:58','18:20','20:20',NULL,NULL,0,NULL,NULL),(941,200,'2026-01-20',7.58,2.00,0.00,'排班管理',1,'2026-01-26 07:45:58','2026-01-26 07:45:58','2026-01-26 07:45:58','18:20','20:20',NULL,NULL,0,NULL,NULL),(942,205,'2026-01-20',7.58,2.00,0.00,'排班管理',1,'2026-01-26 07:45:58','2026-01-26 07:45:58','2026-01-26 07:45:58','18:20','20:20',NULL,NULL,0,NULL,NULL),(943,189,'2026-01-20',7.58,2.00,0.00,'排班管理',1,'2026-01-26 07:45:58','2026-01-26 07:45:58','2026-01-26 07:45:58','18:20','20:20',NULL,NULL,0,NULL,NULL),(944,193,'2026-01-20',7.58,2.00,0.00,'排班管理',1,'2026-01-26 07:45:58','2026-01-26 07:45:58','2026-01-26 07:45:58','18:20','20:20',NULL,NULL,0,NULL,NULL),(945,190,'2026-01-20',7.58,2.00,0.00,'排班管理',1,'2026-01-26 07:45:58','2026-01-26 07:45:58','2026-01-26 07:45:58','18:20','20:20',NULL,NULL,0,NULL,NULL),(946,170,'2026-01-21',7.58,3.00,0.00,'排班管理',1,'2026-01-26 07:46:18','2026-01-26 07:46:18','2026-01-26 07:46:18','18:20','21:20',NULL,NULL,0,NULL,NULL),(947,171,'2026-01-21',7.58,3.00,0.00,'排班管理',1,'2026-01-26 07:46:18','2026-01-26 07:46:18','2026-01-26 07:46:18','18:20','21:20',NULL,NULL,0,NULL,NULL),(948,172,'2026-01-21',7.58,3.00,0.00,'排班管理',1,'2026-01-26 07:46:18','2026-01-26 07:46:18','2026-01-26 07:46:18','18:20','21:20',NULL,NULL,0,NULL,NULL),(949,173,'2026-01-21',7.58,3.00,0.00,'排班管理',1,'2026-01-26 07:46:18','2026-01-26 07:46:18','2026-01-26 07:46:18','18:20','21:20',NULL,NULL,0,NULL,NULL),(950,174,'2026-01-21',7.58,3.00,0.00,'排班管理',1,'2026-01-26 07:46:18','2026-01-26 07:46:18','2026-01-26 07:46:18','18:20','21:20',NULL,NULL,0,NULL,NULL),(951,175,'2026-01-21',7.58,3.00,0.00,'排班管理',1,'2026-01-26 07:46:18','2026-01-26 07:46:18','2026-01-26 07:46:18','18:20','21:20',NULL,NULL,0,NULL,NULL),(952,176,'2026-01-21',7.58,3.00,0.00,'排班管理',1,'2026-01-26 07:46:18','2026-01-26 07:46:18','2026-01-26 07:46:18','18:20','21:20',NULL,NULL,0,NULL,NULL),(953,177,'2026-01-21',7.58,3.00,0.00,'排班管理',1,'2026-01-26 07:46:18','2026-01-26 07:46:18','2026-01-26 07:46:39','18:20','21:20',NULL,NULL,1,1,'2026-01-26 07:46:39'),(954,178,'2026-01-21',7.58,3.00,0.00,'排班管理',1,'2026-01-26 07:46:18','2026-01-26 07:46:18','2026-01-26 07:46:18','18:20','21:20',NULL,NULL,0,NULL,NULL),(955,179,'2026-01-21',7.58,3.00,0.00,'排班管理',1,'2026-01-26 07:46:18','2026-01-26 07:46:18','2026-01-26 07:46:18','18:20','21:20',NULL,NULL,0,NULL,NULL),(956,186,'2026-01-21',7.58,3.00,0.00,'排班管理',1,'2026-01-26 07:46:18','2026-01-26 07:46:18','2026-01-26 07:46:18','18:20','21:20',NULL,NULL,0,NULL,NULL),(957,198,'2026-01-21',7.58,3.00,0.00,'排班管理',1,'2026-01-26 07:46:18','2026-01-26 07:46:18','2026-01-26 07:46:18','18:20','21:20',NULL,NULL,0,NULL,NULL),(958,195,'2026-01-21',7.58,3.00,0.00,'排班管理',1,'2026-01-26 07:46:18','2026-01-26 07:46:18','2026-01-26 07:46:18','18:20','21:20',NULL,NULL,0,NULL,NULL),(959,192,'2026-01-21',7.58,3.00,0.00,'排班管理',1,'2026-01-26 07:46:18','2026-01-26 07:46:18','2026-01-26 07:46:18','18:20','21:20',NULL,NULL,0,NULL,NULL),(960,204,'2026-01-21',7.58,3.00,0.00,'排班管理',1,'2026-01-26 07:46:18','2026-01-26 07:46:18','2026-01-26 07:46:18','18:20','21:20',NULL,NULL,0,NULL,NULL),(961,187,'2026-01-21',7.58,3.00,0.00,'排班管理',1,'2026-01-26 07:46:18','2026-01-26 07:46:18','2026-01-26 07:46:18','18:20','21:20',NULL,NULL,0,NULL,NULL),(962,206,'2026-01-21',7.58,3.00,0.00,'排班管理',1,'2026-01-26 07:46:18','2026-01-26 07:46:18','2026-01-26 07:46:18','18:20','21:20',NULL,NULL,0,NULL,NULL),(963,191,'2026-01-21',7.58,3.00,0.00,'排班管理',1,'2026-01-26 07:46:18','2026-01-26 07:46:18','2026-01-26 07:46:18','18:20','21:20',NULL,NULL,0,NULL,NULL),(964,185,'2026-01-21',7.58,3.00,0.00,'排班管理',1,'2026-01-26 07:46:19','2026-01-26 07:46:19','2026-01-26 07:46:19','18:20','21:20',NULL,NULL,0,NULL,NULL),(965,184,'2026-01-21',7.58,3.00,0.00,'排班管理',1,'2026-01-26 07:46:19','2026-01-26 07:46:19','2026-01-26 07:46:19','18:20','21:20',NULL,NULL,0,NULL,NULL),(966,188,'2026-01-21',7.58,3.00,0.00,'排班管理',1,'2026-01-26 07:46:19','2026-01-26 07:46:19','2026-01-26 07:46:19','18:20','21:20',NULL,NULL,0,NULL,NULL),(967,197,'2026-01-21',7.58,3.00,0.00,'排班管理',1,'2026-01-26 07:46:19','2026-01-26 07:46:19','2026-01-26 07:46:19','18:20','21:20',NULL,NULL,0,NULL,NULL),(968,203,'2026-01-21',7.58,3.00,0.00,'排班管理',1,'2026-01-26 07:46:19','2026-01-26 07:46:19','2026-01-26 07:46:19','18:20','21:20',NULL,NULL,0,NULL,NULL),(969,201,'2026-01-21',7.58,3.00,0.00,'排班管理',1,'2026-01-26 07:46:19','2026-01-26 07:46:19','2026-01-26 07:46:19','18:20','21:20',NULL,NULL,0,NULL,NULL),(970,207,'2026-01-21',7.58,3.00,0.00,'排班管理',1,'2026-01-26 07:46:19','2026-01-26 07:46:19','2026-01-26 07:46:19','18:20','21:20',NULL,NULL,0,NULL,NULL),(971,194,'2026-01-21',7.58,3.00,0.00,'排班管理',1,'2026-01-26 07:46:19','2026-01-26 07:46:19','2026-01-26 07:46:19','18:20','21:20',NULL,NULL,0,NULL,NULL),(972,93,'2026-01-21',7.58,3.00,0.00,'排班管理',1,'2026-01-26 07:46:19','2026-01-26 07:46:19','2026-01-26 07:46:19','18:20','21:20',NULL,NULL,0,NULL,NULL),(973,202,'2026-01-21',7.58,3.00,0.00,'排班管理',1,'2026-01-26 07:46:19','2026-01-26 07:46:19','2026-01-26 07:46:19','18:20','21:20',NULL,NULL,0,NULL,NULL),(974,196,'2026-01-21',7.58,3.00,0.00,'排班管理',1,'2026-01-26 07:46:19','2026-01-26 07:46:19','2026-01-26 07:46:19','18:20','21:20',NULL,NULL,0,NULL,NULL),(975,199,'2026-01-21',7.58,3.00,0.00,'排班管理',1,'2026-01-26 07:46:19','2026-01-26 07:46:19','2026-01-26 07:46:19','18:20','21:20',NULL,NULL,0,NULL,NULL),(976,200,'2026-01-21',7.58,3.00,0.00,'排班管理',1,'2026-01-26 07:46:19','2026-01-26 07:46:19','2026-01-26 07:46:19','18:20','21:20',NULL,NULL,0,NULL,NULL),(977,205,'2026-01-21',7.58,3.00,0.00,'排班管理',1,'2026-01-26 07:46:19','2026-01-26 07:46:19','2026-01-26 07:46:19','18:20','21:20',NULL,NULL,0,NULL,NULL),(978,189,'2026-01-21',7.58,3.00,0.00,'排班管理',1,'2026-01-26 07:46:19','2026-01-26 07:46:19','2026-01-26 07:46:19','18:20','21:20',NULL,NULL,0,NULL,NULL),(979,193,'2026-01-21',7.58,3.00,0.00,'排班管理',1,'2026-01-26 07:46:19','2026-01-26 07:46:19','2026-01-26 07:46:19','18:20','21:20',NULL,NULL,0,NULL,NULL),(980,190,'2026-01-21',7.58,3.00,0.00,'排班管理',1,'2026-01-26 07:46:19','2026-01-26 07:46:19','2026-01-26 07:46:19','18:20','21:20',NULL,NULL,0,NULL,NULL),(981,183,'2026-02-10',7.58,2.00,0.00,NULL,92,'2026-02-10 02:34:10','2026-02-10 02:34:10','2026-02-10 02:34:10',NULL,NULL,NULL,NULL,0,NULL,NULL),(982,178,'2026-02-10',7.58,2.00,0.00,NULL,92,'2026-02-10 02:34:10','2026-02-10 02:34:10','2026-02-10 02:34:10',NULL,NULL,NULL,NULL,0,NULL,NULL),(983,177,'2026-02-10',7.58,2.00,0.00,NULL,92,'2026-02-10 02:34:10','2026-02-10 02:34:10','2026-02-10 02:34:10',NULL,NULL,NULL,NULL,0,NULL,NULL),(984,174,'2026-02-10',7.58,2.00,0.00,NULL,92,'2026-02-10 02:34:10','2026-02-10 02:34:10','2026-02-10 02:34:10',NULL,NULL,NULL,NULL,0,NULL,NULL),(985,179,'2026-02-10',7.58,2.00,0.00,NULL,92,'2026-02-10 02:34:10','2026-02-10 02:34:10','2026-02-10 02:34:10',NULL,NULL,NULL,NULL,0,NULL,NULL),(986,176,'2026-02-10',7.58,2.00,0.00,NULL,92,'2026-02-10 02:34:10','2026-02-10 02:34:10','2026-02-10 02:34:10',NULL,NULL,NULL,NULL,0,NULL,NULL),(987,175,'2026-02-10',7.58,2.00,0.00,NULL,92,'2026-02-10 02:34:10','2026-02-10 02:34:10','2026-02-10 02:34:10',NULL,NULL,NULL,NULL,0,NULL,NULL),(988,186,'2026-02-10',7.58,2.00,0.00,NULL,92,'2026-02-10 02:34:10','2026-02-10 02:34:10','2026-02-10 02:34:10',NULL,NULL,NULL,NULL,0,NULL,NULL),(989,173,'2026-02-10',7.58,2.00,0.00,NULL,92,'2026-02-10 02:34:10','2026-02-10 02:34:10','2026-02-10 02:34:10',NULL,NULL,NULL,NULL,0,NULL,NULL),(990,192,'2026-02-10',7.58,2.00,0.00,NULL,92,'2026-02-10 02:34:10','2026-02-10 02:34:10','2026-02-10 02:34:10',NULL,NULL,NULL,NULL,0,NULL,NULL),(991,195,'2026-02-10',7.58,2.00,0.00,NULL,92,'2026-02-10 02:34:10','2026-02-10 02:34:10','2026-02-10 02:34:10',NULL,NULL,NULL,NULL,0,NULL,NULL),(992,204,'2026-02-10',7.58,2.00,0.00,NULL,92,'2026-02-10 02:34:10','2026-02-10 02:34:10','2026-02-10 02:34:10',NULL,NULL,NULL,NULL,0,NULL,NULL),(993,206,'2026-02-10',7.58,2.00,0.00,NULL,92,'2026-02-10 02:34:10','2026-02-10 02:34:10','2026-02-10 02:34:10',NULL,NULL,NULL,NULL,0,NULL,NULL),(994,187,'2026-02-10',7.58,2.00,0.00,NULL,92,'2026-02-10 02:34:10','2026-02-10 02:34:10','2026-02-10 02:34:10',NULL,NULL,NULL,NULL,0,NULL,NULL),(995,198,'2026-02-10',7.58,2.00,0.00,NULL,92,'2026-02-10 02:34:10','2026-02-10 02:34:10','2026-02-10 02:34:10',NULL,NULL,NULL,NULL,0,NULL,NULL),(996,191,'2026-02-10',7.58,2.00,0.00,NULL,92,'2026-02-10 02:34:10','2026-02-10 02:34:10','2026-02-10 02:34:10',NULL,NULL,NULL,NULL,0,NULL,NULL),(997,184,'2026-02-10',7.58,2.00,0.00,NULL,92,'2026-02-10 02:34:10','2026-02-10 02:34:10','2026-02-10 02:34:10',NULL,NULL,NULL,NULL,0,NULL,NULL),(998,185,'2026-02-10',7.58,2.00,0.00,NULL,92,'2026-02-10 02:34:10','2026-02-10 02:34:10','2026-02-10 02:34:10',NULL,NULL,NULL,NULL,0,NULL,NULL),(999,201,'2026-02-10',7.58,2.00,0.00,NULL,92,'2026-02-10 02:34:10','2026-02-10 02:34:10','2026-02-10 02:34:10',NULL,NULL,NULL,NULL,0,NULL,NULL),(1000,188,'2026-02-10',7.58,2.00,0.00,NULL,92,'2026-02-10 02:34:10','2026-02-10 02:34:10','2026-02-10 02:34:10',NULL,NULL,NULL,NULL,0,NULL,NULL),(1001,194,'2026-02-10',7.58,2.00,0.00,NULL,92,'2026-02-10 02:34:10','2026-02-10 02:34:10','2026-02-10 02:34:10',NULL,NULL,NULL,NULL,0,NULL,NULL),(1002,197,'2026-02-10',7.58,2.00,0.00,NULL,92,'2026-02-10 02:34:10','2026-02-10 02:34:10','2026-02-10 02:34:10',NULL,NULL,NULL,NULL,0,NULL,NULL),(1003,203,'2026-02-10',7.58,2.00,0.00,NULL,92,'2026-02-10 02:34:10','2026-02-10 02:34:10','2026-02-10 02:34:10',NULL,NULL,NULL,NULL,0,NULL,NULL),(1004,207,'2026-02-10',7.58,2.00,0.00,NULL,92,'2026-02-10 02:34:10','2026-02-10 02:34:10','2026-02-10 02:34:10',NULL,NULL,NULL,NULL,0,NULL,NULL),(1005,202,'2026-02-10',7.58,2.00,0.00,NULL,92,'2026-02-10 02:34:10','2026-02-10 02:34:10','2026-02-10 02:34:10',NULL,NULL,NULL,NULL,0,NULL,NULL),(1006,93,'2026-02-10',7.58,2.00,0.00,NULL,92,'2026-02-10 02:34:10','2026-02-10 02:34:10','2026-02-10 02:34:10',NULL,NULL,NULL,NULL,0,NULL,NULL),(1007,196,'2026-02-10',7.58,2.00,0.00,NULL,92,'2026-02-10 02:34:10','2026-02-10 02:34:10','2026-02-10 02:34:10',NULL,NULL,NULL,NULL,0,NULL,NULL),(1008,199,'2026-02-10',7.58,2.00,0.00,NULL,92,'2026-02-10 02:34:10','2026-02-10 02:34:10','2026-02-10 02:34:10',NULL,NULL,NULL,NULL,0,NULL,NULL),(1009,200,'2026-02-10',7.58,2.00,0.00,NULL,92,'2026-02-10 02:34:10','2026-02-10 02:34:10','2026-02-10 02:34:10',NULL,NULL,NULL,NULL,0,NULL,NULL),(1010,205,'2026-02-10',7.58,2.00,0.00,NULL,92,'2026-02-10 02:34:10','2026-02-10 02:34:10','2026-02-10 02:34:10',NULL,NULL,NULL,NULL,0,NULL,NULL),(1011,189,'2026-02-10',7.58,2.00,0.00,NULL,92,'2026-02-10 02:34:10','2026-02-10 02:34:10','2026-02-10 02:34:10',NULL,NULL,NULL,NULL,0,NULL,NULL),(1012,193,'2026-02-10',7.58,2.00,0.00,NULL,92,'2026-02-10 02:34:10','2026-02-10 02:34:10','2026-02-10 02:34:10',NULL,NULL,NULL,NULL,0,NULL,NULL),(1013,190,'2026-02-10',7.58,2.00,0.00,NULL,92,'2026-02-10 02:34:10','2026-02-10 02:34:10','2026-02-10 02:34:10',NULL,NULL,NULL,NULL,0,NULL,NULL),(1014,182,'2026-02-10',7.58,2.00,0.00,NULL,92,'2026-02-10 02:34:10','2026-02-10 02:34:10','2026-02-10 02:34:10',NULL,NULL,NULL,NULL,0,NULL,NULL),(1015,180,'2026-02-10',7.58,2.00,0.00,NULL,92,'2026-02-10 02:34:10','2026-02-10 02:34:10','2026-02-10 02:34:10',NULL,NULL,NULL,NULL,0,NULL,NULL),(1016,181,'2026-02-10',7.58,2.00,0.00,NULL,92,'2026-02-10 02:34:10','2026-02-10 02:34:10','2026-02-10 02:34:10',NULL,NULL,NULL,NULL,0,NULL,NULL),(1017,170,'2026-02-10',7.58,2.00,0.00,NULL,92,'2026-02-10 02:34:10','2026-02-10 02:34:10','2026-02-10 02:34:10',NULL,NULL,NULL,NULL,0,NULL,NULL),(1018,171,'2026-02-10',7.58,2.00,0.00,NULL,92,'2026-02-10 02:34:10','2026-02-10 02:34:10','2026-02-10 02:34:10',NULL,NULL,NULL,NULL,0,NULL,NULL),(1019,172,'2026-02-10',7.58,2.00,0.00,NULL,92,'2026-02-10 02:34:10','2026-02-10 02:34:10','2026-02-10 02:34:10',NULL,NULL,NULL,NULL,0,NULL,NULL);
/*!40000 ALTER TABLE `daily_attendance` ENABLE KEYS */;
UNLOCK TABLES;

--
-- Table structure for table `efficiency_calculations`
--

DROP TABLE IF EXISTS `efficiency_calculations`;
/*!40101 SET @saved_cs_client     = @@character_set_client */;
/*!50503 SET character_set_client = utf8mb4 */;
CREATE TABLE `efficiency_calculations` (
  `id` int NOT NULL AUTO_INCREMENT,
  `task_id` int NOT NULL,
  `phase` varchar(50) NOT NULL,
  `assignee_id` int DEFAULT NULL COMMENT '阶段负责人ID',
  `assignee_name` varchar(100) DEFAULT NULL COMMENT '阶段负责人姓名',
  `standard_hours` decimal(10,2) NOT NULL DEFAULT '0.00' COMMENT '标准工时',
  `actual_work_hours` decimal(10,2) NOT NULL DEFAULT '0.00' COMMENT '实际出勤时间',
  `exception_hours` decimal(10,2) NOT NULL DEFAULT '0.00' COMMENT '异常时间',
  `assist_hours` decimal(10,2) NOT NULL DEFAULT '0.00' COMMENT '协助时间',
  `effective_hours` decimal(10,2) NOT NULL DEFAULT '0.00' COMMENT '有效工时(实际工时-异常时间-协助时间)',
  `efficiency` decimal(10,2) NOT NULL DEFAULT '0.00' COMMENT '效率百分比',
  `phase_start_time` datetime DEFAULT NULL COMMENT '阶段开始时间',
  `phase_end_time` datetime DEFAULT NULL COMMENT '阶段结束时间',
  `total_calendar_hours` decimal(10,2) DEFAULT NULL COMMENT '日历总时间',
  `is_confirmed` tinyint(1) NOT NULL DEFAULT '0' COMMENT '是否已确认',
  `confirmed_by` int DEFAULT NULL COMMENT '确认人ID',
  `confirmed_at` timestamp NULL DEFAULT NULL COMMENT '确认时间',
  `calculation_date` date NOT NULL COMMENT '计算日期',
  `daily_calculations` json DEFAULT NULL COMMENT '单日计算详情(JSON格式)',
  `created_at` timestamp NOT NULL DEFAULT CURRENT_TIMESTAMP,
  `updated_at` timestamp NOT NULL DEFAULT CURRENT_TIMESTAMP ON UPDATE CURRENT_TIMESTAMP,
  PRIMARY KEY (`id`),
  UNIQUE KEY `uniq_task_phase_date` (`task_id`,`phase`,`calculation_date`),
  KEY `idx_task_id` (`task_id`),
  KEY `idx_phase` (`phase`),
  KEY `idx_assignee_id` (`assignee_id`),
  KEY `idx_calculation_date` (`calculation_date`),
  KEY `idx_is_confirmed` (`is_confirmed`),
  KEY `confirmed_by` (`confirmed_by`),
  CONSTRAINT `efficiency_calculations_ibfk_1` FOREIGN KEY (`task_id`) REFERENCES `tasks` (`id`) ON DELETE CASCADE,
  CONSTRAINT `efficiency_calculations_ibfk_2` FOREIGN KEY (`assignee_id`) REFERENCES `users` (`id`) ON DELETE SET NULL,
  CONSTRAINT `efficiency_calculations_ibfk_3` FOREIGN KEY (`confirmed_by`) REFERENCES `users` (`id`) ON DELETE SET NULL
) ENGINE=InnoDB DEFAULT CHARSET=utf8mb4 COLLATE=utf8mb4_0900_ai_ci COMMENT='效率计算结果表';
/*!40101 SET character_set_client = @saved_cs_client */;

--
-- Dumping data for table `efficiency_calculations`
--

LOCK TABLES `efficiency_calculations` WRITE;
/*!40000 ALTER TABLE `efficiency_calculations` DISABLE KEYS */;
/*!40000 ALTER TABLE `efficiency_calculations` ENABLE KEYS */;
UNLOCK TABLES;

--
-- Table structure for table `exception_reports`
--

DROP TABLE IF EXISTS `exception_reports`;
/*!40101 SET @saved_cs_client     = @@character_set_client */;
/*!50503 SET character_set_client = utf8mb4 */;
CREATE TABLE `exception_reports` (
  `id` int NOT NULL AUTO_INCREMENT,
  `task_id` int NOT NULL,
  `user_id` int NOT NULL,
  `exception_type` enum('缺料','来料不良','改造类（研发售后或生产不良）','临时安排任务','设计问题','其他问题') CHARACTER SET utf8mb4 COLLATE utf8mb4_general_ci NOT NULL,
  `title` varchar(255) CHARACTER SET utf8mb4 COLLATE utf8mb4_general_ci NOT NULL,
  `description` text CHARACTER SET utf8mb4 COLLATE utf8mb4_general_ci NOT NULL,
  `exception_time` datetime DEFAULT NULL COMMENT '异常发生时间',
  `exception_start_time` time DEFAULT NULL COMMENT '异常开始时间',
  `exception_end_time` time DEFAULT NULL COMMENT '异常结束时间',
  `exception_start_datetime` datetime DEFAULT NULL COMMENT '异常开始日期时间',
  `exception_end_datetime` datetime DEFAULT NULL COMMENT '异常结束日期时间',
  `impact_level` enum('低','中','高','紧急') CHARACTER SET utf8mb4 COLLATE utf8mb4_general_ci DEFAULT '中',
  `status` enum('pending','pending_second_approval','pending_staff_confirmation','staff_confirmed','approved','rejected','processing','resolved') CHARACTER SET utf8mb4 COLLATE utf8mb4_general_ci DEFAULT 'pending',
  `submitted_at` timestamp NOT NULL DEFAULT CURRENT_TIMESTAMP,
  `approved_by` int DEFAULT NULL,
  `approved_at` timestamp NULL DEFAULT NULL,
  `approval_note` text CHARACTER SET utf8mb4 COLLATE utf8mb4_general_ci,
  `resolved_at` timestamp NULL DEFAULT NULL,
  `resolution_note` text CHARACTER SET utf8mb4 COLLATE utf8mb4_general_ci,
  `created_at` timestamp NOT NULL DEFAULT CURRENT_TIMESTAMP,
  `updated_at` timestamp NOT NULL DEFAULT CURRENT_TIMESTAMP ON UPDATE CURRENT_TIMESTAMP,
  `image_path` varchar(500) CHARACTER SET utf8mb4 COLLATE utf8mb4_general_ci DEFAULT NULL COMMENT '异常图片路径',
  `first_approver_id` int DEFAULT NULL COMMENT '一级审批人ID（主管）',
  `first_approved_at` datetime DEFAULT NULL COMMENT '一级审批时间',
  `first_approval_note` text CHARACTER SET utf8mb4 COLLATE utf8mb4_general_ci COMMENT '一级审批备注',
  `second_approver_id` int DEFAULT NULL COMMENT '二级审批人ID（经理）',
  `second_approved_at` datetime DEFAULT NULL COMMENT '二级审批时间',
  `second_approval_note` text CHARACTER SET utf8mb4 COLLATE utf8mb4_general_ci COMMENT '二级审批备注',
  `modified_exception_type` varchar(100) CHARACTER SET utf8mb4 COLLATE utf8mb4_general_ci DEFAULT NULL COMMENT '主管修改后的异常类型',
  `modified_description` text CHARACTER SET utf8mb4 COLLATE utf8mb4_general_ci COMMENT '主管修改后的异常描述',
  `modified_start_datetime` datetime DEFAULT NULL COMMENT '主管修改后的异常开始时间',
  `modified_end_datetime` datetime DEFAULT NULL COMMENT '主管修改后的异常结束时间',
  `assigned_to_staff_id` int DEFAULT NULL COMMENT '转给staff确认的用户ID',
  `staff_confirmed_at` datetime DEFAULT NULL COMMENT 'staff确认时间',
  `staff_confirmation_note` text CHARACTER SET utf8mb4 COLLATE utf8mb4_general_ci COMMENT 'staff确认备注',
  `phase` varchar(50) CHARACTER SET utf8mb4 COLLATE utf8mb4_general_ci DEFAULT NULL COMMENT '任务阶段：machining/electrical/pre_assembly/post_assembly/debugging 等',
  PRIMARY KEY (`id`),
  KEY `idx_task_user` (`task_id`,`user_id`),
  KEY `idx_status` (`status`),
  KEY `idx_exception_type` (`exception_type`),
  KEY `idx_submitted_at` (`submitted_at`),
  KEY `user_id` (`user_id`),
  KEY `approved_by` (`approved_by`),
  KEY `fk_first_approver` (`first_approver_id`),
  KEY `fk_second_approver` (`second_approver_id`),
  KEY `assigned_to_staff_id` (`assigned_to_staff_id`),
  CONSTRAINT `exception_reports_ibfk_1` FOREIGN KEY (`task_id`) REFERENCES `tasks` (`id`) ON DELETE CASCADE,
  CONSTRAINT `exception_reports_ibfk_2` FOREIGN KEY (`user_id`) REFERENCES `users` (`id`) ON DELETE CASCADE,
  CONSTRAINT `exception_reports_ibfk_3` FOREIGN KEY (`approved_by`) REFERENCES `users` (`id`) ON DELETE SET NULL,
  CONSTRAINT `exception_reports_ibfk_4` FOREIGN KEY (`assigned_to_staff_id`) REFERENCES `users` (`id`) ON DELETE SET NULL,
  CONSTRAINT `fk_first_approver` FOREIGN KEY (`first_approver_id`) REFERENCES `users` (`id`) ON DELETE SET NULL,
  CONSTRAINT `fk_second_approver` FOREIGN KEY (`second_approver_id`) REFERENCES `users` (`id`) ON DELETE SET NULL
) ENGINE=InnoDB AUTO_INCREMENT=34 DEFAULT CHARSET=utf8mb4 COLLATE=utf8mb4_general_ci;
/*!40101 SET character_set_client = @saved_cs_client */;

--
-- Dumping data for table `exception_reports`
--

LOCK TABLES `exception_reports` WRITE;
/*!40000 ALTER TABLE `exception_reports` DISABLE KEYS */;
INSERT INTO `exception_reports` VALUES (22,622,175,'来料不良','来料不良','来料不良',NULL,NULL,NULL,'2026-01-16 15:30:00','2026-01-16 16:00:00','中','pending_staff_confirmation','2026-01-16 07:54:30',181,NULL,NULL,NULL,NULL,'2026-01-16 07:54:30','2026-01-21 07:35:46',NULL,181,'2026-01-19 14:02:45',NULL,86,'2026-01-19 14:05:11',NULL,NULL,NULL,NULL,NULL,90,NULL,NULL,'machining'),(23,623,171,'缺料','缺料误工','缺料误工',NULL,NULL,NULL,'2026-01-16 15:30:00','2026-01-16 15:40:00','中','pending_staff_confirmation','2026-01-16 07:56:07',183,NULL,NULL,NULL,NULL,'2026-01-16 07:56:07','2026-01-21 07:35:46',NULL,183,'2026-01-19 14:03:47',NULL,86,'2026-01-19 14:05:15',NULL,'改造类（研发售后或生产不良）',NULL,NULL,NULL,91,NULL,NULL,'electrical'),(24,623,170,'临时安排任务','/','/',NULL,NULL,NULL,'2026-01-16 16:15:00','2026-01-16 16:30:00','中','approved','2026-01-16 08:42:17',181,NULL,NULL,NULL,NULL,'2026-01-16 08:42:17','2026-01-21 07:35:46',NULL,181,'2026-01-19 14:02:54',NULL,86,'2026-01-19 14:05:23',NULL,NULL,NULL,'2026-01-16 16:00:00',NULL,NULL,NULL,NULL,'machining'),(25,626,175,'改造类（研发售后或生产不良）','测试','测试',NULL,NULL,NULL,'2026-01-19 10:30:00','2026-01-19 14:00:00','中','pending_staff_confirmation','2026-01-19 05:59:47',181,NULL,NULL,NULL,NULL,'2026-01-19 05:59:47','2026-01-27 07:24:32',NULL,181,'2026-01-19 14:03:03',NULL,86,'2026-01-19 14:05:19',NULL,NULL,NULL,'2026-01-19 09:00:00',NULL,91,NULL,NULL,'machining'),(26,625,176,'来料不良','测试','测试',NULL,NULL,NULL,'2026-01-19 13:30:00','2026-01-19 14:00:00','中','pending_staff_confirmation','2026-01-19 06:00:36',183,NULL,NULL,NULL,NULL,'2026-01-19 06:00:36','2026-01-21 07:35:46',NULL,183,'2026-01-19 14:03:53',NULL,86,'2026-01-19 14:05:25',NULL,NULL,NULL,NULL,NULL,90,NULL,NULL,'electrical'),(27,622,177,'临时安排任务','测试','测试',NULL,NULL,NULL,'2026-01-19 13:30:00','2026-01-19 14:00:00','中','approved','2026-01-19 06:01:23',182,NULL,NULL,NULL,NULL,'2026-01-19 06:01:23','2026-01-21 07:35:46',NULL,182,'2026-01-19 14:04:36',NULL,86,'2026-01-19 14:05:28',NULL,NULL,NULL,'2026-01-19 11:00:00',NULL,NULL,NULL,NULL,'pre_assembly'),(28,629,170,'来料不良','来料不良，耽误时间','来料不良，耽误时间',NULL,NULL,NULL,'2026-01-19 14:05:00','2026-01-19 14:58:00','中','rejected','2026-01-19 07:08:34',181,NULL,NULL,NULL,NULL,'2026-01-19 07:08:34','2026-02-06 07:09:59',NULL,181,'2026-02-06 15:09:26',NULL,86,'2026-02-06 15:09:59',NULL,NULL,NULL,NULL,NULL,NULL,NULL,NULL,'machining'),(29,623,171,'缺料','缺料耽误时间','缺料耽误时间',NULL,NULL,NULL,'2026-01-19 10:00:00','2026-01-19 10:30:00','中','rejected','2026-01-19 07:09:36',183,NULL,NULL,NULL,NULL,'2026-01-19 07:09:36','2026-02-06 05:43:36',NULL,183,'2026-02-06 13:43:19',NULL,86,'2026-02-06 13:43:36',NULL,NULL,NULL,NULL,NULL,NULL,NULL,NULL,'electrical'),(30,624,174,'改造类（研发售后或生产不良）','调试不良，需要研发协助','调试不良，需要研发协助',NULL,NULL,NULL,'2026-01-19 14:00:00','2026-01-19 15:00:00','中','pending','2026-01-19 07:11:08',180,NULL,NULL,NULL,NULL,'2026-01-19 07:11:08','2026-01-21 07:35:46',NULL,NULL,NULL,NULL,NULL,NULL,NULL,NULL,NULL,NULL,NULL,NULL,NULL,NULL,'debugging'),(31,626,175,'改造类（研发售后或生产不良）','测试','测试',NULL,NULL,NULL,'2026-01-19 08:30:00','2026-01-19 13:30:00','中','pending_staff_confirmation','2026-01-19 05:59:47',181,NULL,NULL,NULL,NULL,'2026-01-19 05:59:47','2026-01-27 08:22:28',NULL,181,'2026-01-19 14:03:03',NULL,86,'2026-01-19 14:05:19',NULL,NULL,NULL,'2026-01-19 09:00:00',NULL,91,NULL,NULL,'machining'),(32,645,171,'缺料','1','1',NULL,NULL,NULL,'2026-02-06 13:30:00','2026-02-06 14:00:00','中','pending','2026-02-06 05:42:55',183,NULL,NULL,NULL,NULL,'2026-02-06 05:42:55','2026-02-06 07:14:03',NULL,183,'2026-02-06 15:12:34',NULL,86,'2026-02-06 15:14:03',NULL,NULL,NULL,NULL,NULL,NULL,NULL,NULL,'electrical'),(33,645,171,'缺料','11','11',NULL,NULL,NULL,'2026-02-06 15:00:00','2026-02-06 15:30:00','中','pending_second_approval','2026-02-06 07:12:17',183,NULL,NULL,NULL,NULL,'2026-02-06 07:12:17','2026-02-06 07:13:30',NULL,183,'2026-02-06 15:13:30',NULL,86,NULL,NULL,NULL,NULL,NULL,NULL,NULL,NULL,NULL,'electrical');
/*!40000 ALTER TABLE `exception_reports` ENABLE KEYS */;
UNLOCK TABLES;

--
-- Table structure for table `holidays`
--

DROP TABLE IF EXISTS `holidays`;
/*!40101 SET @saved_cs_client     = @@character_set_client */;
/*!50503 SET character_set_client = utf8mb4 */;
CREATE TABLE `holidays` (
  `id` int NOT NULL AUTO_INCREMENT,
  `date` date NOT NULL,
  `name` varchar(100) CHARACTER SET utf8mb4 COLLATE utf8mb4_general_ci NOT NULL,
  `type` enum('national','company') CHARACTER SET utf8mb4 COLLATE utf8mb4_general_ci DEFAULT 'national',
  `is_working_day` tinyint(1) DEFAULT '0',
  `created_at` timestamp NOT NULL DEFAULT CURRENT_TIMESTAMP,
  `updated_at` timestamp NOT NULL DEFAULT CURRENT_TIMESTAMP ON UPDATE CURRENT_TIMESTAMP,
  PRIMARY KEY (`id`),
  UNIQUE KEY `date` (`date`)
) ENGINE=InnoDB AUTO_INCREMENT=10265 DEFAULT CHARSET=utf8mb4 COLLATE=utf8mb4_general_ci;
/*!40101 SET character_set_client = @saved_cs_client */;

--
-- Dumping data for table `holidays`
--

LOCK TABLES `holidays` WRITE;
/*!40000 ALTER TABLE `holidays` DISABLE KEYS */;
INSERT INTO `holidays` VALUES (332,'2025-01-01','元旦','national',0,'2025-10-21 03:40:16','2025-10-21 03:40:16'),(333,'2025-01-26','调休工作日','national',1,'2025-10-21 03:40:16','2025-10-21 03:40:16'),(334,'2025-01-28','春节','national',0,'2025-10-21 03:40:16','2025-10-21 03:40:16'),(335,'2025-01-29','春节','national',0,'2025-10-21 03:40:16','2025-10-21 03:40:16'),(336,'2025-01-30','春节','national',0,'2025-10-21 03:40:16','2025-10-21 03:40:16'),(337,'2025-01-31','春节','national',0,'2025-10-21 03:40:16','2025-10-21 03:40:16'),(338,'2025-02-01','春节','national',0,'2025-10-21 03:40:16','2025-10-21 03:40:16'),(339,'2025-02-02','春节','national',0,'2025-10-21 03:40:16','2025-10-21 03:40:16'),(340,'2025-02-03','春节','national',0,'2025-10-21 03:40:16','2025-10-21 03:40:16'),(341,'2025-02-08','调休工作日','national',1,'2025-10-21 03:40:16','2025-10-21 03:40:16'),(342,'2025-04-05','清明节','national',0,'2025-10-21 03:40:16','2025-10-21 03:40:16'),(343,'2025-04-06','清明节','national',0,'2025-10-21 03:40:16','2025-10-21 03:40:16'),(344,'2025-04-07','清明节','national',0,'2025-10-21 03:40:16','2025-10-21 03:40:16'),(345,'2025-04-27','调休工作日','national',1,'2025-10-21 03:40:16','2025-10-21 03:40:16'),(346,'2025-05-01','劳动节','national',0,'2025-10-21 03:40:16','2025-10-21 03:40:16'),(347,'2025-05-02','劳动节','national',0,'2025-10-21 03:40:16','2025-10-21 03:40:16'),(348,'2025-05-03','劳动节','national',0,'2025-10-21 03:40:16','2025-10-21 03:40:16'),(349,'2025-05-04','劳动节','national',0,'2025-10-21 03:40:16','2025-10-21 03:40:16'),(350,'2025-05-05','劳动节','national',0,'2025-10-21 03:40:16','2025-10-21 03:40:16'),(351,'2025-06-14','端午节','national',0,'2025-10-21 03:40:16','2025-10-21 03:40:16'),(352,'2025-09-15','中秋节','national',0,'2025-10-21 03:40:16','2025-10-21 03:40:16'),(353,'2025-09-16','中秋节','national',0,'2025-10-21 03:40:16','2025-10-21 03:40:16'),(354,'2025-09-17','中秋节','national',0,'2025-10-21 03:40:16','2025-10-21 03:40:16'),(355,'2025-09-28','调休工作日','national',1,'2025-10-21 03:40:16','2025-10-21 03:40:16'),(356,'2025-10-01','国庆节','national',0,'2025-10-21 03:40:16','2025-10-21 03:40:16'),(357,'2025-10-02','国庆节','national',0,'2025-10-21 03:40:16','2025-10-21 03:40:16'),(358,'2025-10-03','国庆节','national',0,'2025-10-21 03:40:16','2025-10-21 03:40:16'),(359,'2025-10-04','国庆节','national',0,'2025-10-21 03:40:16','2025-10-21 03:40:16'),(360,'2025-10-05','国庆节','national',0,'2025-10-21 03:40:16','2025-10-21 03:40:16'),(361,'2025-10-06','国庆节','national',0,'2025-10-21 03:40:16','2025-10-21 03:40:16'),(362,'2025-10-07','国庆节','national',0,'2025-10-21 03:40:16','2025-10-21 03:40:16'),(363,'2025-10-12','调休工作日','national',1,'2025-10-21 03:40:16','2025-10-21 03:40:16'),(364,'2025-10-08','国庆节','national',0,'2025-10-21 03:41:14','2025-10-21 03:41:14'),(373,'2025-10-11','调休工作日','national',1,'2025-10-21 03:42:45','2025-10-21 03:42:45');
/*!40000 ALTER TABLE `holidays` ENABLE KEYS */;
UNLOCK TABLES;

--
-- Table structure for table `product_models`
--

DROP TABLE IF EXISTS `product_models`;
/*!40101 SET @saved_cs_client     = @@character_set_client */;
/*!50503 SET character_set_client = utf8mb4 */;
CREATE TABLE `product_models` (
  `id` int NOT NULL AUTO_INCREMENT,
  `model_name` varchar(100) NOT NULL COMMENT '机型名称',
  `merge_assembly_phases` tinyint(1) DEFAULT '0' COMMENT '是否合并总装阶段：0=否（总装前段/后段分开），1=是（合并为总装）',
  `created_at` timestamp NULL DEFAULT CURRENT_TIMESTAMP,
  `updated_at` timestamp NULL DEFAULT CURRENT_TIMESTAMP ON UPDATE CURRENT_TIMESTAMP,
  PRIMARY KEY (`id`),
  UNIQUE KEY `model_name` (`model_name`)
) ENGINE=InnoDB AUTO_INCREMENT=3 DEFAULT CHARSET=utf8mb4 COLLATE=utf8mb4_0900_ai_ci;
/*!40101 SET character_set_client = @saved_cs_client */;

--
-- Dumping data for table `product_models`
--

LOCK TABLES `product_models` WRITE;
/*!40000 ALTER TABLE `product_models` DISABLE KEYS */;
INSERT INTO `product_models` VALUES (1,'A10',1,'2026-01-15 10:25:28','2026-01-15 10:25:28');
/*!40000 ALTER TABLE `product_models` ENABLE KEYS */;
UNLOCK TABLES;

--
-- Table structure for table `product_standard_hours`
--

DROP TABLE IF EXISTS `product_standard_hours`;
/*!40101 SET @saved_cs_client     = @@character_set_client */;
/*!50503 SET character_set_client = utf8mb4 */;
CREATE TABLE `product_standard_hours` (
  `id` int NOT NULL AUTO_INCREMENT,
  `product_model` varchar(100) NOT NULL,
  `machining_hours` decimal(5,2) NOT NULL DEFAULT '0.00' COMMENT '机加阶段标准工时',
  `electrical_hours` decimal(5,2) NOT NULL DEFAULT '0.00' COMMENT '电控阶段标准工时',
  `pre_assembly_hours` decimal(5,2) NOT NULL DEFAULT '0.00' COMMENT '总装前段标准工时',
  `post_assembly_hours` decimal(5,2) NOT NULL DEFAULT '0.00' COMMENT '总装后段标准工时',
  `debugging_hours` decimal(5,2) NOT NULL DEFAULT '0.00' COMMENT '调试阶段标准工时',
  `created_at` timestamp NOT NULL DEFAULT CURRENT_TIMESTAMP,
  `updated_at` timestamp NOT NULL DEFAULT CURRENT_TIMESTAMP ON UPDATE CURRENT_TIMESTAMP,
  PRIMARY KEY (`id`),
  UNIQUE KEY `product_model` (`product_model`),
  KEY `idx_product_model` (`product_model`)
) ENGINE=InnoDB AUTO_INCREMENT=33 DEFAULT CHARSET=utf8mb4 COLLATE=utf8mb4_0900_ai_ci;
/*!40101 SET character_set_client = @saved_cs_client */;

--
-- Dumping data for table `product_standard_hours`
--

LOCK TABLES `product_standard_hours` WRITE;
/*!40000 ALTER TABLE `product_standard_hours` DISABLE KEYS */;
INSERT INTO `product_standard_hours` VALUES (1,'V8',5.00,2.70,0.00,9.00,2.40,'2026-01-22 01:42:10','2026-01-22 01:42:10'),(2,'A10',5.00,2.70,0.00,9.00,2.40,'2026-01-22 01:42:10','2026-01-22 01:42:10'),(3,'V5000H',9.30,4.50,6.50,10.10,3.00,'2026-01-22 01:42:10','2026-01-22 01:42:10'),(4,'A1000',9.30,4.50,6.50,10.10,3.00,'2026-01-22 01:42:10','2026-01-22 01:42:10'),(5,'V5000XL',9.30,4.50,7.50,11.50,3.00,'2026-01-22 01:42:10','2026-01-22 01:42:10'),(6,'V5000HD',11.80,5.00,10.50,11.60,3.20,'2026-01-22 01:42:10','2026-01-22 01:42:10'),(7,'A1000D',11.80,5.00,10.50,11.60,3.20,'2026-01-22 01:42:10','2026-01-22 01:42:10'),(8,'Icon+',9.30,4.50,9.00,11.50,5.50,'2026-01-22 01:42:10','2026-01-22 01:42:10'),(9,'Icon',9.30,5.00,9.00,12.90,5.50,'2026-01-22 01:42:10','2026-01-22 01:42:10'),(10,'Icon-D+',11.80,5.50,11.50,13.00,5.50,'2026-01-22 01:42:10','2026-01-22 01:42:10'),(11,'Icon-D',11.80,5.50,11.50,15.00,5.50,'2026-01-22 01:42:10','2026-01-22 01:42:10'),(12,'Cube+',11.00,4.50,13.80,14.80,7.00,'2026-01-22 01:42:10','2026-01-22 01:42:10'),(13,'Cube',11.00,5.00,13.80,13.40,7.00,'2026-01-22 01:42:10','2026-01-22 01:42:10'),(14,'Cube-D+',13.00,5.50,15.50,16.90,7.00,'2026-01-22 01:42:10','2026-01-22 01:42:10'),(15,'Cube-D',12.70,5.50,15.00,15.50,7.00,'2026-01-22 01:42:10','2026-01-22 01:42:10'),(16,'V5200',8.80,3.60,6.50,10.60,2.50,'2026-01-22 01:42:10','2026-01-22 01:42:10'),(17,'V5300AP/BP',10.80,5.00,9.50,11.60,3.50,'2026-01-22 01:42:10','2026-01-22 01:42:10'),(18,'V5300AP/BP\nCE认证',10.80,5.00,9.50,14.00,3.50,'2026-01-22 01:42:10','2026-01-22 01:42:10'),(19,'V5300CP/DP',11.80,5.00,9.50,11.60,3.50,'2026-01-22 01:42:10','2026-01-22 01:42:10'),(20,'V5300CP/DP\nCE认证',11.80,5.00,9.50,14.00,3.50,'2026-01-22 01:42:10','2026-01-22 01:42:10'),(21,'V5100AP/BP',9.30,4.50,6.50,10.10,3.00,'2026-01-22 01:42:10','2026-01-22 01:42:10'),(22,'V5100CP/DP',9.80,4.50,6.50,10.10,3.00,'2026-01-22 01:42:10','2026-01-22 01:42:10'),(23,'V320',4.00,1.50,0.00,14.30,1.50,'2026-01-22 01:42:10','2026-01-22 01:42:10'),(24,'VS7300',19.50,6.00,28.50,27.50,8.00,'2026-01-22 01:42:10','2026-01-22 01:42:10'),(25,'VX2000',110.00,38.00,0.00,0.00,60.00,'2026-01-22 01:42:10','2026-01-22 01:42:10'),(26,'V5300BP',10.80,5.00,9.50,11.60,3.50,'2026-01-22 01:42:10','2026-01-22 01:42:10'),(27,'V5300DP',11.80,5.00,9.50,11.60,3.50,'2026-01-22 01:42:10','2026-01-22 01:42:10'),(31,'VC5100链条',5.00,2.70,0.00,9.00,2.40,'2026-01-22 01:43:58','2026-01-22 01:43:58'),(32,'A2000',1.00,1.00,1.00,1.00,1.00,'2026-01-22 02:53:54','2026-01-22 02:53:54');
/*!40000 ALTER TABLE `product_standard_hours` ENABLE KEYS */;
UNLOCK TABLES;

--
-- Table structure for table `task_efficiency`
--

DROP TABLE IF EXISTS `task_efficiency`;
/*!40101 SET @saved_cs_client     = @@character_set_client */;
/*!50503 SET character_set_client = utf8mb4 */;
CREATE TABLE `task_efficiency` (
  `id` int NOT NULL AUTO_INCREMENT,
  `task_id` int NOT NULL,
  `phase` varchar(50) NOT NULL,
  `assignee_id` int DEFAULT NULL,
  `standard_hours` decimal(10,2) NOT NULL DEFAULT '0.00',
  `actual_work_hours` decimal(10,2) NOT NULL DEFAULT '0.00',
  `exception_hours` decimal(10,2) NOT NULL DEFAULT '0.00',
  `assist_hours` decimal(10,2) NOT NULL DEFAULT '0.00',
  `efficiency` decimal(10,2) NOT NULL DEFAULT '0.00',
  `phase_start_time` datetime DEFAULT NULL,
  `phase_end_time` datetime DEFAULT NULL,
  `is_confirmed` tinyint(1) NOT NULL DEFAULT '0',
  `confirmed_by` int DEFAULT NULL,
  `confirmed_at` datetime DEFAULT NULL,
  `created_at` timestamp NOT NULL DEFAULT CURRENT_TIMESTAMP,
  `updated_at` timestamp NOT NULL DEFAULT CURRENT_TIMESTAMP ON UPDATE CURRENT_TIMESTAMP,
  PRIMARY KEY (`id`),
  UNIQUE KEY `uniq_task_phase_confirm` (`task_id`,`phase`),
  KEY `assignee_id` (`assignee_id`),
  KEY `confirmed_by` (`confirmed_by`),
  CONSTRAINT `task_efficiency_ibfk_1` FOREIGN KEY (`task_id`) REFERENCES `tasks` (`id`),
  CONSTRAINT `task_efficiency_ibfk_2` FOREIGN KEY (`assignee_id`) REFERENCES `users` (`id`),
  CONSTRAINT `task_efficiency_ibfk_3` FOREIGN KEY (`confirmed_by`) REFERENCES `users` (`id`)
) ENGINE=InnoDB AUTO_INCREMENT=69 DEFAULT CHARSET=utf8mb4 COLLATE=utf8mb4_0900_ai_ci;
/*!40101 SET character_set_client = @saved_cs_client */;

--
-- Dumping data for table `task_efficiency`
--

LOCK TABLES `task_efficiency` WRITE;
/*!40000 ALTER TABLE `task_efficiency` DISABLE KEYS */;
INSERT INTO `task_efficiency` VALUES (1,622,'machining',175,11.00,1.02,0.41,0.00,1819.02,'2026-01-16 14:53:43','2026-01-16 15:54:47',1,92,'2026-01-26 16:01:42','2026-01-22 01:14:35','2026-02-27 08:23:09'),(2,628,'machining',175,5.00,1.06,0.00,0.00,470.10,'2026-01-19 14:00:00','2026-01-19 15:03:49',1,92,'2026-01-26 16:01:42','2026-01-22 01:14:35','2026-02-27 08:23:09'),(3,629,'machining',170,0.00,13.44,0.88,0.50,0.00,'2026-01-16 17:54:09','2026-01-19 15:51:28',1,92,'2026-01-26 16:01:42','2026-01-22 01:14:35','2026-02-27 08:23:09'),(4,630,'machining',175,0.00,0.87,0.00,0.00,0.00,'2026-01-19 15:03:49','2026-01-19 15:55:47',1,92,'2026-01-26 16:01:42','2026-01-22 01:14:35','2026-02-27 08:23:09'),(5,621,'machining',170,0.00,1.26,0.00,0.00,0.00,'2026-01-16 14:30:41','2026-01-16 15:46:04',1,92,'2026-01-26 16:01:42','2026-01-22 01:14:35','2026-02-27 08:23:09'),(6,622,'electrical',176,5.00,11.06,0.00,0.00,45.19,'2026-01-16 15:55:01','2026-01-19 10:19:03',1,92,'2026-01-26 16:01:42','2026-01-22 01:14:35','2026-02-27 08:23:09'),(7,623,'machining',170,11.00,1.74,0.25,0.00,739.63,'2026-01-16 14:43:11','2026-01-16 16:42:25',1,92,'2026-01-26 16:01:42','2026-01-22 01:14:35','2026-02-27 08:23:09'),(8,623,'electrical',171,5.00,1.26,0.17,0.00,455.35,'2026-01-16 14:32:02','2026-01-16 15:47:55',1,92,'2026-01-26 16:01:42','2026-01-22 01:14:35','2026-02-27 08:23:09'),(9,624,'electrical',171,5.00,0.91,0.00,0.00,549.28,'2026-01-16 15:30:20','2026-01-16 16:39:57',1,92,'2026-01-26 16:01:42','2026-01-22 01:14:35','2026-02-27 08:23:09'),(10,625,'electrical',176,5.00,2.19,0.50,0.00,295.03,'2026-01-19 10:19:03','2026-01-19 14:00:44',1,92,'2026-01-26 16:01:42','2026-01-22 01:14:35','2026-02-27 08:23:09'),(11,626,'electrical',176,0.00,1.06,0.00,0.00,0.00,'2026-01-19 14:00:45','2026-01-19 15:04:06',1,92,'2026-01-26 16:01:42','2026-01-22 01:14:35','2026-02-27 08:23:09'),(12,627,'electrical',171,2.70,1.17,0.00,0.00,231.26,'2026-01-16 16:39:57','2026-01-16 17:54:34',1,92,'2026-01-26 16:01:42','2026-01-22 01:14:35','2026-02-27 08:23:09'),(13,628,'electrical',176,2.70,1.57,0.00,0.00,171.82,'2026-01-19 15:04:06','2026-01-19 16:53:23',1,92,'2026-01-26 16:01:42','2026-01-22 01:14:35','2026-02-27 08:23:09'),(14,629,'electrical',171,0.00,9.04,0.00,0.00,0.00,'2026-01-16 17:54:34','2026-01-19 09:57:38',1,92,'2026-01-26 16:01:42','2026-01-22 01:14:35','2026-02-27 08:23:09'),(15,624,'machining',170,11.00,1.13,0.00,0.00,976.57,'2026-01-16 16:42:25','2026-01-16 17:54:01',1,92,'2026-01-26 16:01:42','2026-01-22 01:14:35','2026-02-27 08:23:09'),(16,630,'electrical',176,0.00,2.46,0.00,0.00,0.00,'2026-01-19 16:53:23','2026-01-20 10:00:57',1,92,'2026-01-28 08:34:12','2026-01-22 01:14:35','2026-02-27 08:23:09'),(17,621,'electrical',171,0.00,3.69,0.00,0.00,0.00,'2026-01-19 09:57:38','2026-01-19 15:08:45',1,92,'2026-01-26 16:01:42','2026-01-22 01:14:35','2026-02-27 08:23:09'),(18,625,'machining',175,9.30,11.06,0.00,0.00,84.07,'2026-01-16 15:54:47','2026-01-19 10:18:41',1,92,'2026-01-26 16:01:42','2026-01-22 01:14:35','2026-02-27 08:23:09'),(19,622,'pre_assembly',177,13.80,2.20,0.50,0.00,810.04,'2026-01-19 10:19:19','2026-01-19 14:01:32',1,92,'2026-01-26 16:01:42','2026-01-22 01:14:35','2026-02-27 08:23:09'),(20,623,'pre_assembly',172,13.80,1.12,0.00,0.00,1232.75,'2026-01-16 16:42:50','2026-01-16 17:55:01',1,92,'2026-01-26 16:01:42','2026-01-22 01:14:35','2026-02-27 08:23:09'),(21,624,'pre_assembly',172,13.80,8.91,0.00,0.00,154.96,'2026-01-16 17:55:01','2026-01-19 09:49:32',1,92,'2026-01-26 16:01:42','2026-01-22 01:14:35','2026-02-27 08:23:09'),(22,625,'pre_assembly',177,9.00,1.05,0.00,0.00,859.64,'2026-01-19 14:01:32','2026-01-19 15:04:21',1,92,'2026-01-26 16:01:42','2026-01-22 01:14:35','2026-02-27 08:23:09'),(23,626,'pre_assembly',177,0.00,1.57,0.00,0.00,0.00,'2026-01-19 15:04:21','2026-01-19 16:53:37',1,92,'2026-01-26 16:01:42','2026-01-22 01:14:35','2026-02-27 08:23:09'),(24,627,'pre_assembly',172,0.00,1.37,0.00,0.00,0.00,'2026-01-19 09:49:32','2026-01-19 11:11:47',1,92,'2026-01-26 16:01:42','2026-01-22 01:14:35','2026-02-27 08:23:09'),(25,628,'pre_assembly',177,0.00,2.46,0.00,0.00,0.00,'2026-01-19 16:53:37','2026-01-20 10:01:05',1,92,'2026-01-28 08:34:12','2026-01-22 01:14:35','2026-02-27 08:23:09'),(26,629,'pre_assembly',172,0.00,1.61,0.00,0.00,0.00,'2026-01-19 15:58:22','2026-01-19 18:14:36',1,92,'2026-01-26 16:01:42','2026-01-22 01:14:35','2026-02-27 08:23:09'),(27,630,'pre_assembly',177,0.00,1.39,0.00,0.00,0.00,'2026-01-20 10:31:09','2026-01-20 13:24:41',1,92,'2026-01-28 08:34:12','2026-01-22 01:14:35','2026-02-27 08:23:09'),(28,621,'pre_assembly',172,0.00,0.54,0.00,0.00,0.00,'2026-01-16 15:55:14','2026-01-16 16:42:50',1,92,'2026-01-26 16:01:42','2026-01-22 01:14:35','2026-02-27 08:23:09'),(29,622,'post_assembly',178,13.40,1.05,0.00,0.00,1281.62,'2026-01-19 14:01:49','2026-01-19 15:04:33',1,92,'2026-01-26 16:01:42','2026-01-22 01:14:35','2026-02-27 08:23:09'),(30,623,'post_assembly',173,13.40,8.91,0.00,0.00,150.43,'2026-01-16 17:55:15','2026-01-19 09:49:41',1,92,'2026-01-26 16:01:42','2026-01-22 01:14:35','2026-02-27 08:23:09'),(31,625,'post_assembly',178,12.90,1.58,0.00,0.00,817.46,'2026-01-19 15:04:33','2026-01-19 16:54:14',1,92,'2026-01-26 16:01:42','2026-01-22 01:14:35','2026-02-27 08:23:09'),(32,624,'post_assembly',173,13.40,1.37,0.00,0.00,976.52,'2026-01-19 09:49:42','2026-01-19 11:12:02',1,92,'2026-01-26 16:01:42','2026-01-22 01:14:35','2026-02-27 08:23:09'),(33,626,'post_assembly',178,0.00,0.48,0.00,0.00,0.00,'2026-01-20 10:01:34','2026-01-20 10:30:38',1,92,'2026-01-28 08:34:12','2026-01-22 01:14:35','2026-02-27 08:23:09'),(34,627,'post_assembly',173,9.00,2.47,0.00,0.00,364.86,'2026-01-19 11:12:02','2026-01-19 15:10:02',1,92,'2026-01-26 16:01:42','2026-01-22 01:14:35','2026-02-27 08:23:09'),(35,626,'machining',175,0.00,2.19,2.19,0.00,0.00,'2026-01-19 10:18:41','2026-01-19 14:00:00',1,92,'2026-01-26 16:01:42','2026-01-22 01:14:35','2026-02-27 08:23:09'),(36,628,'post_assembly',177,9.00,0.50,0.00,0.00,1797.00,'2026-01-20 10:01:05','2026-01-20 10:31:08',1,92,'2026-01-28 08:34:12','2026-01-22 01:14:35','2026-02-27 08:23:09'),(37,629,'post_assembly',173,0.00,2.16,0.00,0.00,0.00,'2026-01-19 18:14:43','2026-01-20 10:39:46',1,92,'2026-01-28 08:34:12','2026-01-22 01:14:35','2026-02-27 08:23:09'),(38,630,'post_assembly',178,0.00,1.40,0.00,0.00,0.00,'2026-01-20 10:31:18','2026-01-20 13:25:00',1,92,'2026-01-28 08:34:12','2026-01-22 01:14:35','2026-02-27 08:23:09'),(39,621,'post_assembly',173,0.00,1.12,0.00,0.00,0.00,'2026-01-16 16:43:06','2026-01-16 17:55:15',1,92,'2026-01-26 16:01:42','2026-01-22 01:14:35','2026-02-27 08:23:09'),(40,622,'debugging',179,7.00,1.58,0.00,0.00,442.65,'2026-01-19 15:04:50','2026-01-19 16:54:43',1,92,'2026-01-26 16:01:42','2026-01-22 01:14:35','2026-02-27 08:23:09'),(41,623,'debugging',174,7.00,1.37,0.00,0.00,510.95,'2026-01-19 09:50:02','2026-01-19 11:12:14',1,92,'2026-01-26 16:01:42','2026-01-22 01:14:35','2026-02-27 08:23:09'),(42,624,'debugging',174,7.00,2.47,1.00,0.00,476.73,'2026-01-19 11:12:14','2026-01-19 15:10:20',1,92,'2026-01-26 16:01:42','2026-01-22 01:14:35','2026-02-27 08:23:09'),(43,625,'debugging',179,5.50,0.01,0.00,0.00,90000.00,'2026-01-19 15:58:58','2026-01-19 15:59:20',1,92,'2026-01-26 16:01:42','2026-01-22 01:14:35','2026-02-27 08:23:09'),(44,626,'debugging',179,0.00,1.53,0.00,0.00,0.00,'2026-01-20 13:25:13','2026-01-20 14:56:50',1,92,'2026-01-28 08:34:12','2026-01-22 01:14:35','2026-02-27 08:23:10'),(45,627,'debugging',174,2.40,2.41,0.00,0.00,99.55,'2026-01-19 15:10:21','2026-01-19 18:14:51',1,92,'2026-01-26 16:01:42','2026-01-22 01:14:35','2026-02-27 08:23:10'),(46,628,'debugging',179,2.40,0.50,0.00,0.00,483.49,'2026-01-20 10:01:55','2026-01-20 10:31:42',1,92,'2026-01-28 08:34:12','2026-01-22 01:14:35','2026-02-27 08:23:10'),(47,629,'debugging',174,0.00,2.17,0.00,0.00,0.00,'2026-01-19 18:14:52','2026-01-20 10:39:56',1,92,'2026-01-28 08:34:12','2026-01-22 01:14:35','2026-02-27 08:23:10'),(48,630,'debugging',179,0.00,1.39,0.00,0.00,0.00,'2026-01-20 10:31:42','2026-01-20 13:25:13',1,92,'2026-01-28 08:34:12','2026-01-22 01:14:35','2026-02-27 08:23:10'),(49,621,'debugging',174,0.00,8.91,0.00,0.00,0.00,'2026-01-16 17:55:28','2026-01-19 09:50:02',1,92,'2026-01-26 16:01:42','2026-01-22 01:14:35','2026-02-27 08:23:10'),(50,627,'machining',170,5.00,8.87,0.00,0.00,56.37,'2026-01-16 17:54:01','2026-01-19 09:47:26',1,92,'2026-01-26 16:01:42','2026-01-22 01:14:35','2026-02-27 08:23:10'),(51,644,'machining',170,0.00,0.00,0.00,0.00,0.00,'2026-01-22 17:36:08','2026-01-22 17:36:13',1,86,'2026-02-06 11:17:51','2026-01-22 10:01:13','2026-02-27 08:23:10'),(52,644,'electrical',173,0.00,0.00,0.00,0.00,0.00,'2026-01-23 09:19:40','2026-01-26 16:44:11',1,86,'2026-02-06 11:17:51','2026-01-23 01:20:27','2026-02-27 08:23:10'),(53,644,'pre_assembly',172,0.00,0.00,0.00,0.00,0.00,'2026-01-22 17:56:06','2026-01-26 16:44:52',1,86,'2026-02-06 11:17:51','2026-01-23 01:20:27','2026-02-27 08:23:10'),(54,644,'post_assembly',173,0.00,0.00,0.00,0.00,0.00,'2026-01-22 17:56:12','2026-01-23 09:17:36',1,86,'2026-02-06 11:17:51','2026-01-23 01:20:27','2026-02-27 08:23:10'),(55,644,'debugging',170,0.00,0.00,0.00,0.00,0.00,'2026-01-23 09:19:00','2026-01-23 09:19:04',1,86,'2026-02-06 11:17:51','2026-01-23 01:20:27','2026-02-27 08:23:10'),(56,646,'machining',170,11.00,0.00,0.00,0.00,0.00,'2026-01-23 15:46:48','2026-01-23 15:46:53',1,86,'2026-02-06 11:17:51','2026-01-26 07:42:44','2026-02-27 08:23:10'),(57,645,'machining',170,11.00,0.00,0.00,0.00,0.00,'2026-01-23 11:10:21','2026-01-23 15:42:11',1,86,'2026-02-06 11:17:51','2026-01-26 07:42:44','2026-02-27 08:23:10'),(58,646,'electrical',171,5.00,0.00,0.00,0.00,0.00,'2026-01-23 16:13:33','2026-01-23 16:13:37',1,86,'2026-02-06 11:17:51','2026-01-26 07:42:44','2026-02-27 08:23:10'),(59,637,'machining',170,11.00,0.00,0.00,0.00,0.00,'2026-01-23 15:46:53','2026-01-23 15:48:23',1,86,'2026-02-06 11:17:51','2026-01-26 07:42:44','2026-02-27 08:23:10'),(60,636,'electrical',171,5.00,0.00,0.00,0.00,0.00,'2026-01-23 16:13:26','2026-01-23 16:13:30',1,86,'2026-02-06 11:17:51','2026-01-26 07:42:44','2026-02-27 08:23:10'),(61,637,'electrical',171,5.00,0.00,0.00,0.00,0.00,'2026-01-23 16:13:30','2026-01-23 16:13:33',1,86,'2026-02-06 11:17:51','2026-01-26 07:42:44','2026-02-27 08:23:10'),(62,636,'pre_assembly',177,13.80,21.66,0.00,0.00,63.70,'2026-01-20 10:30:09','2026-01-22 13:30:09',1,86,'2026-02-06 11:17:51','2026-01-26 07:42:44','2026-02-27 08:23:10'),(63,636,'machining',170,11.00,0.00,0.00,0.00,0.00,'2026-01-23 15:48:23','2026-01-23 15:48:25',1,86,'2026-02-06 11:17:51','2026-01-26 07:42:44','2026-02-27 08:23:10'),(64,645,'electrical',171,5.00,0.00,0.00,0.00,0.00,'2026-01-26 16:56:30','2026-01-26 16:56:33',0,NULL,NULL,'2026-01-26 08:56:46','2026-01-26 08:57:36'),(65,645,'pre_assembly',172,13.80,0.00,0.00,0.00,0.00,'2026-01-26 16:44:52','2026-01-26 16:45:03',1,86,'2026-02-06 11:17:51','2026-01-26 08:56:46','2026-02-27 08:23:10'),(66,689,'machining',181,0.00,0.00,0.00,0.00,0.00,'2026-02-26 17:58:00','2026-02-26 18:02:37',0,NULL,NULL,'2026-02-27 07:30:32','2026-02-27 08:23:09'),(67,705,'machining',181,11.00,0.00,0.00,0.00,0.00,'2026-02-26 18:00:07','2026-02-26 18:03:32',0,NULL,NULL,'2026-02-27 07:30:32','2026-02-27 08:23:09'),(68,719,'machining',181,4.00,0.00,0.00,0.00,0.00,'2026-02-26 17:58:18','2026-02-26 18:02:42',0,NULL,NULL,'2026-02-27 07:30:32','2026-02-27 08:23:09');
/*!40000 ALTER TABLE `task_efficiency` ENABLE KEYS */;
UNLOCK TABLES;

--
-- Table structure for table `task_phase_efficiency`
--

DROP TABLE IF EXISTS `task_phase_efficiency`;
/*!40101 SET @saved_cs_client     = @@character_set_client */;
/*!50503 SET character_set_client = utf8mb4 */;
CREATE TABLE `task_phase_efficiency` (
  `id` int NOT NULL AUTO_INCREMENT,
  `task_id` int NOT NULL,
  `phase` varchar(50) NOT NULL,
  `assignee_id` int DEFAULT NULL,
  `standard_hours` decimal(10,2) NOT NULL DEFAULT '0.00',
  `actual_work_hours` decimal(10,2) NOT NULL DEFAULT '0.00',
  `exception_hours` decimal(10,2) NOT NULL DEFAULT '0.00',
  `assist_hours` decimal(10,2) NOT NULL DEFAULT '0.00',
  `efficiency` decimal(10,2) NOT NULL DEFAULT '0.00',
  `phase_start_time` datetime DEFAULT NULL,
  `phase_end_time` datetime DEFAULT NULL,
  `calculated_at` timestamp NOT NULL DEFAULT CURRENT_TIMESTAMP,
  PRIMARY KEY (`id`),
  UNIQUE KEY `uniq_task_phase` (`task_id`,`phase`),
  CONSTRAINT `task_phase_efficiency_ibfk_1` FOREIGN KEY (`task_id`) REFERENCES `tasks` (`id`)
) ENGINE=InnoDB AUTO_INCREMENT=51 DEFAULT CHARSET=utf8mb4 COLLATE=utf8mb4_0900_ai_ci;
/*!40101 SET character_set_client = @saved_cs_client */;

--
-- Dumping data for table `task_phase_efficiency`
--

LOCK TABLES `task_phase_efficiency` WRITE;
/*!40000 ALTER TABLE `task_phase_efficiency` DISABLE KEYS */;
INSERT INTO `task_phase_efficiency` VALUES (1,621,'machining',170,0.00,0.00,0.00,0.00,0.00,'2026-01-16 14:30:41','2026-01-16 15:46:04','2026-01-21 09:07:21'),(2,622,'machining',175,11.00,0.00,0.00,0.00,0.00,'2026-01-16 14:53:43','2026-01-16 15:54:47','2026-01-21 09:07:21'),(3,623,'machining',170,11.00,0.00,0.00,0.00,0.00,'2026-01-16 14:43:11','2026-01-16 16:42:25','2026-01-21 09:07:21'),(4,624,'machining',170,11.00,0.00,0.00,0.00,0.00,'2026-01-16 16:42:25','2026-01-16 17:54:01','2026-01-21 09:07:21'),(5,625,'machining',175,9.30,0.00,0.00,0.00,0.00,'2026-01-16 15:54:47','2026-01-19 10:18:41','2026-01-21 09:07:21'),(6,626,'machining',175,0.00,0.00,0.00,0.00,0.00,'2026-01-19 10:18:41','2026-01-19 14:00:00','2026-01-21 09:07:21'),(7,627,'machining',170,5.00,0.00,0.00,0.00,0.00,'2026-01-16 17:54:01','2026-01-19 09:47:26','2026-01-21 09:07:21'),(8,628,'machining',175,5.00,0.00,0.00,0.00,0.00,'2026-01-19 14:00:00','2026-01-19 15:03:49','2026-01-21 09:07:21'),(9,629,'machining',170,0.00,15.16,0.00,0.00,0.00,'2026-01-16 17:54:09','2026-01-19 15:51:28','2026-01-21 09:07:21'),(10,630,'machining',175,0.00,0.00,0.00,0.00,0.00,'2026-01-19 15:03:49','2026-01-19 15:55:47','2026-01-21 09:07:21'),(11,621,'electrical',171,0.00,0.00,0.00,0.00,0.00,'2026-01-19 09:57:38','2026-01-19 15:08:45','2026-01-21 09:07:21'),(12,622,'electrical',176,5.00,0.00,0.00,0.00,0.00,'2026-01-16 15:55:01','2026-01-19 10:19:03','2026-01-21 09:07:21'),(13,623,'electrical',171,5.00,0.00,0.00,0.00,0.00,'2026-01-16 14:32:02','2026-01-16 15:47:55','2026-01-21 09:07:21'),(14,624,'electrical',171,5.00,0.00,0.00,0.00,0.00,'2026-01-16 15:30:20','2026-01-16 16:39:57','2026-01-21 09:07:21'),(15,625,'electrical',176,5.00,0.00,0.00,0.00,0.00,'2026-01-19 10:19:03','2026-01-19 14:00:44','2026-01-21 09:07:21'),(16,626,'electrical',176,0.00,0.00,0.00,0.00,0.00,'2026-01-19 14:00:45','2026-01-19 15:04:06','2026-01-21 09:07:21'),(17,627,'electrical',171,2.70,0.00,0.00,0.00,0.00,'2026-01-16 16:39:57','2026-01-16 17:54:34','2026-01-21 09:07:21'),(18,628,'electrical',176,2.70,0.00,0.00,0.00,0.00,'2026-01-19 15:04:06','2026-01-19 16:53:23','2026-01-21 09:07:21'),(19,629,'electrical',171,0.00,15.16,0.00,0.00,0.00,'2026-01-16 17:54:34','2026-01-19 09:57:38','2026-01-21 09:07:21'),(20,630,'electrical',176,0.00,0.00,0.00,0.00,0.00,'2026-01-19 16:53:23','2026-01-20 10:00:57','2026-01-21 09:07:21'),(21,621,'pre_assembly',172,0.00,0.00,0.00,0.00,0.00,'2026-01-16 15:55:14','2026-01-16 16:42:50','2026-01-21 09:07:21'),(22,622,'pre_assembly',177,13.80,0.00,0.00,0.00,0.00,'2026-01-19 10:19:19','2026-01-19 14:01:32','2026-01-21 09:07:21'),(23,623,'pre_assembly',172,13.80,0.00,0.00,0.00,0.00,'2026-01-16 16:42:50','2026-01-16 17:55:01','2026-01-21 09:07:21'),(24,624,'pre_assembly',172,13.80,0.00,0.00,0.00,0.00,'2026-01-16 17:55:01','2026-01-19 09:49:32','2026-01-21 09:07:21'),(25,625,'pre_assembly',177,9.00,0.00,0.00,0.00,0.00,'2026-01-19 14:01:32','2026-01-19 15:04:21','2026-01-21 09:07:21'),(26,626,'pre_assembly',177,0.00,0.00,0.00,0.00,0.00,'2026-01-19 15:04:21','2026-01-19 16:53:37','2026-01-21 09:07:21'),(27,627,'pre_assembly',172,0.00,0.00,0.00,0.00,0.00,'2026-01-19 09:49:32','2026-01-19 11:11:47','2026-01-21 09:07:21'),(28,628,'pre_assembly',177,0.00,0.00,0.00,0.00,0.00,'2026-01-19 16:53:37','2026-01-20 10:01:05','2026-01-21 09:07:21'),(29,629,'pre_assembly',172,0.00,15.16,0.00,0.00,0.00,'2026-01-19 15:58:22','2026-01-19 18:14:36','2026-01-21 09:07:21'),(30,630,'pre_assembly',177,0.00,0.00,0.00,0.00,0.00,'2026-01-20 10:31:09','2026-01-20 13:24:41','2026-01-21 09:07:21'),(31,621,'post_assembly',173,0.00,0.00,0.00,0.00,0.00,'2026-01-16 16:43:06','2026-01-16 17:55:15','2026-01-21 09:07:21'),(32,622,'post_assembly',178,13.40,0.00,0.00,0.00,0.00,'2026-01-19 14:01:49','2026-01-19 15:04:33','2026-01-21 09:07:21'),(33,623,'post_assembly',173,13.40,0.00,0.00,0.00,0.00,'2026-01-16 17:55:15','2026-01-19 09:49:41','2026-01-21 09:07:21'),(34,624,'post_assembly',173,13.40,0.00,0.00,0.00,0.00,'2026-01-19 09:49:42','2026-01-19 11:12:02','2026-01-21 09:07:21'),(35,625,'post_assembly',178,12.90,0.00,0.00,0.00,0.00,'2026-01-19 15:04:33','2026-01-19 16:54:14','2026-01-21 09:07:21'),(36,626,'post_assembly',178,0.00,0.00,0.00,0.00,0.00,'2026-01-20 10:01:34','2026-01-20 10:30:38','2026-01-21 09:07:21'),(37,627,'post_assembly',173,9.00,0.00,0.00,0.00,0.00,'2026-01-19 11:12:02','2026-01-19 15:10:02','2026-01-21 09:07:21'),(38,628,'post_assembly',177,9.00,0.00,0.00,0.00,0.00,'2026-01-20 10:01:05','2026-01-20 10:31:08','2026-01-21 09:07:21'),(39,629,'post_assembly',173,0.00,15.16,0.00,0.00,0.00,'2026-01-19 18:14:43','2026-01-20 10:39:46','2026-01-21 09:07:21'),(40,630,'post_assembly',178,0.00,0.00,0.00,0.00,0.00,'2026-01-20 10:31:18','2026-01-20 13:25:00','2026-01-21 09:07:21'),(41,621,'debugging',174,0.00,0.00,0.00,0.00,0.00,'2026-01-16 17:55:28','2026-01-19 09:50:02','2026-01-21 09:07:21'),(42,622,'debugging',179,7.00,0.00,0.00,0.00,0.00,'2026-01-19 15:04:50','2026-01-19 16:54:43','2026-01-21 09:07:21'),(43,623,'debugging',174,7.00,0.00,0.00,0.00,0.00,'2026-01-19 09:50:02','2026-01-19 11:12:14','2026-01-21 09:07:21'),(44,624,'debugging',174,7.00,0.00,0.00,0.00,0.00,'2026-01-19 11:12:14','2026-01-19 15:10:20','2026-01-21 09:07:21'),(45,625,'debugging',179,5.50,0.00,0.00,0.00,0.00,'2026-01-19 15:58:58','2026-01-19 15:59:20','2026-01-21 09:07:21'),(46,626,'debugging',179,0.00,0.00,0.00,0.00,0.00,'2026-01-20 13:25:13','2026-01-20 14:56:50','2026-01-21 09:07:21'),(47,627,'debugging',174,2.40,0.00,0.00,0.00,0.00,'2026-01-19 15:10:21','2026-01-19 18:14:51','2026-01-21 09:07:21'),(48,628,'debugging',179,2.40,0.00,0.00,0.00,0.00,'2026-01-20 10:01:55','2026-01-20 10:31:42','2026-01-21 09:07:21'),(49,629,'debugging',174,0.00,15.16,0.00,0.00,0.00,'2026-01-19 18:14:52','2026-01-20 10:39:56','2026-01-21 09:07:21'),(50,630,'debugging',179,0.00,0.00,0.00,0.00,0.00,'2026-01-20 10:31:42','2026-01-20 13:25:13','2026-01-21 09:07:21');
/*!40000 ALTER TABLE `task_phase_efficiency` ENABLE KEYS */;
UNLOCK TABLES;

--
-- Table structure for table `task_time_logs`
--

DROP TABLE IF EXISTS `task_time_logs`;
/*!40101 SET @saved_cs_client     = @@character_set_client */;
/*!50503 SET character_set_client = utf8mb4 */;
CREATE TABLE `task_time_logs` (
  `id` int NOT NULL AUTO_INCREMENT,
  `task_id` int NOT NULL,
  `user_id` int NOT NULL,
  `start_time` datetime NOT NULL,
  `end_time` datetime DEFAULT NULL,
  `total_minutes` int DEFAULT NULL,
  `created_at` timestamp NOT NULL DEFAULT CURRENT_TIMESTAMP,
  PRIMARY KEY (`id`),
  KEY `idx_task_user` (`task_id`,`user_id`),
  KEY `idx_user_open` (`user_id`,`end_time`)
) ENGINE=InnoDB AUTO_INCREMENT=3 DEFAULT CHARSET=utf8mb4 COLLATE=utf8mb4_general_ci;
/*!40101 SET character_set_client = @saved_cs_client */;

--
-- Dumping data for table `task_time_logs`
--

LOCK TABLES `task_time_logs` WRITE;
/*!40000 ALTER TABLE `task_time_logs` DISABLE KEYS */;
/*!40000 ALTER TABLE `task_time_logs` ENABLE KEYS */;
UNLOCK TABLES;

--
-- Table structure for table `tasks`
--

DROP TABLE IF EXISTS `tasks`;
/*!40101 SET @saved_cs_client     = @@character_set_client */;
/*!50503 SET character_set_client = utf8mb4 */;
CREATE TABLE `tasks` (
  `id` int NOT NULL AUTO_INCREMENT,
  `name` varchar(200) CHARACTER SET utf8mb4 COLLATE utf8mb4_general_ci NOT NULL,
  `description` text CHARACTER SET utf8mb4 COLLATE utf8mb4_general_ci,
  `status` enum('pending','completed','cancelled') CHARACTER SET utf8mb4 COLLATE utf8mb4_general_ci DEFAULT 'pending',
  `priority` enum('normal','urgent') CHARACTER SET utf8mb4 COLLATE utf8mb4_general_ci NOT NULL DEFAULT 'normal',
  `created_by` int DEFAULT NULL,
  `start_time` datetime DEFAULT NULL,
  `end_time` datetime DEFAULT NULL,
  `estimated_hours` decimal(5,2) DEFAULT NULL,
  `actual_hours` decimal(5,2) DEFAULT NULL,
  `machining_hours_est` decimal(5,2) DEFAULT NULL,
  `electrical_hours_est` decimal(5,2) DEFAULT NULL,
  `pre_assembly_hours_est` decimal(5,2) DEFAULT NULL,
  `post_assembly_hours_est` decimal(5,2) DEFAULT NULL,
  `debugging_hours_est` decimal(5,2) DEFAULT NULL,
  `machining_phase` tinyint(1) DEFAULT '0',
  `electrical_phase` tinyint(1) DEFAULT '0',
  `pre_assembly_phase` tinyint(1) DEFAULT '0',
  `post_assembly_phase` tinyint(1) DEFAULT '0',
  `debugging_phase` tinyint(1) DEFAULT '0',
  `current_phase` enum('machining','electrical','pre_assembly','post_assembly','debugging') CHARACTER SET utf8mb4 COLLATE utf8mb4_general_ci DEFAULT 'machining',
  `machining_start_time` datetime DEFAULT NULL,
  `electrical_start_time` datetime DEFAULT NULL,
  `pre_assembly_start_time` datetime DEFAULT NULL,
  `post_assembly_start_time` datetime DEFAULT NULL,
  `debugging_start_time` datetime DEFAULT NULL,
  `machining_complete_time` datetime DEFAULT NULL,
  `machining_paused_at` datetime DEFAULT NULL,
  `machining_pause_note` text CHARACTER SET utf8mb4 COLLATE utf8mb4_general_ci,
  `electrical_complete_time` datetime DEFAULT NULL,
  `electrical_paused_at` datetime DEFAULT NULL,
  `electrical_pause_note` text CHARACTER SET utf8mb4 COLLATE utf8mb4_general_ci,
  `pre_assembly_complete_time` datetime DEFAULT NULL,
  `pre_assembly_paused_at` datetime DEFAULT NULL,
  `pre_assembly_pause_note` text CHARACTER SET utf8mb4 COLLATE utf8mb4_general_ci,
  `post_assembly_complete_time` datetime DEFAULT NULL,
  `post_assembly_paused_at` datetime DEFAULT NULL,
  `post_assembly_pause_note` text CHARACTER SET utf8mb4 COLLATE utf8mb4_general_ci,
  `debugging_complete_time` datetime DEFAULT NULL,
  `debugging_paused_at` datetime DEFAULT NULL,
  `debugging_pause_note` text CHARACTER SET utf8mb4 COLLATE utf8mb4_general_ci,
  `device_number` varchar(100) CHARACTER SET utf8mb4 COLLATE utf8mb4_general_ci DEFAULT NULL,
  `product_model` varchar(100) CHARACTER SET utf8mb4 COLLATE utf8mb4_general_ci DEFAULT NULL,
  `order_status` varchar(50) CHARACTER SET utf8mb4 COLLATE utf8mb4_general_ci DEFAULT NULL,
  `delivery_plan_note` text COLLATE utf8mb4_general_ci COMMENT '交货计划备注（交货计划说明）',
  `is_inventory` tinyint(1) NOT NULL DEFAULT '0' COMMENT '是否库存任务（1=库存，0=非库存）',
  `production_time` datetime DEFAULT NULL,
  `promised_completion_time` datetime DEFAULT NULL,
  `created_at` timestamp NOT NULL DEFAULT CURRENT_TIMESTAMP,
  `updated_at` timestamp NOT NULL DEFAULT CURRENT_TIMESTAMP ON UPDATE CURRENT_TIMESTAMP,
  `machining_assignee` int DEFAULT NULL,
  `electrical_assignee` int DEFAULT NULL,
  `pre_assembly_assignee` int DEFAULT NULL,
  `post_assembly_assignee` int DEFAULT NULL,
  `debugging_assignee` int DEFAULT NULL,
  `machining_order` int DEFAULT NULL COMMENT '机加阶段紧急顺序，数字越小越紧急',
  `electrical_order` int DEFAULT NULL COMMENT '电控阶段紧急顺序，数字越小越紧急',
  `pre_assembly_order` int DEFAULT NULL COMMENT '预装阶段紧急顺序，数字越小越紧急',
  `post_assembly_order` int DEFAULT NULL COMMENT '总装阶段紧急顺序，数字越小越紧急',
  `debugging_order` int DEFAULT NULL COMMENT '调试阶段紧急顺序，数字越小越紧急',
  `is_non_standard` tinyint(1) DEFAULT '0' COMMENT '是否非标：0=否，1=是',
  `device_efficiency` decimal(10,2) DEFAULT NULL COMMENT '设备效率快照(%)，基于已确认阶段效率汇总',
  PRIMARY KEY (`id`),
  KEY `fk_tasks_created_by` (`created_by`),
  KEY `idx_tasks_device_number` (`device_number`),
  KEY `idx_tasks_product_model` (`product_model`),
  KEY `idx_tasks_order_status` (`order_status`),
  KEY `idx_tasks_production_time` (`production_time`),
  KEY `fk_machining_assignee` (`machining_assignee`),
  KEY `fk_electrical_assignee` (`electrical_assignee`),
  KEY `fk_tasks_pre_assembly_assignee` (`pre_assembly_assignee`),
  KEY `fk_tasks_post_assembly_assignee` (`post_assembly_assignee`),
  KEY `fk_tasks_debugging_assignee` (`debugging_assignee`),
  CONSTRAINT `fk_electrical_assignee` FOREIGN KEY (`electrical_assignee`) REFERENCES `users` (`id`),
  CONSTRAINT `fk_machining_assignee` FOREIGN KEY (`machining_assignee`) REFERENCES `users` (`id`),
  CONSTRAINT `fk_tasks_created_by` FOREIGN KEY (`created_by`) REFERENCES `users` (`id`),
  CONSTRAINT `fk_tasks_debugging_assignee` FOREIGN KEY (`debugging_assignee`) REFERENCES `users` (`id`) ON DELETE SET NULL,
  CONSTRAINT `fk_tasks_post_assembly_assignee` FOREIGN KEY (`post_assembly_assignee`) REFERENCES `users` (`id`) ON DELETE SET NULL,
  CONSTRAINT `fk_tasks_pre_assembly_assignee` FOREIGN KEY (`pre_assembly_assignee`) REFERENCES `users` (`id`) ON DELETE SET NULL
) ENGINE=InnoDB AUTO_INCREMENT=803 DEFAULT CHARSET=utf8mb4 COLLATE=utf8mb4_general_ci;
/*!40101 SET character_set_client = @saved_cs_client */;

--
-- Dumping data for table `tasks`
--

LOCK TABLES `tasks` WRITE;
/*!40000 ALTER TABLE `tasks` DISABLE KEYS */;
INSERT INTO `tasks` VALUES (621,'T1 - Icon','设备号：T1，产品型号：Icon，订单状态：未开工','completed','normal',92,NULL,'2026-01-19 15:08:45',NULL,NULL,NULL,NULL,NULL,NULL,NULL,1,1,1,1,1,'electrical','2026-01-16 14:30:41','2026-01-19 09:57:38','2026-01-16 15:55:14','2026-01-16 16:43:06','2026-01-16 17:55:28','2026-01-16 15:46:04',NULL,NULL,'2026-01-19 15:08:45',NULL,NULL,'2026-01-16 16:42:50',NULL,NULL,'2026-01-16 17:55:15',NULL,NULL,'2026-01-19 09:50:02',NULL,NULL,'T1','Icon','未开工',NULL,0,'2025-11-20 00:00:00',NULL,'2026-01-16 05:48:16','2026-01-19 07:08:45',170,171,172,173,174,0,1,0,0,0,1,NULL),(622,'T2 - Cube','设备号：T2，产品型号：VC5300CP，订单状态：未开工','completed','normal',92,NULL,'2026-01-19 16:54:43',NULL,NULL,11.00,5.00,13.80,13.40,7.00,1,1,1,1,1,'debugging','2026-01-16 14:53:43','2026-01-16 15:55:01','2026-01-19 10:19:19','2026-01-19 14:01:49','2026-01-19 15:04:50','2026-01-16 15:54:47',NULL,NULL,'2026-01-19 10:19:03',NULL,NULL,'2026-01-19 14:01:32',NULL,NULL,'2026-01-19 15:04:33',NULL,NULL,'2026-01-19 16:54:43',NULL,NULL,'T2','Cube','未开工',NULL,0,'2025-11-19 00:00:00',NULL,'2026-01-16 05:48:17','2026-01-21 05:41:51',175,176,177,178,179,0,1,0,0,0,0,NULL),(623,'T3 - Cube','设备号：T3，产品型号：V5300DP，订单状态：未开工','completed','normal',92,NULL,'2026-01-19 11:12:14',NULL,NULL,11.00,5.00,13.80,13.40,7.00,1,1,1,1,1,'debugging','2026-01-16 14:43:11','2026-01-16 14:32:02','2026-01-16 16:42:50','2026-01-16 17:55:15','2026-01-19 09:50:02','2026-01-16 16:42:25',NULL,NULL,'2026-01-16 15:47:55',NULL,NULL,'2026-01-16 17:55:01',NULL,NULL,'2026-01-19 09:49:41',NULL,NULL,'2026-01-19 11:12:14',NULL,NULL,'T3','Cube','未开工',NULL,0,'2025-10-29 00:00:00',NULL,'2026-01-16 05:48:17','2026-01-21 05:53:33',170,171,172,173,174,1,1,1,1,1,0,NULL),(624,'T4 - Cube','设备号：T4，产品型号：Cube，订单状态：未开工','completed','normal',92,NULL,'2026-01-19 15:10:20',NULL,NULL,11.00,5.00,13.80,13.40,7.00,1,1,1,1,1,'debugging','2026-01-16 16:42:25','2026-01-16 15:30:20','2026-01-16 17:55:01','2026-01-19 09:49:42','2026-01-19 11:12:14','2026-01-16 17:54:01',NULL,NULL,'2026-01-16 16:39:57',NULL,NULL,'2026-01-19 09:49:32',NULL,NULL,'2026-01-19 11:12:02',NULL,NULL,'2026-01-19 15:10:20',NULL,NULL,'T4','Cube','未开工',NULL,0,'2025-11-20 00:00:00',NULL,'2026-01-16 05:48:17','2026-01-21 05:53:14',170,171,172,173,174,2,2,2,2,2,0,NULL),(625,'T5 - Icon','设备号：T5，产品型号：Icon，订单状态：未开工','completed','normal',92,NULL,'2026-01-19 16:54:14',NULL,NULL,9.30,5.00,9.00,12.90,5.50,1,1,1,1,1,'debugging','2026-01-16 15:54:47','2026-01-19 10:19:03','2026-01-19 14:01:32','2026-01-19 15:04:33','2026-01-19 15:58:58','2026-01-19 10:18:41',NULL,NULL,'2026-01-19 14:00:44',NULL,NULL,'2026-01-19 15:04:21',NULL,NULL,'2026-01-19 16:54:14',NULL,NULL,'2026-01-19 15:59:20',NULL,NULL,'T5','Icon','未开工',NULL,0,'2025-11-20 00:00:00',NULL,'2026-01-16 05:48:17','2026-01-21 05:53:33',175,176,177,178,179,1,3,1,0,1,0,NULL),(626,'T6 - Cube','设备号：T6，产品型号：V5100BP，订单状态：未开工','completed','normal',92,NULL,'2026-01-20 14:56:50',NULL,NULL,NULL,NULL,NULL,NULL,NULL,1,1,1,1,1,'debugging','2026-01-19 10:18:41','2026-01-19 14:00:45','2026-01-19 15:04:21','2026-01-20 10:01:34','2026-01-20 13:25:13','2026-01-19 14:00:00',NULL,NULL,'2026-01-19 15:04:06',NULL,NULL,'2026-01-19 16:53:37',NULL,NULL,'2026-01-20 10:30:38',NULL,NULL,'2026-01-20 14:56:50',NULL,NULL,'T6','V5100BP','未开工',NULL,0,'2025-11-20 00:00:00',NULL,'2026-01-16 05:48:17','2026-01-21 05:53:14',175,176,177,178,179,2,4,2,2,3,0,NULL),(627,'T7 - A1000D','设备号：T7，产品型号：A10，订单状态：未开工','completed','normal',92,NULL,'2026-01-19 18:14:51',NULL,NULL,5.00,2.70,0.00,9.00,2.40,1,1,1,1,1,'debugging','2026-01-16 17:54:01','2026-01-16 16:39:57','2026-01-19 09:49:32','2026-01-19 11:12:02','2026-01-19 15:10:21','2026-01-19 09:47:26',NULL,NULL,'2026-01-16 17:54:34',NULL,NULL,'2026-01-19 11:11:47',NULL,NULL,'2026-01-19 15:10:02',NULL,NULL,'2026-01-19 18:14:51',NULL,NULL,'T7','A10','未开工',NULL,0,'2025-11-18 00:00:00',NULL,'2026-01-16 05:48:17','2026-01-21 05:53:33',170,171,172,173,174,3,3,3,3,2,0,NULL),(628,'T8 - A1000D','设备号：T8，产品型号：A10，订单状态：未开工','completed','normal',92,NULL,'2026-01-20 10:31:42',NULL,NULL,5.00,2.70,0.00,9.00,2.40,1,1,1,1,1,'debugging','2026-01-19 14:00:00','2026-01-19 15:04:06','2026-01-19 16:53:37','2026-01-20 10:01:05','2026-01-20 10:01:55','2026-01-19 15:03:49',NULL,NULL,'2026-01-19 16:53:23',NULL,NULL,'2026-01-20 10:01:05',NULL,NULL,'2026-01-20 10:31:08',NULL,NULL,'2026-01-20 10:31:42',NULL,NULL,'T8','A10','未开工',NULL,0,'2025-11-18 00:00:00',NULL,'2026-01-16 05:48:17','2026-01-21 05:53:14',175,176,177,177,179,3,5,3,4,1,0,NULL),(629,'T9 - Cube','设备号：T9，产品型号：A5200A，订单状态：未开工','completed','normal',92,NULL,'2026-01-20 10:39:56',NULL,NULL,NULL,NULL,NULL,NULL,NULL,1,1,1,1,1,'debugging','2026-01-16 17:54:09','2026-01-16 17:54:34','2026-01-19 15:58:22','2026-01-19 18:14:43','2026-01-19 18:14:52','2026-01-19 15:51:28',NULL,NULL,'2026-01-19 09:57:38',NULL,NULL,'2026-01-19 18:14:36',NULL,NULL,'2026-01-20 10:39:46',NULL,NULL,'2026-01-20 10:39:56',NULL,NULL,'T9','A5200A','未开工',NULL,0,'2025-11-18 00:00:00',NULL,'2026-01-16 05:48:17','2026-01-21 05:53:14',170,171,172,173,174,4,0,4,4,3,0,NULL),(630,'T10 - Cube','设备号：T10，产品型号：VC5100DP，订单状态：未开工','completed','normal',92,NULL,'2026-01-20 13:25:13',NULL,NULL,NULL,NULL,NULL,NULL,NULL,1,1,1,1,1,'debugging','2026-01-19 15:03:49','2026-01-19 16:53:23','2026-01-20 10:31:09','2026-01-20 10:31:18','2026-01-20 10:31:42','2026-01-19 15:55:47',NULL,NULL,'2026-01-20 10:00:57',NULL,NULL,'2026-01-20 13:24:41',NULL,NULL,'2026-01-20 13:25:00',NULL,NULL,'2026-01-20 13:25:13',NULL,NULL,'T10','VC5100DP','未开工',NULL,0,'2025-11-07 00:00:00',NULL,'2026-01-16 05:48:17','2026-01-21 05:53:14',175,176,177,178,179,4,6,5,1,2,0,NULL),(636,'T11 - Cube','设备号：T11，产品型号：Cube，订单状态：未开工','pending','normal',92,NULL,NULL,NULL,NULL,11.00,5.00,13.80,13.40,7.00,1,1,1,0,0,'pre_assembly','2026-01-23 15:48:23','2026-01-23 16:13:26','2026-01-20 10:30:09',NULL,NULL,'2026-01-23 15:48:25',NULL,NULL,'2026-01-23 16:13:30',NULL,NULL,'2026-01-22 13:30:09',NULL,NULL,NULL,NULL,NULL,NULL,NULL,NULL,'T11','Cube','未开工',NULL,0,'2025-11-20 00:00:00',NULL,'2026-01-21 06:20:37','2026-01-26 09:03:55',170,171,177,NULL,NULL,9,4,6,NULL,NULL,0,NULL),(637,'T12 - Cube','设备号：T12，产品型号：Cube，订单状态：未开工','pending','normal',1,NULL,NULL,NULL,NULL,NULL,NULL,NULL,NULL,NULL,1,1,0,0,0,'pre_assembly','2026-01-23 15:46:53','2026-01-23 16:13:30',NULL,NULL,NULL,'2026-01-23 15:48:23',NULL,NULL,'2026-01-23 16:13:33',NULL,NULL,NULL,NULL,NULL,NULL,NULL,NULL,NULL,NULL,NULL,'T12','Cube','未开工',NULL,0,'2025-11-20 00:00:00',NULL,'2026-01-22 01:45:30','2026-01-23 08:19:25',170,171,205,NULL,NULL,8,5,0,NULL,NULL,0,NULL),(644,'T13 - Cube','设备号：T13，产品型号：Cube，订单状态：未开工','completed','normal',1,NULL,'2026-01-26 16:44:52',NULL,NULL,NULL,NULL,NULL,NULL,NULL,1,1,1,1,1,'pre_assembly','2026-01-22 17:36:08','2026-01-23 09:19:40','2026-01-22 17:56:06','2026-01-22 17:56:12','2026-01-23 09:19:00','2026-01-22 17:36:13',NULL,NULL,'2026-01-26 16:44:11',NULL,NULL,'2026-01-26 16:44:52',NULL,NULL,'2026-01-23 09:17:36',NULL,NULL,'2026-01-23 09:19:04',NULL,NULL,'T13','Cube','未开工',NULL,0,'2025-11-20 00:00:00',NULL,'2026-01-22 02:09:03','2026-01-26 08:44:52',170,173,172,173,170,5,1,5,5,0,1,NULL),(645,'T14 - Cube','设备号：T14，产品型号：Cube，订单状态：未开工','pending','normal',1,NULL,NULL,NULL,NULL,11.00,5.00,13.80,13.40,7.00,1,0,1,0,0,'electrical','2026-01-23 11:10:21',NULL,'2026-01-26 16:44:52',NULL,NULL,'2026-01-23 15:42:11',NULL,NULL,NULL,NULL,NULL,'2026-01-26 16:45:03',NULL,NULL,NULL,NULL,NULL,NULL,NULL,NULL,'T14','Cube','未开工',NULL,0,'2025-11-20 00:00:00',NULL,'2026-01-22 02:09:03','2026-01-26 09:24:56',170,171,172,NULL,NULL,6,7,6,NULL,NULL,0,NULL),(646,'T15 - Cube','设备号：T15，产品型号：Cube，订单状态：未开工','pending','normal',1,NULL,NULL,NULL,NULL,11.00,5.00,13.80,13.40,7.00,1,1,0,0,0,'pre_assembly','2026-01-23 15:46:48','2026-01-23 16:13:33','2026-01-23 16:19:41',NULL,NULL,'2026-01-23 15:46:53',NULL,NULL,'2026-01-23 16:13:37',NULL,NULL,NULL,NULL,NULL,NULL,NULL,NULL,NULL,NULL,NULL,'T15','Cube','未开工',NULL,0,'2025-11-20 00:00:00',NULL,'2026-01-23 06:24:59','2026-01-23 08:19:41',170,171,177,NULL,NULL,7,6,6,NULL,NULL,0,NULL),(647,'M1R170461 - Cube+','设备号：M1R170461，产品型号：Cube+，订单状态：取消订单','pending','normal',89,NULL,NULL,NULL,NULL,11.00,4.50,13.80,14.80,7.00,0,0,0,0,0,'machining',NULL,NULL,NULL,NULL,NULL,NULL,NULL,NULL,NULL,NULL,NULL,NULL,NULL,NULL,NULL,NULL,NULL,NULL,NULL,NULL,'M1R170461','Cube+','取消订单',NULL,0,'2024-05-13 00:00:00','2024-05-20 00:00:00','2026-02-06 01:16:26','2026-02-27 07:04:07',NULL,NULL,NULL,NULL,NULL,NULL,NULL,NULL,NULL,NULL,0,NULL),(648,'M1R330869 - A5100CP','设备号：M1R330869，产品型号：A5100CP，订单状态：取消订单','pending','normal',89,NULL,NULL,NULL,NULL,NULL,NULL,NULL,NULL,NULL,0,0,0,0,0,'machining',NULL,NULL,NULL,NULL,NULL,NULL,NULL,NULL,NULL,NULL,NULL,NULL,NULL,NULL,NULL,NULL,NULL,NULL,NULL,NULL,'M1R330869','A5100CP','取消订单',NULL,0,'2024-09-05 00:00:00','2024-09-18 00:00:00','2026-02-06 01:16:26','2026-02-06 01:16:26',NULL,NULL,NULL,NULL,NULL,NULL,NULL,NULL,NULL,NULL,0,NULL),(649,'M1S200868 - Cube-D','设备号：M1S200868，产品型号：Cube-D，订单状态：取消订单','pending','normal',89,NULL,NULL,NULL,NULL,12.70,5.50,15.00,15.50,7.00,0,0,0,0,0,'machining',NULL,NULL,NULL,NULL,NULL,NULL,NULL,NULL,NULL,NULL,NULL,NULL,NULL,NULL,NULL,NULL,NULL,NULL,NULL,NULL,'M1S200868','Cube-D','取消订单',NULL,0,'2025-06-07 00:00:00','2025-06-20 00:00:00','2026-02-06 01:16:26','2026-02-06 01:16:26',NULL,NULL,NULL,NULL,NULL,NULL,NULL,NULL,NULL,NULL,0,NULL),(650,'M2S210871 - Icon-D','设备号：M2S210871，产品型号：Icon-D，订单状态：取消订单','pending','normal',89,NULL,NULL,NULL,NULL,11.80,5.50,11.50,15.00,5.50,0,0,0,0,0,'machining',NULL,NULL,NULL,NULL,NULL,NULL,NULL,NULL,NULL,NULL,NULL,NULL,NULL,NULL,NULL,NULL,NULL,NULL,NULL,NULL,'M2S210871','Icon-D','取消订单',NULL,0,'2025-06-09 00:00:00','2025-06-20 00:00:00','2026-02-06 01:16:26','2026-02-06 01:16:26',NULL,NULL,NULL,NULL,NULL,NULL,NULL,NULL,NULL,NULL,0,NULL),(651,'M1S371871 - Cube-D+','设备号：M1S371871，产品型号：Cube-D+，订单状态：取消订单','pending','normal',89,NULL,NULL,NULL,NULL,13.00,5.50,15.50,16.90,7.00,0,0,0,0,0,'machining',NULL,NULL,NULL,NULL,NULL,NULL,NULL,NULL,NULL,NULL,NULL,NULL,NULL,NULL,NULL,NULL,NULL,NULL,NULL,NULL,'M1S371871','Cube-D+','取消订单',NULL,0,'2025-09-19 00:00:00','2025-09-29 00:00:00','2026-02-06 01:16:26','2026-02-06 01:16:26',NULL,NULL,NULL,NULL,NULL,NULL,NULL,NULL,NULL,NULL,0,NULL),(652,'M1S371872 - Cube-D+','设备号：M1S371872，产品型号：Cube-D+，订单状态：取消订单','pending','normal',89,NULL,NULL,NULL,NULL,13.00,5.50,15.50,16.90,7.00,0,0,0,0,0,'machining',NULL,NULL,NULL,NULL,NULL,NULL,NULL,NULL,NULL,NULL,NULL,NULL,NULL,NULL,NULL,NULL,NULL,NULL,NULL,NULL,'M1S371872','Cube-D+','取消订单',NULL,0,'2025-09-19 00:00:00','2025-09-29 00:00:00','2026-02-06 01:16:26','2026-02-06 01:16:26',NULL,NULL,NULL,NULL,NULL,NULL,NULL,NULL,NULL,NULL,0,NULL),(653,'M1S371873 - Cube-D+','设备号：M1S371873，产品型号：Cube-D+，订单状态：取消订单','pending','normal',89,NULL,NULL,NULL,NULL,13.00,5.50,15.50,16.90,7.00,0,0,0,0,0,'machining',NULL,NULL,NULL,NULL,NULL,NULL,NULL,NULL,NULL,NULL,NULL,NULL,NULL,NULL,NULL,NULL,NULL,NULL,NULL,NULL,'M1S371873','Cube-D+','取消订单',NULL,0,'2025-09-19 00:00:00','2025-09-29 00:00:00','2026-02-06 01:16:26','2026-02-06 01:16:26',NULL,NULL,NULL,NULL,NULL,NULL,NULL,NULL,NULL,NULL,0,NULL),(654,'M2S371877 - Icon-D+','设备号：M2S371877，产品型号：Icon-D+，订单状态：取消订单','pending','normal',89,NULL,NULL,NULL,NULL,11.80,5.50,11.50,13.00,5.50,0,0,0,0,0,'machining',NULL,NULL,NULL,NULL,NULL,NULL,NULL,NULL,NULL,NULL,NULL,NULL,NULL,NULL,NULL,NULL,NULL,NULL,NULL,NULL,'M2S371877','Icon-D+','取消订单',NULL,0,'2025-09-20 00:00:00','2025-09-30 00:00:00','2026-02-06 01:16:26','2026-02-06 01:16:26',NULL,NULL,NULL,NULL,NULL,NULL,NULL,NULL,NULL,NULL,0,NULL),(655,'M2S371878 - Icon-D+','设备号：M2S371878，产品型号：Icon-D+，订单状态：取消订单','pending','normal',89,NULL,NULL,NULL,NULL,11.80,5.50,11.50,13.00,5.50,0,0,0,0,0,'machining',NULL,NULL,NULL,NULL,NULL,NULL,NULL,NULL,NULL,NULL,NULL,NULL,NULL,NULL,NULL,NULL,NULL,NULL,NULL,NULL,'M2S371878','Icon-D+','取消订单',NULL,0,'2025-09-20 00:00:00','2025-09-30 00:00:00','2026-02-06 01:16:26','2026-02-06 01:16:26',NULL,NULL,NULL,NULL,NULL,NULL,NULL,NULL,NULL,NULL,0,NULL),(656,'M1S371870 - Cube-D+','设备号：M1S371870，产品型号：Cube-D+，订单状态：取消订单','pending','normal',89,NULL,NULL,NULL,NULL,13.00,5.50,15.50,16.90,7.00,0,0,0,0,0,'machining',NULL,NULL,NULL,NULL,NULL,NULL,NULL,NULL,NULL,NULL,NULL,NULL,NULL,NULL,NULL,NULL,NULL,NULL,NULL,NULL,'M1S371870','Cube-D+','取消订单',NULL,0,'2025-09-19 00:00:00','2025-09-29 00:00:00','2026-02-06 01:16:26','2026-02-06 01:16:26',NULL,NULL,NULL,NULL,NULL,NULL,NULL,NULL,NULL,NULL,0,NULL),(657,'M1S341744 - V5300CP','设备号：M1S341744，产品型号：V5300CP，订单状态：取消订单','pending','normal',89,NULL,NULL,NULL,NULL,NULL,NULL,NULL,NULL,NULL,0,0,0,0,0,'machining',NULL,NULL,NULL,NULL,NULL,NULL,NULL,NULL,NULL,NULL,NULL,NULL,NULL,NULL,NULL,NULL,NULL,NULL,NULL,NULL,'M1S341744','V5300CP','取消订单',NULL,0,'2025-08-20 00:00:00','2025-08-29 00:00:00','2026-02-06 01:16:26','2026-02-06 01:16:26',NULL,NULL,NULL,NULL,NULL,NULL,NULL,NULL,NULL,NULL,0,NULL),(658,'M1S341745 - V5300CP','设备号：M1S341745，产品型号：V5300CP，订单状态：取消订单','pending','normal',89,NULL,NULL,NULL,NULL,NULL,NULL,NULL,NULL,NULL,0,0,0,0,0,'machining',NULL,NULL,NULL,NULL,NULL,NULL,NULL,NULL,NULL,NULL,NULL,NULL,NULL,NULL,NULL,NULL,NULL,NULL,NULL,NULL,'M1S341745','V5300CP','取消订单',NULL,0,'2025-08-21 00:00:00','2025-08-25 00:00:00','2026-02-06 01:16:26','2026-02-06 01:16:26',NULL,NULL,NULL,NULL,NULL,NULL,NULL,NULL,NULL,NULL,0,NULL),(659,'M1S341746 - V5300CP','设备号：M1S341746，产品型号：V5300CP，订单状态：取消订单','pending','normal',89,NULL,NULL,NULL,NULL,NULL,NULL,NULL,NULL,NULL,0,0,0,0,0,'machining',NULL,NULL,NULL,NULL,NULL,NULL,NULL,NULL,NULL,NULL,NULL,NULL,NULL,NULL,NULL,NULL,NULL,NULL,NULL,NULL,'M1S341746','V5300CP','取消订单',NULL,0,'2025-08-21 00:00:00','2025-08-29 00:00:00','2026-02-06 01:16:26','2026-02-06 01:16:26',NULL,NULL,NULL,NULL,NULL,NULL,NULL,NULL,NULL,NULL,0,NULL),(660,'M2S251428 - Icon-D【通用平台】','设备号：M2S251428，产品型号：Icon-D【通用平台】，订单状态：在生产','pending','urgent',89,NULL,NULL,NULL,NULL,NULL,NULL,NULL,NULL,NULL,0,0,0,0,0,'machining',NULL,NULL,NULL,NULL,NULL,NULL,NULL,NULL,NULL,NULL,NULL,NULL,NULL,NULL,NULL,NULL,NULL,NULL,NULL,NULL,'M2S251428','Icon-D【通用平台】','在生产',NULL,0,'2025-07-30 00:00:00','2025-08-09 00:00:00','2026-02-06 01:16:26','2026-02-06 05:48:25',184,NULL,NULL,NULL,NULL,1,NULL,NULL,NULL,NULL,0,NULL),(661,'M2S251430 - Icon-D【通用平台】','设备号：M2S251430，产品型号：Icon-D【通用平台】，订单状态：在生产','pending','urgent',89,NULL,NULL,NULL,NULL,NULL,NULL,NULL,NULL,NULL,0,0,0,0,0,'machining',NULL,NULL,NULL,NULL,NULL,NULL,NULL,NULL,NULL,NULL,NULL,NULL,NULL,NULL,NULL,NULL,NULL,NULL,NULL,NULL,'M2S251430','Icon-D【通用平台】','在生产',NULL,0,'2025-07-31 00:00:00','2025-08-11 00:00:00','2026-02-06 01:16:26','2026-02-06 05:48:33',184,NULL,NULL,NULL,NULL,2,NULL,NULL,NULL,NULL,0,NULL),(662,'M1S251425 - Cube【通用平台】','设备号：M1S251425，产品型号：Cube【通用平台】，订单状态：在生产','pending','urgent',89,NULL,NULL,NULL,NULL,NULL,NULL,NULL,NULL,NULL,0,0,0,0,0,'electrical',NULL,'2026-02-09 17:39:18',NULL,NULL,NULL,NULL,NULL,NULL,NULL,NULL,NULL,NULL,NULL,NULL,NULL,NULL,NULL,NULL,NULL,NULL,'M1S251425','Cube【通用平台】','在生产',NULL,0,'2025-08-19 00:00:00','2025-08-29 00:00:00','2026-02-06 01:16:26','2026-02-10 02:22:41',NULL,176,NULL,NULL,NULL,NULL,1,NULL,NULL,NULL,0,NULL),(663,'M2S251429 - Icon-D【通用平台】','设备号：M2S251429，产品型号：Icon-D【通用平台】，订单状态：在生产','pending','urgent',89,NULL,NULL,NULL,NULL,NULL,NULL,NULL,NULL,NULL,0,0,0,0,0,'electrical',NULL,'2026-02-09 17:39:24',NULL,NULL,NULL,NULL,NULL,NULL,NULL,'2026-02-10 10:22:41',NULL,NULL,NULL,NULL,NULL,NULL,NULL,NULL,NULL,NULL,'M2S251429','Icon-D【通用平台】','在生产',NULL,0,'2025-08-21 00:00:00','2025-09-02 00:00:00','2026-02-06 01:16:26','2026-02-10 02:22:41',NULL,176,NULL,NULL,NULL,NULL,0,NULL,NULL,NULL,0,NULL),(664,'M2S361820 - Icon-D','设备号：M2S361820，产品型号：Icon-D，订单状态：在生产','pending','urgent',89,NULL,NULL,NULL,NULL,11.80,5.50,11.50,15.00,5.50,0,0,0,0,0,'electrical',NULL,NULL,NULL,NULL,NULL,NULL,NULL,NULL,NULL,NULL,NULL,NULL,NULL,NULL,NULL,NULL,NULL,NULL,NULL,NULL,'M2S361820','Icon-D','在生产',NULL,0,'2025-09-10 00:00:00','2025-09-22 00:00:00','2026-02-06 01:16:26','2026-02-09 09:40:15',NULL,176,NULL,NULL,NULL,NULL,2,NULL,NULL,NULL,0,NULL),(665,'M1S361858 - V5300DP','设备号：M1S361858，产品型号：V5300DP，订单状态：在生产','pending','urgent',89,NULL,NULL,NULL,NULL,11.80,5.00,9.50,11.60,3.50,0,0,0,0,0,'machining',NULL,NULL,NULL,NULL,NULL,NULL,NULL,NULL,NULL,NULL,NULL,NULL,NULL,NULL,NULL,NULL,NULL,NULL,NULL,NULL,'M1S361858','V5300DP','在生产',NULL,0,'2025-09-25 00:00:00','2025-10-14 00:00:00','2026-02-06 01:16:26','2026-02-06 01:16:26',NULL,NULL,NULL,NULL,NULL,NULL,NULL,NULL,NULL,NULL,0,NULL),(666,'M2S361818 - Icon-D','设备号：M2S361818，产品型号：Icon-D，订单状态：在生产','pending','urgent',89,NULL,NULL,NULL,NULL,11.80,5.50,11.50,15.00,5.50,0,0,0,0,0,'machining','2026-02-26 18:04:15',NULL,NULL,NULL,NULL,NULL,NULL,NULL,NULL,NULL,NULL,NULL,NULL,NULL,NULL,NULL,NULL,NULL,NULL,NULL,'M2S361818','Icon-D','在生产',NULL,0,'2025-09-25 00:00:00','2025-10-14 00:00:00','2026-02-06 01:16:26','2026-02-26 10:04:15',181,NULL,NULL,NULL,NULL,3,NULL,NULL,NULL,NULL,0,NULL),(667,'M2S361819 - Icon-D','设备号：M2S361819，产品型号：Icon-D，订单状态：在生产','pending','urgent',89,NULL,NULL,NULL,NULL,11.80,5.50,11.50,15.00,5.50,0,0,0,0,0,'machining',NULL,NULL,NULL,NULL,NULL,NULL,NULL,NULL,NULL,NULL,NULL,NULL,NULL,NULL,NULL,NULL,NULL,NULL,NULL,NULL,'M2S361819','Icon-D','在生产',NULL,0,'2025-09-26 00:00:00','2025-10-15 00:00:00','2026-02-06 01:16:26','2026-02-26 10:04:01',181,NULL,NULL,NULL,NULL,4,NULL,NULL,NULL,NULL,0,NULL),(668,'M2S381901 - Icon','设备号：M2S381901，产品型号：Icon，订单状态：在生产','pending','urgent',89,NULL,NULL,NULL,NULL,9.30,5.00,9.00,12.90,5.50,0,0,0,0,0,'machining','2026-02-26 16:38:14',NULL,NULL,NULL,NULL,NULL,'2026-02-26 16:39:38',NULL,NULL,NULL,NULL,NULL,NULL,NULL,NULL,NULL,NULL,NULL,NULL,NULL,'M2S381901','Icon','在生产',NULL,0,'2025-09-26 00:00:00','2025-10-25 00:00:00','2026-02-06 01:16:26','2026-02-26 08:39:38',185,NULL,NULL,NULL,NULL,0,NULL,NULL,NULL,NULL,0,NULL),(669,'M1S381911 - Cube','设备号：M1S381911，产品型号：Cube，订单状态：在生产','pending','urgent',89,NULL,NULL,NULL,NULL,11.00,5.00,13.80,13.40,7.00,0,0,0,0,0,'machining',NULL,NULL,NULL,NULL,NULL,NULL,NULL,NULL,NULL,NULL,NULL,NULL,NULL,NULL,NULL,NULL,NULL,NULL,NULL,NULL,'M1S381911','Cube','在生产',NULL,0,'2025-09-29 00:00:00','2025-10-17 00:00:00','2026-02-06 01:16:26','2026-02-26 10:04:04',181,NULL,NULL,NULL,NULL,5,NULL,NULL,NULL,NULL,0,NULL),(670,'M1S391928 - V5200B','设备号：M1S391928，产品型号：V5200B，订单状态：在生产','pending','urgent',89,NULL,NULL,NULL,NULL,NULL,NULL,NULL,NULL,NULL,0,0,0,0,0,'machining',NULL,NULL,NULL,NULL,NULL,NULL,NULL,NULL,NULL,NULL,NULL,NULL,NULL,NULL,NULL,NULL,NULL,NULL,NULL,NULL,'M1S391928','V5200B','在生产',NULL,0,'2025-09-29 00:00:00','2025-10-17 00:00:00','2026-02-06 01:16:26','2026-02-06 01:16:26',NULL,NULL,NULL,NULL,NULL,NULL,NULL,NULL,NULL,NULL,0,NULL),(671,'M1S321697 - Cube-XL','设备号：M1S321697，产品型号：Cube-XL，订单状态：在生产','pending','urgent',89,NULL,NULL,NULL,NULL,NULL,NULL,NULL,NULL,NULL,0,0,0,0,0,'machining',NULL,NULL,NULL,NULL,NULL,NULL,NULL,NULL,NULL,NULL,NULL,NULL,NULL,NULL,NULL,NULL,NULL,NULL,NULL,NULL,'M1S321697','Cube-XL','在生产',NULL,0,'2025-10-09 00:00:00','2025-10-18 00:00:00','2026-02-06 01:16:26','2026-02-06 01:16:26',NULL,NULL,NULL,NULL,NULL,NULL,NULL,NULL,NULL,NULL,1,NULL),(672,'M1S401954 - Cube','设备号：M1S401954，产品型号：Cube，订单状态：在生产','pending','urgent',89,NULL,NULL,NULL,NULL,11.00,5.00,13.80,13.40,7.00,0,0,0,0,0,'machining',NULL,NULL,NULL,NULL,NULL,NULL,NULL,NULL,NULL,NULL,NULL,NULL,NULL,NULL,NULL,NULL,NULL,NULL,NULL,NULL,'M1S401954','Cube','在生产',NULL,0,'2025-10-18 00:00:00','2025-10-28 00:00:00','2026-02-06 01:16:26','2026-02-06 01:16:26',NULL,NULL,NULL,NULL,NULL,NULL,NULL,NULL,NULL,NULL,0,NULL),(673,'M2S411988 - Icon','设备号：M2S411988，产品型号：Icon，订单状态：在生产','pending','urgent',89,NULL,NULL,NULL,NULL,9.30,5.00,9.00,12.90,5.50,0,0,0,0,0,'machining',NULL,NULL,NULL,NULL,NULL,NULL,NULL,NULL,NULL,NULL,NULL,NULL,NULL,NULL,NULL,NULL,NULL,NULL,NULL,NULL,'M2S411988','Icon','在生产',NULL,0,'2025-10-18 00:00:00','2025-10-28 00:00:00','2026-02-06 01:16:26','2026-02-06 01:16:26',NULL,NULL,NULL,NULL,NULL,NULL,NULL,NULL,NULL,NULL,0,NULL),(674,'M2S411989 - Icon','设备号：M2S411989，产品型号：Icon，订单状态：在生产','pending','urgent',89,NULL,NULL,NULL,NULL,9.30,5.00,9.00,12.90,5.50,0,0,0,0,0,'machining',NULL,NULL,NULL,NULL,NULL,NULL,NULL,NULL,NULL,NULL,NULL,NULL,NULL,NULL,NULL,NULL,NULL,NULL,NULL,NULL,'M2S411989','Icon','在生产',NULL,0,'2025-10-18 00:00:00','2025-10-28 00:00:00','2026-02-06 01:16:26','2026-02-06 01:16:26',NULL,NULL,NULL,NULL,NULL,NULL,NULL,NULL,NULL,NULL,0,NULL),(675,'M1S401944 - V5300BP','设备号：M1S401944，产品型号：V5300BP，订单状态：未开工','pending','urgent',89,NULL,NULL,NULL,NULL,10.80,5.00,9.50,11.60,3.50,0,0,0,0,0,'machining',NULL,NULL,NULL,NULL,NULL,NULL,NULL,NULL,NULL,NULL,NULL,NULL,NULL,NULL,NULL,NULL,NULL,NULL,NULL,NULL,'M1S401944','V5300BP','未开工',NULL,0,'2025-10-20 00:00:00','2025-10-29 00:00:00','2026-02-06 01:16:26','2026-02-06 01:16:26',NULL,NULL,NULL,NULL,NULL,NULL,NULL,NULL,NULL,NULL,0,NULL),(676,'M1S391923 - V5300DP','设备号：M1S391923，产品型号：V5300DP，订单状态：未开工','pending','urgent',89,NULL,NULL,NULL,NULL,11.80,5.00,9.50,11.60,3.50,0,0,0,0,0,'machining',NULL,NULL,NULL,NULL,NULL,NULL,NULL,NULL,NULL,NULL,NULL,NULL,NULL,NULL,NULL,NULL,NULL,NULL,NULL,NULL,'M1S391923','V5300DP','未开工',NULL,0,'2025-10-22 00:00:00','2025-10-31 00:00:00','2026-02-06 01:16:26','2026-02-06 01:16:26',NULL,NULL,NULL,NULL,NULL,NULL,NULL,NULL,NULL,NULL,0,NULL),(677,'M1S351803 - A1000D','设备号：M1S351803，产品型号：A1000D，订单状态：未开工','pending','urgent',89,NULL,NULL,NULL,NULL,11.80,5.00,10.50,11.60,3.20,0,0,0,0,0,'machining',NULL,NULL,NULL,NULL,NULL,NULL,NULL,NULL,NULL,NULL,NULL,NULL,NULL,NULL,NULL,NULL,NULL,NULL,NULL,NULL,'M1S351803','A1000D','未开工',NULL,0,'2025-10-21 00:00:00','2025-10-30 00:00:00','2026-02-06 01:16:26','2026-02-06 01:16:26',NULL,NULL,NULL,NULL,NULL,NULL,NULL,NULL,NULL,NULL,0,NULL),(678,'M1S391932 - A1000','设备号：M1S391932，产品型号：A1000，订单状态：未开工','pending','urgent',89,NULL,NULL,NULL,NULL,9.30,4.50,6.50,10.10,3.00,0,0,0,0,0,'machining',NULL,NULL,NULL,NULL,NULL,NULL,NULL,NULL,NULL,NULL,NULL,NULL,NULL,NULL,NULL,NULL,NULL,NULL,NULL,NULL,'M1S391932','A1000','未开工',NULL,0,'2025-10-25 00:00:00','2025-11-04 00:00:00','2026-02-06 01:16:26','2026-02-06 01:16:26',NULL,NULL,NULL,NULL,NULL,NULL,NULL,NULL,NULL,NULL,0,NULL),(679,'M1S391931 - A1000','设备号：M1S391931，产品型号：A1000，订单状态：未开工','pending','urgent',89,NULL,NULL,NULL,NULL,9.30,4.50,6.50,10.10,3.00,0,0,0,0,0,'machining',NULL,NULL,NULL,NULL,NULL,NULL,NULL,NULL,NULL,NULL,NULL,NULL,NULL,NULL,NULL,NULL,NULL,NULL,NULL,NULL,'M1S391931','A1000','未开工',NULL,0,'2025-10-25 00:00:00','2025-11-04 00:00:00','2026-02-06 01:16:26','2026-02-06 01:16:26',NULL,NULL,NULL,NULL,NULL,NULL,NULL,NULL,NULL,NULL,0,NULL),(680,'M1S422011 - Cube','设备号：M1S422011，产品型号：Cube，订单状态：未开工','pending','urgent',89,NULL,NULL,NULL,NULL,11.00,5.00,13.80,13.40,7.00,0,0,0,0,0,'machining',NULL,NULL,NULL,NULL,NULL,NULL,NULL,NULL,NULL,NULL,NULL,NULL,NULL,NULL,NULL,NULL,NULL,NULL,NULL,NULL,'M1S422011','Cube','未开工',NULL,0,'2025-10-22 00:00:00','2025-10-31 00:00:00','2026-02-06 01:16:26','2026-02-06 01:16:26',NULL,NULL,NULL,NULL,NULL,NULL,NULL,NULL,NULL,NULL,0,NULL),(681,'M2S411991 - Icon','设备号：M2S411991，产品型号：Icon，订单状态：未开工','pending','urgent',89,NULL,NULL,NULL,NULL,9.30,5.00,9.00,12.90,5.50,0,0,0,0,0,'machining',NULL,NULL,NULL,NULL,NULL,NULL,NULL,NULL,NULL,NULL,NULL,NULL,NULL,NULL,NULL,NULL,NULL,NULL,NULL,NULL,'M2S411991','Icon','未开工',NULL,0,'2025-10-22 00:00:00','2025-10-31 00:00:00','2026-02-06 01:16:26','2026-02-06 01:16:26',NULL,NULL,NULL,NULL,NULL,NULL,NULL,NULL,NULL,NULL,0,NULL),(682,'M1S411972 - A1000','设备号：M1S411972，产品型号：A1000，订单状态：未开工','pending','urgent',89,NULL,NULL,NULL,NULL,9.30,4.50,6.50,10.10,3.00,0,0,0,0,0,'machining',NULL,NULL,NULL,NULL,NULL,NULL,NULL,NULL,NULL,NULL,NULL,NULL,NULL,NULL,NULL,NULL,NULL,NULL,NULL,NULL,'M1S411972','A1000','未开工',NULL,0,'2025-10-24 00:00:00','2025-11-01 00:00:00','2026-02-06 01:16:26','2026-02-06 01:16:26',NULL,NULL,NULL,NULL,NULL,NULL,NULL,NULL,NULL,NULL,0,NULL),(683,'M2S411990 - Icon','设备号：M2S411990，产品型号：Icon，订单状态：未开工','pending','urgent',89,NULL,NULL,NULL,NULL,9.30,5.00,9.00,12.90,5.50,0,0,0,0,0,'machining',NULL,NULL,NULL,NULL,NULL,NULL,NULL,NULL,NULL,NULL,NULL,NULL,NULL,NULL,NULL,NULL,NULL,NULL,NULL,NULL,'M2S411990','Icon','未开工',NULL,0,'2025-10-24 00:00:00','2025-11-03 00:00:00','2026-02-06 01:16:26','2026-02-06 01:16:26',NULL,NULL,NULL,NULL,NULL,NULL,NULL,NULL,NULL,NULL,0,NULL),(684,'M1S411973 - Cube','设备号：M1S411973，产品型号：Cube，订单状态：未开工','pending','urgent',89,NULL,NULL,NULL,NULL,11.00,5.00,13.80,13.40,7.00,0,0,0,0,0,'machining',NULL,NULL,NULL,NULL,NULL,NULL,NULL,NULL,NULL,NULL,NULL,NULL,NULL,NULL,NULL,NULL,NULL,NULL,NULL,NULL,'M1S411973','Cube','未开工',NULL,0,'2025-10-24 00:00:00','2025-11-03 00:00:00','2026-02-06 01:16:26','2026-02-06 01:16:26',NULL,NULL,NULL,NULL,NULL,NULL,NULL,NULL,NULL,NULL,0,NULL),(685,'M1S411974 - Cube','设备号：M1S411974，产品型号：Cube，订单状态：未开工','pending','urgent',89,NULL,NULL,NULL,NULL,11.00,5.00,13.80,13.40,7.00,0,0,0,0,0,'machining',NULL,NULL,NULL,NULL,NULL,NULL,NULL,NULL,NULL,NULL,NULL,NULL,NULL,NULL,NULL,NULL,NULL,NULL,NULL,NULL,'M1S411974','Cube','未开工',NULL,0,'2025-10-24 00:00:00','2025-11-03 00:00:00','2026-02-06 01:16:26','2026-02-06 01:16:26',NULL,NULL,NULL,NULL,NULL,NULL,NULL,NULL,NULL,NULL,0,NULL),(686,'M2S422012 - Icon','设备号：M2S422012，产品型号：Icon，订单状态：未开工','pending','urgent',89,NULL,NULL,NULL,NULL,9.30,5.00,9.00,12.90,5.50,0,0,0,0,0,'machining',NULL,NULL,NULL,NULL,NULL,NULL,NULL,NULL,NULL,NULL,NULL,NULL,NULL,NULL,NULL,NULL,NULL,NULL,NULL,NULL,'M2S422012','Icon','未开工',NULL,0,'2025-10-25 00:00:00','2025-11-04 00:00:00','2026-02-06 01:16:26','2026-02-06 01:16:26',NULL,NULL,NULL,NULL,NULL,NULL,NULL,NULL,NULL,NULL,0,NULL),(687,'M2S391926 - Icon','设备号：M2S391926，产品型号：Icon，订单状态：未开工','pending','urgent',89,NULL,NULL,NULL,NULL,9.30,5.00,9.00,12.90,5.50,0,0,0,0,0,'machining',NULL,NULL,NULL,NULL,NULL,NULL,NULL,NULL,NULL,NULL,NULL,NULL,NULL,NULL,NULL,NULL,NULL,NULL,NULL,NULL,'M2S391926','Icon','未开工',NULL,0,'2025-10-25 00:00:00','2025-11-04 00:00:00','2026-02-06 01:16:26','2026-02-06 01:16:26',NULL,NULL,NULL,NULL,NULL,NULL,NULL,NULL,NULL,NULL,0,NULL),(688,'M2S412007 - Icon','设备号：M2S412007，产品型号：Icon，订单状态：未开工','pending','urgent',89,NULL,NULL,NULL,NULL,9.30,5.00,9.00,12.90,5.50,0,0,0,0,0,'machining',NULL,NULL,NULL,NULL,NULL,NULL,NULL,NULL,NULL,NULL,NULL,NULL,NULL,NULL,NULL,NULL,NULL,NULL,NULL,NULL,'M2S412007','Icon','未开工',NULL,0,'2025-10-25 00:00:00','2025-11-04 00:00:00','2026-02-06 01:16:26','2026-02-06 01:16:26',NULL,NULL,NULL,NULL,NULL,NULL,NULL,NULL,NULL,NULL,0,NULL),(689,'M1S321704 - V5300DPXL','设备号：M1S321704，产品型号：V5300DPXL，订单状态：在生产','pending','urgent',89,NULL,NULL,NULL,NULL,NULL,NULL,NULL,NULL,NULL,1,0,0,0,0,'pre_assembly','2026-02-26 17:58:00',NULL,NULL,NULL,NULL,'2026-02-26 18:02:37',NULL,NULL,NULL,NULL,NULL,NULL,NULL,NULL,NULL,NULL,NULL,NULL,NULL,NULL,'M1S321704','V5300DPXL','在生产',NULL,0,'2025-10-09 00:00:00','2025-10-18 00:00:00','2026-02-06 01:16:26','2026-02-26 10:02:37',181,NULL,NULL,NULL,NULL,0,NULL,NULL,NULL,NULL,0,NULL),(690,'M5S291641 - VC5100DP','设备号：M5S291641，产品型号：VC5100DP，订单状态：项目滞后','pending','urgent',89,NULL,NULL,NULL,NULL,NULL,NULL,NULL,NULL,NULL,0,0,0,0,0,'machining',NULL,NULL,NULL,NULL,NULL,NULL,NULL,NULL,NULL,NULL,NULL,NULL,NULL,NULL,NULL,NULL,NULL,NULL,NULL,NULL,'M5S291641','VC5100DP','项目滞后',NULL,0,NULL,NULL,'2026-02-06 01:16:26','2026-02-06 01:16:26',NULL,NULL,NULL,NULL,NULL,NULL,NULL,NULL,NULL,NULL,1,NULL),(691,'M1R441136 - A5300BP','设备号：M1R441136，产品型号：A5300BP，订单状态：项目滞后','pending','urgent',89,NULL,NULL,NULL,NULL,NULL,NULL,NULL,NULL,NULL,0,0,0,0,0,'machining',NULL,NULL,NULL,NULL,NULL,NULL,NULL,NULL,NULL,NULL,NULL,NULL,NULL,NULL,NULL,NULL,NULL,NULL,NULL,NULL,'M1R441136','A5300BP','项目滞后',NULL,0,NULL,NULL,'2026-02-06 01:16:26','2026-02-06 01:16:26',NULL,NULL,NULL,NULL,NULL,NULL,NULL,NULL,NULL,NULL,0,NULL),(692,'M2S341747 - Icon','设备号：M2S341747，产品型号：Icon，订单状态：项目滞后','pending','urgent',89,NULL,NULL,NULL,NULL,9.30,5.00,9.00,12.90,5.50,0,0,0,0,0,'machining',NULL,NULL,NULL,NULL,NULL,NULL,NULL,NULL,NULL,NULL,NULL,NULL,NULL,NULL,NULL,NULL,NULL,NULL,NULL,NULL,'M2S341747','Icon','项目滞后',NULL,0,NULL,NULL,'2026-02-06 01:16:26','2026-02-06 01:16:26',NULL,NULL,NULL,NULL,NULL,NULL,NULL,NULL,NULL,NULL,0,NULL),(693,'M1S291639 - V320','设备号：M1S291639，产品型号：V320，订单状态：项目滞后','pending','urgent',89,NULL,NULL,NULL,NULL,NULL,NULL,NULL,NULL,NULL,0,0,0,0,0,'machining',NULL,NULL,NULL,NULL,NULL,NULL,NULL,NULL,NULL,NULL,NULL,NULL,NULL,NULL,NULL,NULL,NULL,NULL,NULL,NULL,'M1S291639','V320','项目滞后',NULL,0,NULL,NULL,'2026-02-06 01:16:26','2026-02-06 01:16:26',NULL,NULL,NULL,NULL,NULL,NULL,NULL,NULL,NULL,NULL,1,NULL),(694,'M1S291640 - V5200AXL','设备号：M1S291640，产品型号：V5200AXL，订单状态：项目滞后','pending','urgent',89,NULL,NULL,NULL,NULL,NULL,NULL,NULL,NULL,NULL,0,0,0,0,0,'machining',NULL,NULL,NULL,NULL,NULL,NULL,NULL,NULL,NULL,NULL,NULL,NULL,NULL,NULL,NULL,NULL,NULL,NULL,NULL,NULL,'M1S291640','V5200AXL','项目滞后',NULL,0,NULL,NULL,'2026-02-06 01:16:26','2026-02-06 01:16:26',NULL,NULL,NULL,NULL,NULL,NULL,NULL,NULL,NULL,NULL,1,NULL),(695,'M1S150495 - A1000D','设备号：M1S150495，产品型号：A1000D，订单状态：项目滞后','pending','urgent',89,NULL,NULL,NULL,NULL,11.80,5.00,10.50,11.60,3.20,0,0,0,0,0,'machining',NULL,NULL,NULL,NULL,NULL,NULL,NULL,NULL,NULL,NULL,NULL,NULL,NULL,NULL,NULL,NULL,NULL,NULL,NULL,NULL,'M1S150495','A1000D','项目滞后',NULL,0,NULL,NULL,'2026-02-06 01:16:26','2026-02-06 01:16:26',NULL,NULL,NULL,NULL,NULL,NULL,NULL,NULL,NULL,NULL,0,NULL),(696,'M1S150496 - A1000D','设备号：M1S150496，产品型号：A1000D，订单状态：项目滞后','pending','urgent',89,NULL,NULL,NULL,NULL,11.80,5.00,10.50,11.60,3.20,0,0,0,0,0,'machining',NULL,NULL,NULL,NULL,NULL,NULL,NULL,NULL,NULL,NULL,NULL,NULL,NULL,NULL,NULL,NULL,NULL,NULL,NULL,NULL,'M1S150496','A1000D','项目滞后',NULL,0,NULL,NULL,'2026-02-06 01:16:26','2026-02-06 01:16:26',NULL,NULL,NULL,NULL,NULL,NULL,NULL,NULL,NULL,NULL,0,NULL),(697,'M1S150497 - A1000D','设备号：M1S150497，产品型号：A1000D，订单状态：项目滞后','pending','urgent',89,NULL,NULL,NULL,NULL,11.80,5.00,10.50,11.60,3.20,0,0,0,0,0,'machining',NULL,NULL,NULL,NULL,NULL,NULL,NULL,NULL,NULL,NULL,NULL,NULL,NULL,NULL,NULL,NULL,NULL,NULL,NULL,NULL,'M1S150497','A1000D','项目滞后',NULL,0,NULL,NULL,'2026-02-06 01:16:26','2026-02-06 01:16:26',NULL,NULL,NULL,NULL,NULL,NULL,NULL,NULL,NULL,NULL,0,NULL),(698,'M1S150498 - A1000D','设备号：M1S150498，产品型号：A1000D，订单状态：项目滞后','pending','urgent',89,NULL,NULL,NULL,NULL,11.80,5.00,10.50,11.60,3.20,0,0,0,0,0,'machining',NULL,NULL,NULL,NULL,NULL,NULL,NULL,NULL,NULL,NULL,NULL,NULL,NULL,NULL,NULL,NULL,NULL,NULL,NULL,NULL,'M1S150498','A1000D','项目滞后',NULL,0,NULL,NULL,'2026-02-06 01:16:26','2026-02-06 01:16:26',NULL,NULL,NULL,NULL,NULL,NULL,NULL,NULL,NULL,NULL,0,NULL),(699,'M1S150499 - A1000D','设备号：M1S150499，产品型号：A1000D，订单状态：项目滞后','pending','urgent',89,NULL,NULL,NULL,NULL,11.80,5.00,10.50,11.60,3.20,0,0,0,0,0,'machining',NULL,NULL,NULL,NULL,NULL,NULL,NULL,NULL,NULL,NULL,NULL,NULL,NULL,NULL,NULL,NULL,NULL,NULL,NULL,NULL,'M1S150499','A1000D','项目滞后',NULL,0,NULL,NULL,'2026-02-06 01:16:26','2026-02-06 01:16:26',NULL,NULL,NULL,NULL,NULL,NULL,NULL,NULL,NULL,NULL,0,NULL),(700,'M1S381909 - Cube-D','设备号：M1S381909，产品型号：Cube-D，订单状态：未开工','pending','urgent',89,NULL,NULL,NULL,NULL,12.70,5.50,15.00,15.50,7.00,0,0,0,0,0,'machining',NULL,NULL,NULL,NULL,NULL,NULL,NULL,NULL,NULL,NULL,NULL,NULL,NULL,NULL,NULL,NULL,NULL,NULL,NULL,NULL,'M1S381909','Cube-D','未开工',NULL,0,'2025-10-22 00:00:00','2025-10-31 00:00:00','2026-02-06 01:16:26','2026-02-06 01:16:26',NULL,NULL,NULL,NULL,NULL,NULL,NULL,NULL,NULL,NULL,0,NULL),(701,'M2S391936 - Icon-D','设备号：M2S391936，产品型号：Icon-D，订单状态：未开工','pending','urgent',89,NULL,NULL,NULL,NULL,11.80,5.50,11.50,15.00,5.50,0,0,0,0,0,'machining',NULL,NULL,NULL,NULL,NULL,NULL,NULL,NULL,NULL,NULL,NULL,NULL,NULL,NULL,NULL,NULL,NULL,NULL,NULL,NULL,'M2S391936','Icon-D','未开工',NULL,0,'2025-10-25 00:00:00','2025-11-04 00:00:00','2026-02-06 01:16:26','2026-02-06 01:16:26',NULL,NULL,NULL,NULL,NULL,NULL,NULL,NULL,NULL,NULL,0,NULL),(702,'M1S401947 - Cube-D','设备号：M1S401947，产品型号：Cube-D，订单状态：未开工','pending','urgent',89,NULL,NULL,NULL,NULL,12.70,5.50,15.00,15.50,7.00,0,0,0,0,0,'machining',NULL,NULL,NULL,NULL,NULL,NULL,NULL,NULL,NULL,NULL,NULL,NULL,NULL,NULL,NULL,NULL,NULL,NULL,NULL,NULL,'M1S401947','Cube-D','未开工',NULL,0,'2025-10-22 00:00:00','2025-10-31 00:00:00','2026-02-06 01:16:26','2026-02-06 01:16:26',NULL,NULL,NULL,NULL,NULL,NULL,NULL,NULL,NULL,NULL,0,NULL),(703,'M2S311665 - Icon','设备号：M2S311665，产品型号：Icon，订单状态：未开工','pending','urgent',89,NULL,NULL,NULL,NULL,9.30,5.00,9.00,12.90,5.50,0,0,0,0,0,'machining',NULL,NULL,NULL,NULL,NULL,NULL,NULL,NULL,NULL,NULL,NULL,NULL,NULL,NULL,NULL,NULL,NULL,NULL,NULL,NULL,'M2S311665','Icon','未开工',NULL,0,'2025-11-05 00:00:00','2025-11-15 00:00:00','2026-02-06 01:16:26','2026-02-06 01:16:26',NULL,NULL,NULL,NULL,NULL,NULL,NULL,NULL,NULL,NULL,0,NULL),(704,'M1S321688 - V5300DP','设备号：M1S321688，产品型号：V5300DP，订单状态：未开工','pending','urgent',89,NULL,NULL,NULL,NULL,11.80,5.00,9.50,11.60,3.50,0,0,0,0,0,'machining',NULL,NULL,NULL,NULL,NULL,NULL,NULL,NULL,NULL,NULL,NULL,NULL,NULL,NULL,NULL,NULL,NULL,NULL,NULL,NULL,'M1S321688','V5300DP','未开工',NULL,0,'2025-12-19 00:00:00','2025-12-31 00:00:00','2026-02-06 01:16:26','2026-02-06 01:16:26',NULL,NULL,NULL,NULL,NULL,NULL,NULL,NULL,NULL,NULL,0,NULL),(705,'M1S361835 - Cube','设备号：M1S361835，产品型号：Cube，订单状态：在生产','pending','urgent',89,NULL,NULL,NULL,NULL,11.00,5.00,13.80,13.40,7.00,1,0,0,0,0,'pre_assembly','2026-02-26 18:00:07',NULL,NULL,NULL,NULL,'2026-02-26 18:03:32',NULL,NULL,NULL,NULL,NULL,NULL,NULL,NULL,NULL,NULL,NULL,NULL,NULL,NULL,'M1S361835','Cube','在生产',NULL,0,'2025-10-10 00:00:00','2025-10-20 00:00:00','2026-02-06 01:16:26','2026-02-26 10:03:32',181,NULL,NULL,NULL,NULL,2,NULL,NULL,NULL,NULL,0,NULL),(706,'M1S321698 - Cube-XL','设备号：M1S321698，产品型号：Cube-XL，订单状态：未开工','pending','urgent',89,NULL,NULL,NULL,NULL,NULL,NULL,NULL,NULL,NULL,0,0,0,0,0,'machining',NULL,NULL,NULL,NULL,NULL,NULL,NULL,NULL,NULL,NULL,NULL,NULL,NULL,NULL,NULL,NULL,NULL,NULL,NULL,NULL,'M1S321698','Cube-XL','未开工',NULL,0,'2025-10-30 00:00:00','2025-11-10 00:00:00','2026-02-06 01:16:26','2026-02-06 01:16:26',NULL,NULL,NULL,NULL,NULL,NULL,NULL,NULL,NULL,NULL,1,NULL),(707,'M1S321699 - Cube-XL','设备号：M1S321699，产品型号：Cube-XL，订单状态：未开工','pending','urgent',89,NULL,NULL,NULL,NULL,NULL,NULL,NULL,NULL,NULL,0,0,0,0,0,'machining',NULL,NULL,NULL,NULL,NULL,NULL,NULL,NULL,NULL,NULL,NULL,NULL,NULL,NULL,NULL,NULL,NULL,NULL,NULL,NULL,'M1S321699','Cube-XL','未开工',NULL,0,'2025-10-30 00:00:00','2025-11-10 00:00:00','2026-02-06 01:16:26','2026-02-06 01:16:26',NULL,NULL,NULL,NULL,NULL,NULL,NULL,NULL,NULL,NULL,1,NULL),(708,'M1S361836 - Cube','设备号：M1S361836，产品型号：Cube，订单状态：在生产','pending','urgent',89,NULL,NULL,NULL,NULL,11.00,5.00,13.80,13.40,7.00,0,0,0,0,0,'machining',NULL,NULL,NULL,NULL,NULL,NULL,NULL,NULL,NULL,NULL,NULL,NULL,NULL,NULL,NULL,NULL,NULL,NULL,NULL,NULL,'M1S361836','Cube','在生产',NULL,0,'2025-10-10 00:00:00','2025-10-20 00:00:00','2026-02-06 01:16:26','2026-02-06 01:16:26',NULL,NULL,NULL,NULL,NULL,NULL,NULL,NULL,NULL,NULL,0,NULL),(709,'M1S321706 - V5300DPXL','设备号：M1S321706，产品型号：V5300DPXL，订单状态：未开工','pending','urgent',89,NULL,NULL,NULL,NULL,NULL,NULL,NULL,NULL,NULL,0,0,0,0,0,'machining',NULL,NULL,NULL,NULL,NULL,NULL,NULL,NULL,NULL,NULL,NULL,NULL,NULL,NULL,NULL,NULL,NULL,NULL,NULL,NULL,'M1S321706','V5300DPXL','未开工',NULL,0,'2025-10-30 00:00:00','2025-11-10 00:00:00','2026-02-06 01:16:26','2026-02-06 01:16:26',NULL,NULL,NULL,NULL,NULL,NULL,NULL,NULL,NULL,NULL,0,NULL),(710,'M1S321707 - V5300DPXL','设备号：M1S321707，产品型号：V5300DPXL，订单状态：未开工','pending','urgent',89,NULL,NULL,NULL,NULL,NULL,NULL,NULL,NULL,NULL,0,0,0,0,0,'machining',NULL,NULL,NULL,NULL,NULL,NULL,NULL,NULL,NULL,NULL,NULL,NULL,NULL,NULL,NULL,NULL,NULL,NULL,NULL,NULL,'M1S321707','V5300DPXL','未开工',NULL,0,'2025-10-30 00:00:00','2025-11-10 00:00:00','2026-02-06 01:16:26','2026-02-06 01:16:26',NULL,NULL,NULL,NULL,NULL,NULL,NULL,NULL,NULL,NULL,0,NULL),(711,'M1S361966 - VS7300BPXL','设备号：M1S361966，产品型号：VS7300BPXL，订单状态：未开工','pending','urgent',89,NULL,NULL,NULL,NULL,NULL,NULL,NULL,NULL,NULL,0,0,0,0,0,'machining',NULL,NULL,NULL,NULL,NULL,NULL,NULL,NULL,NULL,NULL,NULL,NULL,NULL,NULL,NULL,NULL,NULL,NULL,NULL,NULL,'M1S361966','VS7300BPXL','未开工',NULL,0,'2025-10-27 00:00:00','2025-11-11 00:00:00','2026-02-06 01:16:26','2026-02-06 01:16:26',NULL,NULL,NULL,NULL,NULL,NULL,NULL,NULL,NULL,NULL,1,NULL),(712,'M1S361837 - Cube','设备号：M1S361837，产品型号：Cube，订单状态：在生产','pending','urgent',89,NULL,NULL,NULL,NULL,11.00,5.00,13.80,13.40,7.00,0,0,0,0,0,'machining',NULL,NULL,NULL,NULL,NULL,NULL,NULL,NULL,NULL,NULL,NULL,NULL,NULL,NULL,NULL,NULL,NULL,NULL,NULL,NULL,'M1S361837','Cube','在生产',NULL,0,'2025-10-10 00:00:00','2025-10-20 00:00:00','2026-02-06 01:16:26','2026-02-06 01:16:26',NULL,NULL,NULL,NULL,NULL,NULL,NULL,NULL,NULL,NULL,0,NULL),(713,'M1S361838 - Cube','设备号：M1S361838，产品型号：Cube，订单状态：在生产','pending','urgent',89,NULL,NULL,NULL,NULL,11.00,5.00,13.80,13.40,7.00,0,0,0,0,0,'machining','2026-02-26 16:38:35',NULL,NULL,NULL,NULL,NULL,NULL,NULL,NULL,NULL,NULL,NULL,NULL,NULL,NULL,NULL,NULL,NULL,NULL,NULL,'M1S361838','Cube','在生产',NULL,0,'2025-10-10 00:00:00','2025-10-20 00:00:00','2026-02-06 01:16:26','2026-02-26 08:39:38',185,NULL,NULL,NULL,NULL,1,NULL,NULL,NULL,NULL,0,NULL),(714,'M1S381912 - Cube','设备号：M1S381912，产品型号：Cube，订单状态：在生产','pending','urgent',89,NULL,NULL,NULL,NULL,NULL,NULL,NULL,NULL,NULL,0,0,0,0,0,'machining',NULL,NULL,NULL,NULL,NULL,NULL,NULL,NULL,NULL,NULL,NULL,NULL,NULL,NULL,NULL,NULL,NULL,NULL,NULL,NULL,'M1S381912','Cube','在生产',NULL,0,'2025-10-10 00:00:00','2025-10-20 00:00:00','2026-02-06 01:16:26','2026-02-06 01:16:26',NULL,NULL,NULL,NULL,NULL,NULL,NULL,NULL,NULL,NULL,1,NULL),(715,'M5S391942 - VC5000DL','设备号：M5S391942，产品型号：VC5000DL，订单状态：在生产','pending','urgent',89,NULL,NULL,NULL,NULL,NULL,NULL,NULL,NULL,NULL,0,0,0,0,0,'machining',NULL,NULL,NULL,NULL,NULL,NULL,NULL,NULL,NULL,NULL,NULL,NULL,NULL,NULL,NULL,NULL,NULL,NULL,NULL,NULL,'M5S391942','VC5000DL','在生产',NULL,0,'2025-10-10 00:00:00','2025-10-20 00:00:00','2026-02-06 01:16:26','2026-02-06 01:16:26',NULL,NULL,NULL,NULL,NULL,NULL,NULL,NULL,NULL,NULL,1,NULL),(716,'M1S391945 - VS7200','设备号：M1S391945，产品型号：VS7200，订单状态：在生产','pending','urgent',89,NULL,NULL,NULL,NULL,NULL,NULL,NULL,NULL,NULL,0,0,0,0,0,'machining',NULL,NULL,NULL,NULL,NULL,NULL,NULL,NULL,NULL,NULL,NULL,NULL,NULL,NULL,NULL,NULL,NULL,NULL,NULL,NULL,'M1S391945','VS7200','在生产',NULL,0,'2025-10-10 00:00:00','2025-10-27 00:00:00','2026-02-06 01:16:26','2026-02-06 01:16:26',NULL,NULL,NULL,NULL,NULL,NULL,NULL,NULL,NULL,NULL,0,NULL),(717,'M1S361839 - Cube','设备号：M1S361839，产品型号：Cube，订单状态：在生产','pending','urgent',89,NULL,NULL,NULL,NULL,11.00,5.00,13.80,13.40,7.00,0,0,0,0,0,'machining',NULL,NULL,NULL,NULL,NULL,NULL,NULL,NULL,NULL,NULL,NULL,NULL,NULL,NULL,NULL,NULL,NULL,NULL,NULL,NULL,'M1S361839','Cube','在生产',NULL,0,'2025-10-11 00:00:00','2025-10-21 00:00:00','2026-02-06 01:16:26','2026-02-06 01:16:26',NULL,NULL,NULL,NULL,NULL,NULL,NULL,NULL,NULL,NULL,0,NULL),(718,'M1S361840 - Cube','设备号：M1S361840，产品型号：Cube，订单状态：在生产','pending','urgent',89,NULL,NULL,NULL,NULL,11.00,5.00,13.80,13.40,7.00,0,0,0,0,0,'machining',NULL,NULL,NULL,NULL,NULL,NULL,NULL,NULL,NULL,NULL,NULL,NULL,NULL,NULL,NULL,NULL,NULL,NULL,NULL,NULL,'M1S361840','Cube','在生产',NULL,0,'2025-10-11 00:00:00','2025-10-21 00:00:00','2026-02-06 01:16:26','2026-02-06 01:16:26',NULL,NULL,NULL,NULL,NULL,NULL,NULL,NULL,NULL,NULL,0,NULL),(719,'M1S391930 - V320','设备号：M1S391930，产品型号：V320，订单状态：在生产','pending','urgent',89,NULL,NULL,NULL,NULL,4.00,1.50,0.00,14.30,1.50,1,0,0,0,0,'pre_assembly','2026-02-26 17:58:18',NULL,NULL,NULL,NULL,'2026-02-26 18:02:42',NULL,NULL,NULL,NULL,NULL,NULL,NULL,NULL,NULL,NULL,NULL,NULL,NULL,NULL,'M1S391930','V320','在生产',NULL,0,'2025-10-11 00:00:00','2025-10-18 00:00:00','2026-02-06 01:16:26','2026-02-26 10:02:42',181,NULL,NULL,NULL,NULL,1,NULL,NULL,NULL,NULL,0,NULL),(720,'M1S381913 - Cube','设备号：M1S381913，产品型号：Cube，订单状态：项目滞后','pending','urgent',89,NULL,NULL,NULL,NULL,NULL,NULL,NULL,NULL,NULL,0,0,0,0,0,'machining',NULL,NULL,NULL,NULL,NULL,NULL,NULL,NULL,NULL,NULL,NULL,NULL,NULL,NULL,NULL,NULL,NULL,NULL,NULL,NULL,'M1S381913','Cube','项目滞后',NULL,0,NULL,NULL,'2026-02-06 01:16:26','2026-02-06 01:16:26',NULL,NULL,NULL,NULL,NULL,NULL,NULL,NULL,NULL,NULL,1,NULL),(721,'M1S391939 - A1000','设备号：M1S391939，产品型号：A1000，订单状态：在生产','pending','urgent',89,NULL,NULL,NULL,NULL,9.30,4.50,6.50,10.10,3.00,0,0,0,0,0,'machining',NULL,NULL,NULL,NULL,NULL,NULL,NULL,NULL,NULL,NULL,NULL,NULL,NULL,NULL,NULL,NULL,NULL,NULL,NULL,NULL,'M1S391939','A1000','在生产',NULL,0,'2025-10-11 00:00:00','2025-10-20 00:00:00','2026-02-06 01:16:26','2026-02-06 01:16:26',NULL,NULL,NULL,NULL,NULL,NULL,NULL,NULL,NULL,NULL,0,NULL),(722,'M1S391946 - V5300BP','设备号：M1S391946，产品型号：V5300BP，订单状态：在生产','pending','urgent',89,NULL,NULL,NULL,NULL,10.80,5.00,9.50,11.60,3.50,0,0,0,0,0,'machining',NULL,NULL,NULL,NULL,NULL,NULL,NULL,NULL,NULL,NULL,NULL,NULL,NULL,NULL,NULL,NULL,NULL,NULL,NULL,NULL,'M1S391946','V5300BP','在生产',NULL,0,'2025-10-11 00:00:00','2025-10-20 00:00:00','2026-02-06 01:16:26','2026-02-26 08:37:56',185,NULL,NULL,NULL,NULL,2,NULL,NULL,NULL,NULL,0,NULL),(723,'M5S381965 - VC5100链条','设备号：M5S381965，产品型号：VC5100链条，订单状态：未开工','pending','urgent',89,NULL,NULL,NULL,NULL,NULL,NULL,NULL,NULL,NULL,0,0,0,0,0,'machining',NULL,NULL,NULL,NULL,NULL,NULL,NULL,NULL,NULL,NULL,NULL,NULL,NULL,NULL,NULL,NULL,NULL,NULL,NULL,NULL,'M5S381965','VC5100链条','未开工',NULL,0,'2025-10-25 00:00:00','2025-11-04 00:00:00','2026-02-06 01:16:26','2026-02-06 01:16:26',NULL,NULL,NULL,NULL,NULL,NULL,NULL,NULL,NULL,NULL,1,NULL),(724,'M1S381914 - A1000D','设备号：M1S381914，产品型号：A1000D，订单状态：在生产','pending','urgent',89,NULL,NULL,NULL,NULL,NULL,NULL,NULL,NULL,NULL,0,0,0,0,0,'machining',NULL,NULL,NULL,NULL,NULL,NULL,NULL,NULL,NULL,NULL,NULL,NULL,NULL,NULL,NULL,NULL,NULL,NULL,NULL,NULL,'M1S381914','A1000D','在生产',NULL,0,'2025-10-13 00:00:00','2025-10-21 00:00:00','2026-02-06 01:16:26','2026-02-06 01:16:26',NULL,NULL,NULL,NULL,NULL,NULL,NULL,NULL,NULL,NULL,1,NULL),(725,'M1S381915 - A1000D','设备号：M1S381915，产品型号：A1000D，订单状态：在生产','pending','urgent',89,NULL,NULL,NULL,NULL,NULL,NULL,NULL,NULL,NULL,0,0,0,0,0,'machining',NULL,NULL,NULL,NULL,NULL,NULL,NULL,NULL,NULL,NULL,NULL,NULL,NULL,NULL,NULL,NULL,NULL,NULL,NULL,NULL,'M1S381915','A1000D','在生产',NULL,0,'2025-10-13 00:00:00','2025-10-21 00:00:00','2026-02-06 01:16:26','2026-02-06 01:16:26',NULL,NULL,NULL,NULL,NULL,NULL,NULL,NULL,NULL,NULL,1,NULL),(726,'M1S391917 - A1000XL','设备号：M1S391917，产品型号：A1000XL，订单状态：在生产','pending','urgent',89,NULL,NULL,NULL,NULL,NULL,NULL,NULL,NULL,NULL,0,0,0,0,0,'machining',NULL,NULL,NULL,NULL,NULL,NULL,NULL,NULL,NULL,NULL,NULL,NULL,NULL,NULL,NULL,NULL,NULL,NULL,NULL,NULL,'M1S391917','A1000XL','在生产',NULL,0,'2025-10-13 00:00:00','2025-10-22 00:00:00','2026-02-06 01:16:26','2026-02-06 01:16:26',NULL,NULL,NULL,NULL,NULL,NULL,NULL,NULL,NULL,NULL,1,NULL),(727,'M1S391918 - A1000XL','设备号：M1S391918，产品型号：A1000XL，订单状态：在生产','pending','urgent',89,NULL,NULL,NULL,NULL,NULL,NULL,NULL,NULL,NULL,0,0,0,0,0,'machining',NULL,NULL,NULL,NULL,NULL,NULL,NULL,NULL,NULL,NULL,NULL,NULL,NULL,NULL,NULL,NULL,NULL,NULL,NULL,NULL,'M1S391918','A1000XL','在生产',NULL,0,'2025-10-13 00:00:00','2025-10-22 00:00:00','2026-02-06 01:16:26','2026-02-06 01:16:26',NULL,NULL,NULL,NULL,NULL,NULL,NULL,NULL,NULL,NULL,1,NULL),(728,'M1S401948 - A1000D','设备号：M1S401948，产品型号：A1000D，订单状态：在生产','pending','urgent',89,NULL,NULL,NULL,NULL,NULL,NULL,NULL,NULL,NULL,0,0,0,0,0,'machining',NULL,NULL,NULL,NULL,NULL,NULL,NULL,NULL,NULL,NULL,NULL,NULL,NULL,NULL,NULL,NULL,NULL,NULL,NULL,NULL,'M1S401948','A1000D','在生产',NULL,0,'2025-10-13 00:00:00','2025-10-21 00:00:00','2026-02-06 01:16:26','2026-02-06 01:16:26',NULL,NULL,NULL,NULL,NULL,NULL,NULL,NULL,NULL,NULL,1,NULL),(729,'M1S401949 - A1000D','设备号：M1S401949，产品型号：A1000D，订单状态：在生产','pending','urgent',89,NULL,NULL,NULL,NULL,NULL,NULL,NULL,NULL,NULL,0,0,0,0,0,'machining',NULL,NULL,NULL,NULL,NULL,NULL,NULL,NULL,NULL,NULL,NULL,NULL,NULL,NULL,NULL,NULL,NULL,NULL,NULL,NULL,'M1S401949','A1000D','在生产',NULL,0,'2025-10-13 00:00:00','2025-10-21 00:00:00','2026-02-06 01:16:26','2026-02-06 01:16:26',NULL,NULL,NULL,NULL,NULL,NULL,NULL,NULL,NULL,NULL,1,NULL),(730,'M1S391940 - Cube','设备号：M1S391940，产品型号：Cube，订单状态：未开工','pending','urgent',89,NULL,NULL,NULL,NULL,11.00,5.00,13.80,13.40,7.00,0,0,0,0,0,'machining',NULL,NULL,NULL,NULL,NULL,NULL,NULL,NULL,NULL,NULL,NULL,NULL,NULL,NULL,NULL,NULL,NULL,NULL,NULL,NULL,'M1S391940','Cube','未开工',NULL,0,'2025-11-10 00:00:00','2025-11-20 00:00:00','2026-02-06 01:16:26','2026-02-06 01:16:26',NULL,NULL,NULL,NULL,NULL,NULL,NULL,NULL,NULL,NULL,0,NULL),(731,'M2S391941 - Icon','设备号：M2S391941，产品型号：Icon，订单状态：未开工','pending','urgent',89,NULL,NULL,NULL,NULL,9.30,5.00,9.00,12.90,5.50,0,0,0,0,0,'machining',NULL,NULL,NULL,NULL,NULL,NULL,NULL,NULL,NULL,NULL,NULL,NULL,NULL,NULL,NULL,NULL,NULL,NULL,NULL,NULL,'M2S391941','Icon','未开工',NULL,0,'2025-11-10 00:00:00','2025-11-20 00:00:00','2026-02-06 01:16:26','2026-02-06 01:16:26',NULL,NULL,NULL,NULL,NULL,NULL,NULL,NULL,NULL,NULL,0,NULL),(732,'M1S401959 - V5000S','设备号：M1S401959，产品型号：V5000S，订单状态：在生产','pending','urgent',89,NULL,NULL,NULL,NULL,NULL,NULL,NULL,NULL,NULL,0,0,0,0,0,'machining',NULL,NULL,NULL,NULL,NULL,NULL,NULL,NULL,NULL,NULL,NULL,NULL,NULL,NULL,NULL,NULL,NULL,NULL,NULL,NULL,'M1S401959','V5000S','在生产',NULL,0,'2025-10-14 00:00:00','2025-10-22 00:00:00','2026-02-06 01:16:26','2026-02-06 01:16:26',NULL,NULL,NULL,NULL,NULL,NULL,NULL,NULL,NULL,NULL,0,NULL),(733,'M1S392023 - Cube','设备号：M1S392023，产品型号：Cube，订单状态：未开工','pending','urgent',89,NULL,NULL,NULL,NULL,NULL,NULL,NULL,NULL,NULL,0,0,0,0,0,'machining',NULL,NULL,NULL,NULL,NULL,NULL,NULL,NULL,NULL,NULL,NULL,NULL,NULL,NULL,NULL,NULL,NULL,NULL,NULL,NULL,'M1S392023','Cube','未开工',NULL,0,'2025-10-21 00:00:00',NULL,'2026-02-06 01:16:26','2026-02-06 01:16:26',NULL,NULL,NULL,NULL,NULL,NULL,NULL,NULL,NULL,NULL,1,NULL),(734,'M1S392024 - Cube','设备号：M1S392024，产品型号：Cube，订单状态：未开工','pending','urgent',89,NULL,NULL,NULL,NULL,NULL,NULL,NULL,NULL,NULL,0,0,0,0,0,'machining',NULL,NULL,NULL,NULL,NULL,NULL,NULL,NULL,NULL,NULL,NULL,NULL,NULL,NULL,NULL,NULL,NULL,NULL,NULL,NULL,'M1S392024','Cube','未开工',NULL,0,'2025-10-21 00:00:00',NULL,'2026-02-06 01:16:26','2026-02-06 01:16:26',NULL,NULL,NULL,NULL,NULL,NULL,NULL,NULL,NULL,NULL,1,NULL),(735,'M1S392025 - Cube','设备号：M1S392025，产品型号：Cube，订单状态：未开工','pending','urgent',89,NULL,NULL,NULL,NULL,NULL,NULL,NULL,NULL,NULL,0,0,0,0,0,'machining',NULL,NULL,NULL,NULL,NULL,NULL,NULL,NULL,NULL,NULL,NULL,NULL,NULL,NULL,NULL,NULL,NULL,NULL,NULL,NULL,'M1S392025','Cube','未开工',NULL,0,'2025-10-21 00:00:00',NULL,'2026-02-06 01:16:26','2026-02-06 01:16:26',NULL,NULL,NULL,NULL,NULL,NULL,NULL,NULL,NULL,NULL,1,NULL),(736,'M1S392026 - Cube','设备号：M1S392026，产品型号：Cube，订单状态：未开工','pending','urgent',89,NULL,NULL,NULL,NULL,NULL,NULL,NULL,NULL,NULL,0,0,0,0,0,'machining',NULL,NULL,NULL,NULL,NULL,NULL,NULL,NULL,NULL,NULL,NULL,NULL,NULL,NULL,NULL,NULL,NULL,NULL,NULL,NULL,'M1S392026','Cube','未开工',NULL,0,'2025-10-21 00:00:00',NULL,'2026-02-06 01:16:26','2026-02-06 01:16:26',NULL,NULL,NULL,NULL,NULL,NULL,NULL,NULL,NULL,NULL,1,NULL),(737,'M1S401960 - V5300BP','设备号：M1S401960，产品型号：V5300BP，订单状态：在生产','pending','urgent',89,NULL,NULL,NULL,NULL,10.80,5.00,9.50,11.60,3.50,0,0,0,0,0,'machining',NULL,NULL,NULL,NULL,NULL,NULL,NULL,NULL,NULL,NULL,NULL,NULL,NULL,NULL,NULL,NULL,NULL,NULL,NULL,NULL,'M1S401960','V5300BP','在生产',NULL,0,'2025-10-14 00:00:00','2025-10-23 00:00:00','2026-02-06 01:16:26','2026-02-06 01:16:26',NULL,NULL,NULL,NULL,NULL,NULL,NULL,NULL,NULL,NULL,0,NULL),(738,'M1S401956 - A5300CP','设备号：M1S401956，产品型号：A5300CP，订单状态：在生产','pending','urgent',89,NULL,NULL,NULL,NULL,NULL,NULL,NULL,NULL,NULL,0,0,0,0,0,'machining',NULL,NULL,NULL,NULL,NULL,NULL,NULL,NULL,NULL,NULL,NULL,NULL,NULL,NULL,NULL,NULL,NULL,NULL,NULL,NULL,'M1S401956','A5300CP','在生产',NULL,0,'2025-10-14 00:00:00','2025-10-22 00:00:00','2026-02-06 01:16:26','2026-02-06 01:16:26',NULL,NULL,NULL,NULL,NULL,NULL,NULL,NULL,NULL,NULL,0,NULL),(739,'M5S401957 - VC5300DP','设备号：M5S401957，产品型号：VC5300DP，订单状态：在生产','pending','urgent',89,NULL,NULL,NULL,NULL,NULL,NULL,NULL,NULL,NULL,0,0,0,0,0,'machining',NULL,NULL,NULL,NULL,NULL,NULL,NULL,NULL,NULL,NULL,NULL,NULL,NULL,NULL,NULL,NULL,NULL,NULL,NULL,NULL,'M5S401957','VC5300DP','在生产',NULL,0,'2025-10-14 00:00:00','2025-10-22 00:00:00','2026-02-06 01:16:26','2026-02-06 01:16:26',NULL,NULL,NULL,NULL,NULL,NULL,NULL,NULL,NULL,NULL,0,NULL),(740,'M1S401961 - V5300BP','设备号：M1S401961，产品型号：V5300BP，订单状态：在生产','pending','urgent',89,NULL,NULL,NULL,NULL,10.80,5.00,9.50,11.60,3.50,0,0,0,0,0,'machining',NULL,NULL,NULL,NULL,NULL,NULL,NULL,NULL,NULL,NULL,NULL,NULL,NULL,NULL,NULL,NULL,NULL,NULL,NULL,NULL,'M1S401961','V5300BP','在生产',NULL,0,'2025-10-14 00:00:00','2025-10-23 00:00:00','2026-02-06 01:16:26','2026-02-06 01:16:26',NULL,NULL,NULL,NULL,NULL,NULL,NULL,NULL,NULL,NULL,0,NULL),(741,'M1S411975 - V320','设备号：M1S411975，产品型号：V320，订单状态：在生产','pending','urgent',89,NULL,NULL,NULL,NULL,4.00,1.50,0.00,14.30,1.50,0,0,0,0,0,'machining',NULL,NULL,NULL,NULL,NULL,NULL,NULL,NULL,NULL,NULL,NULL,NULL,NULL,NULL,NULL,NULL,NULL,NULL,NULL,NULL,'M1S411975','V320','在生产',NULL,0,'2025-10-14 00:00:00','2025-10-20 00:00:00','2026-02-06 01:16:26','2026-02-06 01:16:26',NULL,NULL,NULL,NULL,NULL,NULL,NULL,NULL,NULL,NULL,0,NULL),(742,'M1S401951 - V5100DPXL','设备号：M1S401951，产品型号：V5100DPXL，订单状态：未开工','pending','urgent',89,NULL,NULL,NULL,NULL,NULL,NULL,NULL,NULL,NULL,0,0,0,0,0,'machining',NULL,NULL,NULL,NULL,NULL,NULL,NULL,NULL,NULL,NULL,NULL,NULL,NULL,NULL,NULL,NULL,NULL,NULL,NULL,NULL,'M1S401951','V5100DPXL','未开工',NULL,0,'2025-10-23 00:00:00','2025-11-01 00:00:00','2026-02-06 01:16:26','2026-02-06 01:16:26',NULL,NULL,NULL,NULL,NULL,NULL,NULL,NULL,NULL,NULL,1,NULL),(743,'M1S401952 - V5100DPXL','设备号：M1S401952，产品型号：V5100DPXL，订单状态：未开工','pending','urgent',89,NULL,NULL,NULL,NULL,NULL,NULL,NULL,NULL,NULL,0,0,0,0,0,'machining',NULL,NULL,NULL,NULL,NULL,NULL,NULL,NULL,NULL,NULL,NULL,NULL,NULL,NULL,NULL,NULL,NULL,NULL,NULL,NULL,'M1S401952','V5100DPXL','未开工',NULL,0,'2025-10-23 00:00:00','2025-11-01 00:00:00','2026-02-06 01:16:26','2026-02-06 01:16:26',NULL,NULL,NULL,NULL,NULL,NULL,NULL,NULL,NULL,NULL,1,NULL),(744,'M1S401953 - V5300DPXL','设备号：M1S401953，产品型号：V5300DPXL，订单状态：未开工','pending','urgent',89,NULL,NULL,NULL,NULL,NULL,NULL,NULL,NULL,NULL,0,0,0,0,0,'machining',NULL,NULL,NULL,NULL,NULL,NULL,NULL,NULL,NULL,NULL,NULL,NULL,NULL,NULL,NULL,NULL,NULL,NULL,NULL,NULL,'M1S401953','V5300DPXL','未开工',NULL,0,'2025-10-23 00:00:00','2025-11-01 00:00:00','2026-02-06 01:16:26','2026-02-06 01:16:26',NULL,NULL,NULL,NULL,NULL,NULL,NULL,NULL,NULL,NULL,1,NULL),(745,'M1S411986 - VS7300','设备号：M1S411986，产品型号：VS7300，订单状态：在生产','pending','urgent',89,NULL,NULL,NULL,NULL,19.50,6.00,28.50,27.50,8.00,0,0,0,0,0,'machining',NULL,NULL,NULL,NULL,NULL,NULL,NULL,NULL,NULL,NULL,NULL,NULL,NULL,NULL,NULL,NULL,NULL,NULL,NULL,NULL,'M1S411986','VS7300','在生产',NULL,0,'2025-10-14 00:00:00','2025-10-29 00:00:00','2026-02-06 01:16:26','2026-02-06 01:16:26',NULL,NULL,NULL,NULL,NULL,NULL,NULL,NULL,NULL,NULL,0,NULL),(746,'M1S391925 - V5300BP','设备号：M1S391925，产品型号：V5300BP，订单状态：在生产','pending','urgent',89,NULL,NULL,NULL,NULL,10.80,5.00,9.50,11.60,3.50,0,0,0,0,0,'machining',NULL,NULL,NULL,NULL,NULL,NULL,NULL,NULL,NULL,NULL,NULL,NULL,NULL,NULL,NULL,NULL,NULL,NULL,NULL,NULL,'M1S391925','V5300BP','在生产',NULL,0,'2025-10-15 00:00:00','2025-10-24 00:00:00','2026-02-06 01:16:26','2026-02-06 01:16:26',NULL,NULL,NULL,NULL,NULL,NULL,NULL,NULL,NULL,NULL,0,NULL),(747,'M2S391935 - Icon-D','设备号：M2S391935，产品型号：Icon-D，订单状态：在生产','pending','urgent',89,NULL,NULL,NULL,NULL,11.80,5.50,11.50,15.00,5.50,0,0,0,0,0,'machining',NULL,NULL,NULL,NULL,NULL,NULL,NULL,NULL,NULL,NULL,NULL,NULL,NULL,NULL,NULL,NULL,NULL,NULL,NULL,NULL,'M2S391935','Icon-D','在生产',NULL,0,'2025-10-15 00:00:00','2025-10-25 00:00:00','2026-02-06 01:16:26','2026-02-06 01:16:26',NULL,NULL,NULL,NULL,NULL,NULL,NULL,NULL,NULL,NULL,0,NULL),(748,'M2S391938 - Icon-D','设备号：M2S391938，产品型号：Icon-D，订单状态：在生产','pending','urgent',89,NULL,NULL,NULL,NULL,NULL,NULL,NULL,NULL,NULL,0,0,0,0,0,'machining',NULL,NULL,NULL,NULL,NULL,NULL,NULL,NULL,NULL,NULL,NULL,NULL,NULL,NULL,NULL,NULL,NULL,NULL,NULL,NULL,'M2S391938','Icon-D','在生产',NULL,0,'2025-10-15 00:00:00','2025-10-25 00:00:00','2026-02-06 01:16:26','2026-02-06 01:16:26',NULL,NULL,NULL,NULL,NULL,NULL,NULL,NULL,NULL,NULL,1,NULL),(749,'M5S401950 - VC5300DP','设备号：M5S401950，产品型号：VC5300DP，订单状态：在生产','pending','urgent',89,NULL,NULL,NULL,NULL,NULL,NULL,NULL,NULL,NULL,0,0,0,0,0,'machining',NULL,NULL,NULL,NULL,NULL,NULL,NULL,NULL,NULL,NULL,NULL,NULL,NULL,NULL,NULL,NULL,NULL,NULL,NULL,NULL,'M5S401950','VC5300DP','在生产',NULL,0,'2025-10-15 00:00:00','2025-10-25 00:00:00','2026-02-06 01:16:26','2026-02-06 01:16:26',NULL,NULL,NULL,NULL,NULL,NULL,NULL,NULL,NULL,NULL,0,NULL),(750,'M1S401962 - V5300DPXL','设备号：M1S401962，产品型号：V5300DPXL，订单状态：在生产','pending','urgent',89,NULL,NULL,NULL,NULL,NULL,NULL,NULL,NULL,NULL,0,0,0,0,0,'machining',NULL,NULL,NULL,NULL,NULL,NULL,NULL,NULL,NULL,NULL,NULL,NULL,NULL,NULL,NULL,NULL,NULL,NULL,NULL,NULL,'M1S401962','V5300DPXL','在生产',NULL,0,'2025-10-15 00:00:00','2025-10-25 00:00:00','2026-02-06 01:16:26','2026-02-06 01:16:26',NULL,NULL,NULL,NULL,NULL,NULL,NULL,NULL,NULL,NULL,0,NULL),(751,'M1S401963 - V5300DPXL','设备号：M1S401963，产品型号：V5300DPXL，订单状态：项目滞后','pending','urgent',89,NULL,NULL,NULL,NULL,NULL,NULL,NULL,NULL,NULL,0,0,0,0,0,'machining',NULL,NULL,NULL,NULL,NULL,NULL,NULL,NULL,NULL,NULL,NULL,NULL,NULL,NULL,NULL,NULL,NULL,NULL,NULL,NULL,'M1S401963','V5300DPXL','项目滞后',NULL,0,NULL,NULL,'2026-02-06 01:16:26','2026-02-06 01:16:26',NULL,NULL,NULL,NULL,NULL,NULL,NULL,NULL,NULL,NULL,0,NULL),(752,'M1S401964 - VS7300DP','设备号：M1S401964，产品型号：VS7300DP，订单状态：未开工','pending','urgent',89,NULL,NULL,NULL,NULL,NULL,NULL,NULL,NULL,NULL,0,0,0,0,0,'machining',NULL,NULL,NULL,NULL,NULL,NULL,NULL,NULL,NULL,NULL,NULL,NULL,NULL,NULL,NULL,NULL,NULL,NULL,NULL,NULL,'M1S401964','VS7300DP','未开工',NULL,0,'2025-10-31 00:00:00','2025-11-17 00:00:00','2026-02-06 01:16:26','2026-02-06 01:16:26',NULL,NULL,NULL,NULL,NULL,NULL,NULL,NULL,NULL,NULL,0,NULL),(753,'M1S411992 - Cube-D+','设备号：M1S411992，产品型号：Cube-D+，订单状态：在生产','pending','urgent',89,NULL,NULL,NULL,NULL,NULL,NULL,NULL,NULL,NULL,0,0,0,0,0,'machining',NULL,NULL,NULL,NULL,NULL,NULL,NULL,NULL,NULL,NULL,NULL,NULL,NULL,NULL,NULL,NULL,NULL,NULL,NULL,NULL,'M1S411992','Cube-D+','在生产',NULL,0,'2025-10-15 00:00:00','2025-10-24 00:00:00','2026-02-06 01:16:26','2026-02-06 01:16:26',NULL,NULL,NULL,NULL,NULL,NULL,NULL,NULL,NULL,NULL,1,NULL),(754,'M2S401979 - Icon+','设备号：M2S401979，产品型号：Icon+，订单状态：未开工','pending','urgent',89,NULL,NULL,NULL,NULL,9.30,4.50,9.00,11.50,5.50,0,0,0,0,0,'machining',NULL,NULL,NULL,NULL,NULL,NULL,NULL,NULL,NULL,NULL,NULL,NULL,NULL,NULL,NULL,NULL,NULL,NULL,NULL,NULL,'M2S401979','Icon+','未开工',NULL,0,'2025-10-23 00:00:00','2025-11-03 00:00:00','2026-02-06 01:16:26','2026-02-06 01:16:26',NULL,NULL,NULL,NULL,NULL,NULL,NULL,NULL,NULL,NULL,0,NULL),(755,'M2S401980 - Icon+','设备号：M2S401980，产品型号：Icon+，订单状态：未开工','pending','urgent',89,NULL,NULL,NULL,NULL,9.30,4.50,9.00,11.50,5.50,0,0,0,0,0,'machining',NULL,NULL,NULL,NULL,NULL,NULL,NULL,NULL,NULL,NULL,NULL,NULL,NULL,NULL,NULL,NULL,NULL,NULL,NULL,NULL,'M2S401980','Icon+','未开工',NULL,0,'2025-10-23 00:00:00','2025-11-03 00:00:00','2026-02-06 01:16:26','2026-02-06 01:16:26',NULL,NULL,NULL,NULL,NULL,NULL,NULL,NULL,NULL,NULL,0,NULL),(756,'M1S401981 - V5100BP','设备号：M1S401981，产品型号：V5100BP，订单状态：未开工','pending','urgent',89,NULL,NULL,NULL,NULL,NULL,NULL,NULL,NULL,NULL,0,0,0,0,0,'machining',NULL,NULL,NULL,NULL,NULL,NULL,NULL,NULL,NULL,NULL,NULL,NULL,NULL,NULL,NULL,NULL,NULL,NULL,NULL,NULL,'M1S401981','V5100BP','未开工',NULL,0,'2025-10-20 00:00:00','2025-10-30 00:00:00','2026-02-06 01:16:26','2026-02-06 01:16:26',NULL,NULL,NULL,NULL,NULL,NULL,NULL,NULL,NULL,NULL,1,NULL),(757,'M1S401982 - V5100BP','设备号：M1S401982，产品型号：V5100BP，订单状态：未开工','pending','urgent',89,NULL,NULL,NULL,NULL,NULL,NULL,NULL,NULL,NULL,0,0,0,0,0,'machining',NULL,NULL,NULL,NULL,NULL,NULL,NULL,NULL,NULL,NULL,NULL,NULL,NULL,NULL,NULL,NULL,NULL,NULL,NULL,NULL,'M1S401982','V5100BP','未开工',NULL,0,'2025-10-20 00:00:00','2025-10-30 00:00:00','2026-02-06 01:16:26','2026-02-06 01:16:26',NULL,NULL,NULL,NULL,NULL,NULL,NULL,NULL,NULL,NULL,1,NULL),(758,'M5S401983 - VC5300BP','设备号：M5S401983，产品型号：VC5300BP，订单状态：未开工','pending','urgent',89,NULL,NULL,NULL,NULL,NULL,NULL,NULL,NULL,NULL,0,0,0,0,0,'machining',NULL,NULL,NULL,NULL,NULL,NULL,NULL,NULL,NULL,NULL,NULL,NULL,NULL,NULL,NULL,NULL,NULL,NULL,NULL,NULL,'M5S401983','VC5300BP','未开工',NULL,0,'2025-10-20 00:00:00','2025-10-30 00:00:00','2026-02-06 01:16:26','2026-02-06 01:16:26',NULL,NULL,NULL,NULL,NULL,NULL,NULL,NULL,NULL,NULL,1,NULL),(759,'M5S401984 - VC5300BP','设备号：M5S401984，产品型号：VC5300BP，订单状态：未开工','pending','urgent',89,NULL,NULL,NULL,NULL,NULL,NULL,NULL,NULL,NULL,0,0,0,0,0,'machining',NULL,NULL,NULL,NULL,NULL,NULL,NULL,NULL,NULL,NULL,NULL,NULL,NULL,NULL,NULL,NULL,NULL,NULL,NULL,NULL,'M5S401984','VC5300BP','未开工',NULL,0,'2025-10-20 00:00:00','2025-10-30 00:00:00','2026-02-06 01:16:26','2026-02-06 01:16:26',NULL,NULL,NULL,NULL,NULL,NULL,NULL,NULL,NULL,NULL,1,NULL),(760,'M1S401976 - VS7300','设备号：M1S401976，产品型号：VS7300，订单状态：在生产','pending','urgent',89,NULL,NULL,NULL,NULL,19.50,6.00,28.50,27.50,8.00,0,0,0,0,0,'machining',NULL,NULL,NULL,NULL,NULL,NULL,NULL,NULL,NULL,NULL,NULL,NULL,NULL,NULL,NULL,NULL,NULL,NULL,NULL,NULL,'M1S401976','VS7300','在生产',NULL,0,'2025-10-16 00:00:00','2025-11-01 00:00:00','2026-02-06 01:16:26','2026-02-06 01:16:26',NULL,NULL,NULL,NULL,NULL,NULL,NULL,NULL,NULL,NULL,0,NULL),(761,'M1S401967 - A5300BP','设备号：M1S401967，产品型号：A5300BP，订单状态：在生产','pending','urgent',89,NULL,NULL,NULL,NULL,NULL,NULL,NULL,NULL,NULL,0,0,0,0,0,'machining',NULL,NULL,NULL,NULL,NULL,NULL,NULL,NULL,NULL,NULL,NULL,NULL,NULL,NULL,NULL,NULL,NULL,NULL,NULL,NULL,'M1S401967','A5300BP','在生产',NULL,0,'2025-10-16 00:00:00','2025-10-25 00:00:00','2026-02-06 01:16:26','2026-02-06 01:16:26',NULL,NULL,NULL,NULL,NULL,NULL,NULL,NULL,NULL,NULL,0,NULL),(762,'M1S401968 - A5300BP','设备号：M1S401968，产品型号：A5300BP，订单状态：在生产','pending','urgent',89,NULL,NULL,NULL,NULL,NULL,NULL,NULL,NULL,NULL,0,0,0,0,0,'machining',NULL,NULL,NULL,NULL,NULL,NULL,NULL,NULL,NULL,NULL,NULL,NULL,NULL,NULL,NULL,NULL,NULL,NULL,NULL,NULL,'M1S401968','A5300BP','在生产',NULL,0,'2025-10-16 00:00:00','2025-10-25 00:00:00','2026-02-06 01:16:26','2026-02-06 01:16:26',NULL,NULL,NULL,NULL,NULL,NULL,NULL,NULL,NULL,NULL,0,NULL),(763,'M1S401969 - A5300BP','设备号：M1S401969，产品型号：A5300BP，订单状态：在生产','pending','urgent',89,NULL,NULL,NULL,NULL,NULL,NULL,NULL,NULL,NULL,0,0,0,0,0,'machining',NULL,NULL,NULL,NULL,NULL,NULL,NULL,NULL,NULL,NULL,NULL,NULL,NULL,NULL,NULL,NULL,NULL,NULL,NULL,NULL,'M1S401969','A5300BP','在生产',NULL,0,'2025-10-16 00:00:00','2025-10-25 00:00:00','2026-02-06 01:16:26','2026-02-06 01:16:26',NULL,NULL,NULL,NULL,NULL,NULL,NULL,NULL,NULL,NULL,0,NULL),(764,'M1S401970 - V5000H','设备号：M1S401970，产品型号：V5000H，订单状态：在生产','pending','urgent',89,NULL,NULL,NULL,NULL,9.30,4.50,6.50,10.10,3.00,0,0,0,0,0,'machining',NULL,NULL,NULL,NULL,NULL,NULL,NULL,NULL,NULL,NULL,NULL,NULL,NULL,NULL,NULL,NULL,NULL,NULL,NULL,NULL,'M1S401970','V5000H','在生产',NULL,0,'2025-10-16 00:00:00','2025-10-24 00:00:00','2026-02-06 01:16:26','2026-02-06 01:16:26',NULL,NULL,NULL,NULL,NULL,NULL,NULL,NULL,NULL,NULL,0,NULL),(765,'M1S401971 - A5300BP','设备号：M1S401971，产品型号：A5300BP，订单状态：在生产','pending','urgent',89,NULL,NULL,NULL,NULL,NULL,NULL,NULL,NULL,NULL,0,0,0,0,0,'machining',NULL,NULL,NULL,NULL,NULL,NULL,NULL,NULL,NULL,NULL,NULL,NULL,NULL,NULL,NULL,NULL,NULL,NULL,NULL,NULL,'M1S401971','A5300BP','在生产',NULL,0,'2025-10-16 00:00:00','2025-10-25 00:00:00','2026-02-06 01:16:26','2026-02-06 01:16:26',NULL,NULL,NULL,NULL,NULL,NULL,NULL,NULL,NULL,NULL,0,NULL),(766,'M1S391924 - V5300BP','设备号：M1S391924，产品型号：V5300BP，订单状态：在生产','pending','urgent',89,NULL,NULL,NULL,NULL,10.80,5.00,9.50,11.60,3.50,0,0,0,0,0,'machining',NULL,NULL,NULL,NULL,NULL,NULL,NULL,NULL,NULL,NULL,NULL,NULL,NULL,NULL,NULL,NULL,NULL,NULL,NULL,NULL,'M1S391924','V5300BP','在生产',NULL,0,'2025-10-17 00:00:00','2025-10-25 00:00:00','2026-02-06 01:16:26','2026-02-06 01:16:26',NULL,NULL,NULL,NULL,NULL,NULL,NULL,NULL,NULL,NULL,0,NULL),(767,'M1S401943 - V5300BP','设备号：M1S401943，产品型号：V5300BP，订单状态：在生产','pending','urgent',89,NULL,NULL,NULL,NULL,10.80,5.00,9.50,11.60,3.50,0,0,0,0,0,'machining',NULL,NULL,NULL,NULL,NULL,NULL,NULL,NULL,NULL,NULL,NULL,NULL,NULL,NULL,NULL,NULL,NULL,NULL,NULL,NULL,'M1S401943','V5300BP','在生产',NULL,0,'2025-10-17 00:00:00','2025-10-25 00:00:00','2026-02-06 01:16:26','2026-02-06 01:16:26',NULL,NULL,NULL,NULL,NULL,NULL,NULL,NULL,NULL,NULL,0,NULL),(768,'M1S411987 - V5300BP','设备号：M1S411987，产品型号：V5300BP，订单状态：在生产','pending','urgent',89,NULL,NULL,NULL,NULL,10.80,5.00,9.50,11.60,3.50,0,0,0,0,0,'machining',NULL,NULL,NULL,NULL,NULL,NULL,NULL,NULL,NULL,NULL,NULL,NULL,NULL,NULL,NULL,NULL,NULL,NULL,NULL,NULL,'M1S411987','V5300BP','在生产',NULL,0,'2025-10-17 00:00:00','2025-10-27 00:00:00','2026-02-06 01:16:26','2026-02-06 01:16:26',NULL,NULL,NULL,NULL,NULL,NULL,NULL,NULL,NULL,NULL,0,NULL),(769,'M1S411993 - V320','设备号：M1S411993，产品型号：V320，订单状态：在生产','pending','urgent',89,NULL,NULL,NULL,NULL,4.00,1.50,0.00,14.30,1.50,0,0,0,0,0,'machining',NULL,NULL,NULL,NULL,NULL,NULL,NULL,NULL,NULL,NULL,NULL,NULL,NULL,NULL,NULL,NULL,NULL,NULL,NULL,NULL,'M1S411993','V320','在生产',NULL,0,'2025-10-17 00:00:00','2025-10-22 00:00:00','2026-02-06 01:16:26','2026-02-06 01:16:26',NULL,NULL,NULL,NULL,NULL,NULL,NULL,NULL,NULL,NULL,0,NULL),(770,'M1S411994 - V320','设备号：M1S411994，产品型号：V320，订单状态：在生产','pending','urgent',89,NULL,NULL,NULL,NULL,4.00,1.50,0.00,14.30,1.50,0,0,0,0,0,'machining',NULL,NULL,NULL,NULL,NULL,NULL,NULL,NULL,NULL,NULL,NULL,NULL,NULL,NULL,NULL,NULL,NULL,NULL,NULL,NULL,'M1S411994','V320','在生产',NULL,0,'2025-10-17 00:00:00','2025-10-22 00:00:00','2026-02-06 01:16:26','2026-02-06 01:16:26',NULL,NULL,NULL,NULL,NULL,NULL,NULL,NULL,NULL,NULL,0,NULL),(771,'M1S412009 - V5000SD','设备号：M1S412009，产品型号：V5000SD，订单状态：在生产','pending','urgent',89,NULL,NULL,NULL,NULL,NULL,NULL,NULL,NULL,NULL,0,0,0,0,0,'machining',NULL,NULL,NULL,NULL,NULL,NULL,NULL,NULL,NULL,NULL,NULL,NULL,NULL,NULL,NULL,NULL,NULL,NULL,NULL,NULL,'M1S412009','V5000SD','在生产',NULL,0,'2025-10-17 00:00:00','2025-10-27 00:00:00','2026-02-06 01:16:26','2026-02-06 01:16:26',NULL,NULL,NULL,NULL,NULL,NULL,NULL,NULL,NULL,NULL,1,NULL),(772,'M1S412004 - A5200A','设备号：M1S412004，产品型号：A5200A，订单状态：在生产','pending','urgent',89,NULL,NULL,NULL,NULL,NULL,NULL,NULL,NULL,NULL,0,0,0,0,0,'machining',NULL,NULL,NULL,NULL,NULL,NULL,NULL,NULL,NULL,NULL,NULL,NULL,NULL,NULL,NULL,NULL,NULL,NULL,NULL,NULL,'M1S412004','A5200A','在生产',NULL,0,'2025-10-18 00:00:00','2025-10-28 00:00:00','2026-02-06 01:16:26','2026-02-06 01:16:26',NULL,NULL,NULL,NULL,NULL,NULL,NULL,NULL,NULL,NULL,0,NULL),(773,'M1S411995 - V320','设备号：M1S411995，产品型号：V320，订单状态：未开工','pending','urgent',89,NULL,NULL,NULL,NULL,4.00,1.50,0.00,14.30,1.50,0,0,0,0,0,'machining',NULL,NULL,NULL,NULL,NULL,NULL,NULL,NULL,NULL,NULL,NULL,NULL,NULL,NULL,NULL,NULL,NULL,NULL,NULL,NULL,'M1S411995','V320','未开工',NULL,0,'2025-11-01 00:00:00','2025-11-06 00:00:00','2026-02-06 01:16:26','2026-02-06 01:16:26',NULL,NULL,NULL,NULL,NULL,NULL,NULL,NULL,NULL,NULL,0,NULL),(774,'M1S411996 - V320','设备号：M1S411996，产品型号：V320，订单状态：未开工','pending','urgent',89,NULL,NULL,NULL,NULL,4.00,1.50,0.00,14.30,1.50,0,0,0,0,0,'machining',NULL,NULL,NULL,NULL,NULL,NULL,NULL,NULL,NULL,NULL,NULL,NULL,NULL,NULL,NULL,NULL,NULL,NULL,NULL,NULL,'M1S411996','V320','未开工',NULL,0,'2025-11-01 00:00:00','2025-11-06 00:00:00','2026-02-06 01:16:26','2026-02-06 01:16:26',NULL,NULL,NULL,NULL,NULL,NULL,NULL,NULL,NULL,NULL,0,NULL),(775,'M1S412005 - A5200A','设备号：M1S412005，产品型号：A5200A，订单状态：在生产','pending','urgent',89,NULL,NULL,NULL,NULL,NULL,NULL,NULL,NULL,NULL,0,0,0,0,0,'machining',NULL,NULL,NULL,NULL,NULL,NULL,NULL,NULL,NULL,NULL,NULL,NULL,NULL,NULL,NULL,NULL,NULL,NULL,NULL,NULL,'M1S412005','A5200A','在生产',NULL,0,'2025-10-18 00:00:00','2025-10-28 00:00:00','2026-02-06 01:16:26','2026-02-06 01:16:26',NULL,NULL,NULL,NULL,NULL,NULL,NULL,NULL,NULL,NULL,0,NULL),(776,'M1S412002 - A10','设备号：M1S412002，产品型号：A10，订单状态：未开工','pending','urgent',89,NULL,NULL,NULL,NULL,5.00,2.70,0.00,9.00,2.40,0,0,0,0,0,'machining',NULL,NULL,NULL,NULL,NULL,NULL,NULL,NULL,NULL,NULL,NULL,NULL,NULL,NULL,NULL,NULL,NULL,NULL,NULL,NULL,'M1S412002','A10','未开工',NULL,0,'2025-11-13 00:00:00','2025-11-20 00:00:00','2026-02-06 01:16:26','2026-02-06 01:16:26',NULL,NULL,NULL,NULL,NULL,NULL,NULL,NULL,NULL,NULL,0,NULL),(777,'M1S412003 - A10','设备号：M1S412003，产品型号：A10，订单状态：未开工','pending','urgent',89,NULL,NULL,NULL,NULL,5.00,2.70,0.00,9.00,2.40,0,0,0,0,0,'machining',NULL,NULL,NULL,NULL,NULL,NULL,NULL,NULL,NULL,NULL,NULL,NULL,NULL,NULL,NULL,NULL,NULL,NULL,NULL,NULL,'M1S412003','A10','未开工',NULL,0,'2025-11-13 00:00:00','2025-11-20 00:00:00','2026-02-06 01:16:26','2026-02-06 01:16:26',NULL,NULL,NULL,NULL,NULL,NULL,NULL,NULL,NULL,NULL,0,NULL),(778,'M1S422010 - V5300BP','设备号：M1S422010，产品型号：V5300BP，订单状态：在生产','pending','urgent',89,NULL,NULL,NULL,NULL,10.80,5.00,9.50,11.60,3.50,0,0,0,0,0,'machining',NULL,NULL,NULL,NULL,NULL,NULL,NULL,NULL,NULL,NULL,NULL,NULL,NULL,NULL,NULL,NULL,NULL,NULL,NULL,NULL,'M1S422010','V5300BP','在生产',NULL,0,'2025-10-18 00:00:00','2025-10-30 00:00:00','2026-02-06 01:16:26','2026-02-06 01:16:26',NULL,NULL,NULL,NULL,NULL,NULL,NULL,NULL,NULL,NULL,0,NULL),(779,'M1S412006 - A5200A','设备号：M1S412006，产品型号：A5200A，订单状态：未开工','pending','urgent',89,NULL,NULL,NULL,NULL,NULL,NULL,NULL,NULL,NULL,0,0,0,0,0,'machining',NULL,NULL,NULL,NULL,NULL,NULL,NULL,NULL,NULL,NULL,NULL,NULL,NULL,NULL,NULL,NULL,NULL,NULL,NULL,NULL,'M1S412006','A5200A','未开工',NULL,0,'2025-11-11 00:00:00','2025-11-20 00:00:00','2026-02-06 01:16:26','2026-02-06 01:16:26',NULL,NULL,NULL,NULL,NULL,NULL,NULL,NULL,NULL,NULL,0,NULL),(780,'M1S412008 - A10','设备号：M1S412008，产品型号：A10，订单状态：未开工','pending','urgent',89,NULL,NULL,NULL,NULL,5.00,2.70,0.00,9.00,2.40,0,0,0,0,0,'machining',NULL,NULL,NULL,NULL,NULL,NULL,NULL,NULL,NULL,NULL,NULL,NULL,NULL,NULL,NULL,NULL,NULL,NULL,NULL,NULL,'M1S412008','A10','未开工',NULL,0,'2025-10-23 00:00:00','2025-10-30 00:00:00','2026-02-06 01:16:26','2026-02-06 01:16:26',NULL,NULL,NULL,NULL,NULL,NULL,NULL,NULL,NULL,NULL,0,NULL),(781,'M1S412013 - Cube+','设备号：M1S412013，产品型号：Cube+，订单状态：未开工','pending','urgent',89,NULL,NULL,NULL,NULL,11.00,4.50,13.80,14.80,7.00,0,0,0,0,0,'machining',NULL,NULL,NULL,NULL,NULL,NULL,NULL,NULL,NULL,NULL,NULL,NULL,NULL,NULL,NULL,NULL,NULL,NULL,NULL,NULL,'M1S412013','Cube+','未开工',NULL,0,'2025-10-20 00:00:00','2025-10-31 00:00:00','2026-02-06 01:16:26','2026-02-06 01:16:26',NULL,NULL,NULL,NULL,NULL,NULL,NULL,NULL,NULL,NULL,0,NULL),(782,'M5S422014 - VC5100DP','设备号：M5S422014，产品型号：VC5100DP，订单状态：未开工','pending','urgent',89,NULL,NULL,NULL,NULL,NULL,NULL,NULL,NULL,NULL,0,0,0,0,0,'machining',NULL,NULL,NULL,NULL,NULL,NULL,NULL,NULL,NULL,NULL,NULL,NULL,NULL,NULL,NULL,NULL,NULL,NULL,NULL,NULL,'M5S422014','VC5100DP','未开工',NULL,0,'2025-11-07 00:00:00','2025-11-18 00:00:00','2026-02-06 01:16:26','2026-02-06 01:16:26',NULL,NULL,NULL,NULL,NULL,NULL,NULL,NULL,NULL,NULL,0,NULL),(783,'M5S422015 - VC5100DP','设备号：M5S422015，产品型号：VC5100DP，订单状态：未开工','pending','urgent',89,NULL,NULL,NULL,NULL,NULL,NULL,NULL,NULL,NULL,0,0,0,0,0,'machining',NULL,NULL,NULL,NULL,NULL,NULL,NULL,NULL,NULL,NULL,NULL,NULL,NULL,NULL,NULL,NULL,NULL,NULL,NULL,NULL,'M5S422015','VC5100DP','未开工',NULL,0,'2025-11-07 00:00:00','2025-11-18 00:00:00','2026-02-06 01:16:26','2026-02-06 01:16:26',NULL,NULL,NULL,NULL,NULL,NULL,NULL,NULL,NULL,NULL,0,NULL),(784,'M5S422016 - VC5100DP','设备号：M5S422016，产品型号：VC5100DP，订单状态：未开工','pending','urgent',89,NULL,NULL,NULL,NULL,NULL,NULL,NULL,NULL,NULL,0,0,0,0,0,'machining',NULL,NULL,NULL,NULL,NULL,NULL,NULL,NULL,NULL,NULL,NULL,NULL,NULL,NULL,NULL,NULL,NULL,NULL,NULL,NULL,'M5S422016','VC5100DP','未开工',NULL,0,'2025-11-07 00:00:00','2025-11-18 00:00:00','2026-02-06 01:16:26','2026-02-06 01:16:26',NULL,NULL,NULL,NULL,NULL,NULL,NULL,NULL,NULL,NULL,0,NULL),(785,'M2S422017 - Icon','设备号：M2S422017，产品型号：Icon，订单状态：未开工','pending','urgent',89,NULL,NULL,NULL,NULL,9.30,5.00,9.00,12.90,5.50,0,0,0,0,0,'machining',NULL,NULL,NULL,NULL,NULL,NULL,NULL,NULL,NULL,NULL,NULL,NULL,NULL,NULL,NULL,NULL,NULL,NULL,NULL,NULL,'M2S422017','Icon','未开工',NULL,0,'2025-10-24 00:00:00','2025-11-04 00:00:00','2026-02-06 01:16:26','2026-02-06 01:16:26',NULL,NULL,NULL,NULL,NULL,NULL,NULL,NULL,NULL,NULL,0,NULL),(786,'M1S422018 - Cube','设备号：M1S422018，产品型号：Cube，订单状态：未开工','pending','urgent',89,NULL,NULL,NULL,NULL,11.00,5.00,13.80,13.40,7.00,0,0,0,0,0,'machining',NULL,NULL,NULL,NULL,NULL,NULL,NULL,NULL,NULL,NULL,NULL,NULL,NULL,NULL,NULL,NULL,NULL,NULL,NULL,NULL,'M1S422018','Cube','未开工',NULL,0,'2025-10-24 00:00:00','2025-11-04 00:00:00','2026-02-06 01:16:26','2026-02-06 01:16:26',NULL,NULL,NULL,NULL,NULL,NULL,NULL,NULL,NULL,NULL,0,NULL),(787,'M2S422020 - Icon-D','设备号：M2S422020，产品型号：Icon-D，订单状态：未开工','pending','urgent',89,NULL,NULL,NULL,NULL,NULL,NULL,NULL,NULL,NULL,0,0,0,0,0,'machining',NULL,NULL,NULL,NULL,NULL,NULL,NULL,NULL,NULL,NULL,NULL,NULL,NULL,NULL,NULL,NULL,NULL,NULL,NULL,NULL,'M2S422020','Icon-D','未开工',NULL,0,'2025-10-21 00:00:00','2025-10-30 00:00:00','2026-02-06 01:16:26','2026-02-06 01:16:26',NULL,NULL,NULL,NULL,NULL,NULL,NULL,NULL,NULL,NULL,1,NULL),(788,'T20 - Icon','设备号：T20，产品型号：Icon，订单状态：未开工','pending','normal',86,NULL,NULL,NULL,NULL,NULL,NULL,NULL,NULL,NULL,0,0,0,0,0,'machining',NULL,NULL,NULL,NULL,NULL,NULL,NULL,NULL,NULL,NULL,NULL,NULL,NULL,NULL,NULL,NULL,NULL,NULL,NULL,NULL,'T20','Icon','未开工',NULL,0,'2025-11-20 00:00:00',NULL,'2026-02-27 07:47:19','2026-02-27 07:47:19',NULL,NULL,NULL,NULL,NULL,NULL,NULL,NULL,NULL,NULL,1,NULL),(789,'T21 - VC5300CP','设备号：T21，产品型号：VC5300CP，订单状态：未开工','pending','normal',86,NULL,NULL,NULL,NULL,NULL,NULL,NULL,NULL,NULL,0,0,0,0,0,'machining',NULL,NULL,NULL,NULL,NULL,NULL,NULL,NULL,NULL,NULL,NULL,NULL,NULL,NULL,NULL,NULL,NULL,NULL,NULL,NULL,'T21','VC5300CP','未开工',NULL,0,'2025-11-20 00:00:00',NULL,'2026-02-27 07:47:19','2026-02-27 07:47:19',NULL,NULL,NULL,NULL,NULL,NULL,NULL,NULL,NULL,NULL,0,NULL),(790,'T22 - V5300DP','设备号：T22，产品型号：V5300DP，订单状态：未开工','pending','normal',86,NULL,NULL,NULL,NULL,NULL,NULL,NULL,NULL,NULL,0,0,0,0,0,'machining',NULL,NULL,NULL,NULL,NULL,NULL,NULL,NULL,NULL,NULL,NULL,NULL,NULL,NULL,NULL,NULL,NULL,NULL,NULL,NULL,'T22','V5300DP','未开工',NULL,0,'2025-10-30 00:00:00',NULL,'2026-02-27 07:47:19','2026-02-27 07:47:19',NULL,NULL,NULL,NULL,NULL,NULL,NULL,NULL,NULL,NULL,1,NULL),(791,'T23 - Cube','设备号：T23，产品型号：Cube，订单状态：未开工','pending','normal',86,NULL,NULL,NULL,NULL,11.00,5.00,13.80,13.40,7.00,0,0,0,0,0,'machining',NULL,NULL,NULL,NULL,NULL,NULL,NULL,NULL,NULL,NULL,NULL,NULL,NULL,NULL,NULL,NULL,NULL,NULL,NULL,NULL,'T23','Cube','未开工',NULL,0,'2025-11-20 00:00:00',NULL,'2026-02-27 07:47:19','2026-02-27 07:47:19',NULL,NULL,NULL,NULL,NULL,NULL,NULL,NULL,NULL,NULL,0,NULL),(792,'T24 - Icon','设备号：T24，产品型号：Icon，订单状态：未开工','pending','normal',86,NULL,NULL,NULL,NULL,NULL,NULL,NULL,NULL,NULL,0,0,0,0,0,'machining',NULL,NULL,NULL,NULL,NULL,NULL,NULL,NULL,NULL,NULL,NULL,NULL,NULL,NULL,NULL,NULL,NULL,NULL,NULL,NULL,'T24','Icon','未开工',NULL,0,'2025-11-20 00:00:00',NULL,'2026-02-27 07:47:19','2026-02-27 07:47:19',NULL,NULL,NULL,NULL,NULL,NULL,NULL,NULL,NULL,NULL,1,NULL),(793,'T25 - V5100BP','设备号：T25，产品型号：V5100BP，订单状态：未开工','pending','normal',86,NULL,NULL,NULL,NULL,NULL,NULL,NULL,NULL,NULL,0,0,0,0,0,'machining',NULL,NULL,NULL,NULL,NULL,NULL,NULL,NULL,NULL,NULL,NULL,NULL,NULL,NULL,NULL,NULL,NULL,NULL,NULL,NULL,'T25','V5100BP','未开工',NULL,0,'2025-11-20 00:00:00',NULL,'2026-02-27 07:47:19','2026-02-27 07:47:19',NULL,NULL,NULL,NULL,NULL,NULL,NULL,NULL,NULL,NULL,0,NULL),(794,'T26 - A10','设备号：T26，产品型号：A10，订单状态：未开工','pending','normal',86,NULL,NULL,NULL,NULL,NULL,NULL,NULL,NULL,NULL,0,0,0,0,0,'machining',NULL,NULL,NULL,NULL,NULL,NULL,NULL,NULL,NULL,NULL,NULL,NULL,NULL,NULL,NULL,NULL,NULL,NULL,NULL,NULL,'T26','A10','未开工',NULL,0,'2025-11-18 00:00:00',NULL,'2026-02-27 07:47:19','2026-02-27 07:47:19',NULL,NULL,NULL,NULL,NULL,NULL,NULL,NULL,NULL,NULL,1,NULL),(795,'T27 - A10','设备号：T27，产品型号：A10，订单状态：未开工','pending','normal',86,NULL,NULL,NULL,NULL,5.00,2.70,0.00,9.00,2.40,0,0,0,0,0,'machining',NULL,NULL,NULL,NULL,NULL,NULL,NULL,NULL,NULL,NULL,NULL,NULL,NULL,NULL,NULL,NULL,NULL,NULL,NULL,NULL,'T27','A10','未开工',NULL,0,'2025-11-18 00:00:00',NULL,'2026-02-27 07:47:19','2026-02-27 07:47:19',NULL,NULL,NULL,NULL,NULL,NULL,NULL,NULL,NULL,NULL,0,NULL),(796,'T28 - A5200A','设备号：T28，产品型号：A5200A，订单状态：未开工','pending','normal',86,NULL,NULL,NULL,NULL,NULL,NULL,NULL,NULL,NULL,0,0,0,0,0,'machining',NULL,NULL,NULL,NULL,NULL,NULL,NULL,NULL,NULL,NULL,NULL,NULL,NULL,NULL,NULL,NULL,NULL,NULL,NULL,NULL,'T28','A5200A','未开工',NULL,0,'2025-11-18 00:00:00',NULL,'2026-02-27 07:47:19','2026-02-27 07:47:19',NULL,NULL,NULL,NULL,NULL,NULL,NULL,NULL,NULL,NULL,1,NULL),(797,'T29 - VC5100DP','设备号：T29，产品型号：VC5100DP，订单状态：未开工','pending','normal',86,NULL,NULL,NULL,NULL,NULL,NULL,NULL,NULL,NULL,0,0,0,0,0,'machining',NULL,NULL,NULL,NULL,NULL,NULL,NULL,NULL,NULL,NULL,NULL,NULL,NULL,NULL,NULL,NULL,NULL,NULL,NULL,NULL,'T29','VC5100DP','未开工',NULL,0,'2025-11-07 00:00:00',NULL,'2026-02-27 07:47:19','2026-02-27 07:47:19',NULL,NULL,NULL,NULL,NULL,NULL,NULL,NULL,NULL,NULL,0,NULL),(798,'T30 - Cube','设备号：T30，产品型号：Cube，订单状态：未开工','pending','normal',86,NULL,NULL,NULL,NULL,11.00,5.00,13.80,13.40,7.00,0,0,0,0,0,'machining',NULL,NULL,NULL,NULL,NULL,NULL,NULL,NULL,NULL,NULL,NULL,NULL,NULL,NULL,NULL,NULL,NULL,NULL,NULL,NULL,'T30','Cube','未开工',NULL,1,'2025-11-20 00:00:00',NULL,'2026-02-27 07:47:19','2026-02-27 07:47:19',NULL,NULL,NULL,NULL,NULL,NULL,NULL,NULL,NULL,NULL,0,NULL),(799,'T31 - Cube','设备号：T31，产品型号：Cube，订单状态：未开工','pending','normal',86,NULL,NULL,NULL,NULL,11.00,5.00,13.80,13.40,7.00,0,0,0,0,0,'machining',NULL,NULL,NULL,NULL,NULL,NULL,NULL,NULL,NULL,NULL,NULL,NULL,NULL,NULL,NULL,NULL,NULL,NULL,NULL,NULL,'T31','Cube','未开工',NULL,1,'2025-11-20 00:00:00',NULL,'2026-02-27 07:47:19','2026-02-27 07:47:19',NULL,NULL,NULL,NULL,NULL,NULL,NULL,NULL,NULL,NULL,0,NULL),(800,'T32 - Cube','设备号：T32，产品型号：Cube，订单状态：未开工','pending','normal',86,NULL,NULL,NULL,NULL,NULL,NULL,NULL,NULL,NULL,0,0,0,0,0,'machining',NULL,NULL,NULL,NULL,NULL,NULL,NULL,NULL,NULL,NULL,NULL,NULL,NULL,NULL,NULL,NULL,NULL,NULL,NULL,NULL,'T32','Cube','未开工',NULL,1,'2025-11-20 00:00:00',NULL,'2026-02-27 07:47:19','2026-02-27 07:47:19',NULL,NULL,NULL,NULL,NULL,NULL,NULL,NULL,NULL,NULL,1,NULL),(801,'T33 - Cube','设备号：T33，产品型号：Cube，订单状态：未开工','pending','normal',86,NULL,NULL,NULL,NULL,11.00,5.00,13.80,13.40,7.00,0,0,0,0,0,'machining',NULL,NULL,NULL,NULL,NULL,NULL,NULL,NULL,NULL,NULL,NULL,NULL,NULL,NULL,NULL,NULL,NULL,NULL,NULL,NULL,'T33','Cube','未开工',NULL,1,'2025-11-20 00:00:00',NULL,'2026-02-27 07:47:19','2026-02-27 07:47:19',NULL,NULL,NULL,NULL,NULL,NULL,NULL,NULL,NULL,NULL,0,NULL),(802,'T34 - Cube','设备号：T34，产品型号：Cube，订单状态：未开工','pending','normal',86,NULL,NULL,NULL,NULL,11.00,5.00,13.80,13.40,7.00,0,0,0,0,0,'machining',NULL,NULL,NULL,NULL,NULL,NULL,NULL,NULL,NULL,NULL,NULL,NULL,NULL,NULL,NULL,NULL,NULL,NULL,NULL,NULL,'T34','Cube','未开工',NULL,1,'2025-11-20 00:00:00',NULL,'2026-02-27 07:47:19','2026-02-27 07:47:19',NULL,NULL,NULL,NULL,NULL,NULL,NULL,NULL,NULL,NULL,0,NULL);
/*!40000 ALTER TABLE `tasks` ENABLE KEYS */;
UNLOCK TABLES;

--
-- Table structure for table `users`
--

DROP TABLE IF EXISTS `users`;
/*!40101 SET @saved_cs_client     = @@character_set_client */;
/*!50503 SET character_set_client = utf8mb4 */;
CREATE TABLE `users` (
  `id` int NOT NULL AUTO_INCREMENT,
  `username` varchar(50) CHARACTER SET utf8mb4 COLLATE utf8mb4_general_ci NOT NULL,
  `password` varchar(255) CHARACTER SET utf8mb4 COLLATE utf8mb4_general_ci NOT NULL,
  `name` varchar(100) CHARACTER SET utf8mb4 COLLATE utf8mb4_general_ci NOT NULL,
  `role` enum('worker','supervisor','admin','manager','staff') CHARACTER SET utf8mb4 COLLATE utf8mb4_general_ci DEFAULT 'worker',
  `department` varchar(100) CHARACTER SET utf8mb4 COLLATE utf8mb4_general_ci DEFAULT NULL,
  `status` enum('active','inactive') COLLATE utf8mb4_general_ci NOT NULL DEFAULT 'active',
  `created_at` timestamp NOT NULL DEFAULT CURRENT_TIMESTAMP,
  `updated_at` timestamp NOT NULL DEFAULT CURRENT_TIMESTAMP ON UPDATE CURRENT_TIMESTAMP,
  `user_group` varchar(100) CHARACTER SET utf8mb4 COLLATE utf8mb4_general_ci DEFAULT NULL,
  PRIMARY KEY (`id`),
  UNIQUE KEY `username` (`username`)
) ENGINE=InnoDB AUTO_INCREMENT=209 DEFAULT CHARSET=utf8mb4 COLLATE=utf8mb4_general_ci;
/*!40101 SET character_set_client = @saved_cs_client */;

--
-- Dumping data for table `users`
--

LOCK TABLES `users` WRITE;
/*!40000 ALTER TABLE `users` DISABLE KEYS */;
INSERT INTO `users` VALUES (1,'admin','admin123','系统管理员','admin','IT部门','active','2025-10-13 05:42:06','2025-10-13 05:42:06',NULL),(86,'pikaiqing','123456','皮凯青','manager','生产部','active','2025-10-27 07:07:28','2026-01-06 06:26:10',NULL),(88,'qiuzesong','123456','丘泽松','staff','工程部','active','2025-12-12 03:02:18','2025-12-12 03:02:18',NULL),(89,'zenghua','123456','曾华','staff','PMC','active','2025-12-12 03:06:02','2025-12-12 03:06:02',NULL),(90,'zhouquan','123456','周泉','staff','质量部','active','2025-12-12 03:06:36','2025-12-12 03:06:36',NULL),(91,'yuanwei','123456','袁伟','staff','售后','active','2025-12-12 03:08:23','2025-12-12 03:08:23',NULL),(92,'admin123','123456','管理员账号1','admin','IT部门','active','2025-12-12 03:08:23','2025-12-12 03:08:23',NULL),(93,'worker1','123456','试用账号','worker','生产部','active','2025-12-12 03:08:23','2025-12-12 03:08:23',NULL),(170,'test01','123456','test01','worker','机加','inactive','2026-01-16 06:13:44','2026-02-26 09:30:02','郭东林'),(171,'test02','123456','test02','worker','电控','inactive','2026-01-16 06:13:44','2026-02-26 09:24:46','张北源'),(172,'test03','123456','test03','worker','总装前段','active','2026-01-16 06:13:44','2026-01-16 06:13:44','李连杰'),(173,'test04','123456','test04','worker','总装后段','inactive','2026-01-16 06:13:45','2026-02-26 09:20:35','温碧峄'),(174,'test05','123456','test05','worker','调试','active','2026-01-16 06:13:45','2026-01-16 06:13:45','温碧峄'),(175,'test06','123456','test06','worker','机加','inactive','2026-01-16 06:13:45','2026-02-27 07:02:53','郭东林'),(176,'test07','123456','test07','worker','电控','active','2026-01-16 06:13:45','2026-01-16 06:13:45','张北源'),(177,'test08','123456','test08','worker','总装前段','active','2026-01-16 06:13:45','2026-01-16 06:13:45','李连杰'),(178,'test09','123456','test09','worker','总装后段','active','2026-01-16 06:13:45','2026-01-16 06:13:45','温碧峄'),(179,'test10','123456','test10','worker','调试','active','2026-01-16 06:13:45','2026-01-16 06:13:45','温碧峄'),(180,'wenbiyi','123456','温碧峄','supervisor','生产部','active','2026-01-16 07:53:47','2026-01-16 07:53:47','温碧峄'),(181,'guodonglin','123456','郭东林','supervisor','生产部','active','2026-01-16 07:53:47','2026-01-16 07:53:47','郭东林'),(182,'lilianjie','123456','李连杰','supervisor','生产部','active','2026-01-16 07:53:47','2026-01-16 07:53:47','李连杰'),(183,'zhangbeiyuan','123456','张北源','supervisor','生产部','active','2026-01-16 07:53:47','2026-01-16 07:53:47','张北源'),(184,'pengwenbao','123456','彭文豹','worker','调试','active','2026-01-21 07:18:57','2026-01-21 07:18:57','温碧峄'),(185,'pengxiaotao','123456','彭小涛','worker','调试','active','2026-01-21 07:18:57','2026-01-21 07:18:57','温碧峄'),(186,'hejintao','123456','何金涛','worker','机加','active','2026-01-21 07:18:57','2026-01-21 07:18:57','李连杰'),(187,'jiangrenxuan','123456','姜仁宣','worker','机加','active','2026-01-21 07:18:57','2026-01-21 07:18:57','郭东林'),(188,'liangweiyi','123456','梁伟宜','worker','机加','active','2026-01-21 07:18:57','2026-01-21 07:18:57','郭东林'),(189,'luqiang','123456','陆强','worker','机加','active','2026-01-21 07:18:58','2026-01-21 07:18:58','郭东林'),(190,'luojin','123456','骆金','worker','机加','active','2026-01-21 07:18:58','2026-01-21 07:18:58','李连杰'),(191,'zhangquan','123456','张权','worker','机加','active','2026-01-21 07:18:58','2026-01-21 07:18:58','李连杰'),(192,'zhoutaoxia','123456','周桃侠','worker','机加','active','2026-01-21 07:18:58','2026-01-21 07:18:58','郭东林'),(193,'chenjianchuang','123456','陈建创','worker','总装后段','active','2026-01-21 07:18:58','2026-01-21 07:18:58','郭东林'),(194,'lanzhicong','123456','蓝志聪','worker','总装后段','active','2026-01-21 07:18:58','2026-01-21 07:18:58','郭东林'),(195,'liuqiang','123456','刘强','worker','总装后段','active','2026-01-21 07:18:58','2026-01-21 07:18:58','李连杰'),(196,'tanyulin','123456','谭宇林','worker','总装后段','active','2026-01-21 07:18:58','2026-01-21 07:18:58','郭东林'),(197,'wangaiming','123456','王爱明','worker','总装后段','active','2026-01-21 07:18:58','2026-01-21 07:18:58','郭东林'),(198,'yuyue','123456','余跃','worker','总装后段','active','2026-01-21 07:18:58','2026-01-21 07:18:58','李连杰'),(199,'dengjiaen','123456','邓嘉恩','worker','总装前段','active','2026-01-21 07:18:58','2026-01-21 07:18:58','郭东林'),(200,'dengyuqi','123456','邓裕琪','worker','总装前段','active','2026-01-21 07:18:58','2026-01-21 07:18:58','李连杰'),(201,'huzhuoyi','123456','胡卓毅','worker','总装前段','active','2026-01-21 07:18:58','2026-01-21 07:18:58','郭东林'),(202,'tanxiaobo','123456','谭孝波','worker','总装前段','active','2026-01-21 07:18:58','2026-01-21 07:18:58','李连杰'),(203,'wangshengquan','123456','王胜权','worker','总装前段','active','2026-01-21 07:18:58','2026-01-21 07:18:58','郭东林'),(204,'zhouyuansheng','123456','周远胜','worker','总装前段','active','2026-01-21 07:18:59','2026-01-21 07:18:59','李连杰'),(205,'zouqiaomu','123456','邹乔木','worker','总装前段','active','2026-01-21 07:18:59','2026-01-21 07:18:59','李连杰'),(206,'cuixiuying','123456','崔秀应','worker','机加','active','2026-01-21 07:18:59','2026-01-21 07:18:59','李连杰'),(207,'huliushun','123456','胡柳顺','worker','机加','active','2026-01-21 07:18:59','2026-01-21 07:18:59','李连杰'),(208,'123456','123456','1','staff','研发部','active','2026-01-21 07:18:59','2026-01-21 07:18:59',NULL);
/*!40000 ALTER TABLE `users` ENABLE KEYS */;
UNLOCK TABLES;

--
-- Table structure for table `work_reports`
--

DROP TABLE IF EXISTS `work_reports`;
/*!40101 SET @saved_cs_client     = @@character_set_client */;
/*!50503 SET character_set_client = utf8mb4 */;
CREATE TABLE `work_reports` (
  `id` int NOT NULL AUTO_INCREMENT,
  `task_id` int NOT NULL,
  `user_id` int NOT NULL,
  `work_type` enum('start','pause','resume','complete','quality_check','assist') CHARACTER SET utf8mb4 COLLATE utf8mb4_general_ci NOT NULL,
  `assist_phase` varchar(50) CHARACTER SET utf8mb4 COLLATE utf8mb4_general_ci DEFAULT NULL,
  `assist_start` datetime DEFAULT NULL,
  `assist_end` datetime DEFAULT NULL,
  `start_time` datetime DEFAULT NULL,
  `end_time` datetime DEFAULT NULL,
  `hours_worked` decimal(5,2) DEFAULT NULL,
  `quantity_completed` int DEFAULT '0',
  `quality_notes` text CHARACTER SET utf8mb4 COLLATE utf8mb4_general_ci,
  `issues` text CHARACTER SET utf8mb4 COLLATE utf8mb4_general_ci,
  `created_at` timestamp NOT NULL DEFAULT CURRENT_TIMESTAMP,
  `approval_status` enum('pending','approved','rejected') CHARACTER SET utf8mb4 COLLATE utf8mb4_general_ci DEFAULT 'pending',
  `approved_by` int DEFAULT NULL,
  `approved_at` datetime DEFAULT NULL,
  PRIMARY KEY (`id`),
  KEY `fk_work_reports_user_id` (`user_id`),
  KEY `fk_work_reports_task_id` (`task_id`),
  CONSTRAINT `fk_work_reports_task_id` FOREIGN KEY (`task_id`) REFERENCES `tasks` (`id`) ON DELETE CASCADE ON UPDATE CASCADE,
  CONSTRAINT `fk_work_reports_user_id` FOREIGN KEY (`user_id`) REFERENCES `users` (`id`)
) ENGINE=InnoDB AUTO_INCREMENT=148 DEFAULT CHARSET=utf8mb4 COLLATE=utf8mb4_general_ci;
/*!40101 SET character_set_client = @saved_cs_client */;

--
-- Dumping data for table `work_reports`
--

LOCK TABLES `work_reports` WRITE;
/*!40000 ALTER TABLE `work_reports` DISABLE KEYS */;
INSERT INTO `work_reports` VALUES (55,621,170,'complete',NULL,NULL,NULL,'2026-01-16 14:30:41','2026-01-16 15:46:04',0.00,1,'','','2026-01-16 07:46:04','approved',NULL,NULL),(56,623,171,'complete',NULL,NULL,NULL,'2026-01-16 14:32:02','2026-01-16 15:47:55',0.00,1,'','','2026-01-16 07:47:55','approved',NULL,NULL),(57,622,175,'complete',NULL,NULL,NULL,'2026-01-16 14:53:43','2026-01-16 15:54:47',0.00,1,'','','2026-01-16 07:54:47','approved',NULL,NULL),(58,624,171,'complete',NULL,NULL,NULL,'2026-01-16 15:30:20','2026-01-16 16:39:58',0.00,1,'','','2026-01-16 08:39:57','approved',NULL,NULL),(59,623,170,'complete',NULL,NULL,NULL,'2026-01-16 14:43:11','2026-01-16 16:42:25',0.00,1,'','','2026-01-16 08:42:25','approved',NULL,NULL),(60,621,172,'complete',NULL,NULL,NULL,'2026-01-16 15:55:14','2026-01-16 16:42:51',0.00,1,'','','2026-01-16 08:42:50','approved',NULL,NULL),(61,624,170,'complete',NULL,NULL,NULL,'2026-01-16 16:42:25','2026-01-16 17:54:02',0.00,1,'','','2026-01-16 09:54:01','approved',NULL,NULL),(62,627,171,'complete',NULL,NULL,NULL,'2026-01-16 16:39:57','2026-01-16 17:54:34',0.00,1,'','','2026-01-16 09:54:34','approved',NULL,NULL),(63,623,172,'complete',NULL,NULL,NULL,'2026-01-16 16:42:50','2026-01-16 17:55:02',0.00,1,'','','2026-01-16 09:55:01','approved',NULL,NULL),(64,621,173,'complete',NULL,NULL,NULL,'2026-01-16 16:43:06','2026-01-16 17:55:15',0.00,1,'','','2026-01-16 09:55:15','approved',NULL,NULL),(65,627,170,'complete',NULL,NULL,NULL,'2026-01-16 17:54:01','2026-01-19 09:47:26',0.00,1,'','','2026-01-19 01:47:26','approved',NULL,NULL),(66,624,172,'complete',NULL,NULL,NULL,'2026-01-16 17:55:01','2026-01-19 09:49:33',0.00,1,'','','2026-01-19 01:49:32','approved',NULL,NULL),(67,623,173,'complete',NULL,NULL,NULL,'2026-01-16 17:55:15','2026-01-19 09:49:42',0.00,1,'','','2026-01-19 01:49:41','approved',NULL,NULL),(68,621,174,'complete',NULL,NULL,NULL,'2026-01-16 17:55:28','2026-01-19 09:50:02',0.00,1,'','','2026-01-19 01:50:02','approved',NULL,NULL),(69,629,171,'complete',NULL,NULL,NULL,'2026-01-16 17:54:34','2026-01-19 09:57:39',0.00,1,'','','2026-01-19 01:57:38','approved',NULL,NULL),(70,625,175,'complete',NULL,NULL,NULL,'2026-01-16 15:54:47','2026-01-19 10:18:41',0.00,1,'','','2026-01-19 02:18:41','approved',NULL,NULL),(71,622,176,'complete',NULL,NULL,NULL,'2026-01-16 15:55:01','2026-01-19 10:19:04',0.00,1,'','','2026-01-19 02:19:03','approved',NULL,NULL),(72,627,172,'complete',NULL,NULL,NULL,'2026-01-19 09:49:32','2026-01-19 11:11:47',0.00,1,'','','2026-01-19 03:11:47','approved',NULL,NULL),(73,624,173,'complete',NULL,NULL,NULL,'2026-01-19 09:49:42','2026-01-19 11:12:02',0.00,1,'','','2026-01-19 03:12:02','approved',NULL,NULL),(74,623,174,'complete',NULL,NULL,NULL,'2026-01-19 09:50:02','2026-01-19 11:12:14',0.00,1,'','','2026-01-19 03:12:14','approved',NULL,NULL),(75,626,175,'complete',NULL,NULL,NULL,'2026-01-19 10:18:41','2026-01-19 14:00:00',0.00,1,'','','2026-01-19 06:00:00','approved',NULL,NULL),(76,625,176,'complete',NULL,NULL,NULL,'2026-01-19 10:19:03','2026-01-19 14:00:45',0.00,1,'','','2026-01-19 06:00:44','approved',NULL,NULL),(77,622,177,'complete',NULL,NULL,NULL,'2026-01-19 10:19:19','2026-01-19 14:01:32',0.00,1,'','','2026-01-19 06:01:32','approved',NULL,NULL),(78,628,175,'complete',NULL,NULL,NULL,'2026-01-19 14:00:00','2026-01-19 15:03:49',0.00,1,'','','2026-01-19 07:03:49','approved',NULL,NULL),(79,626,176,'complete',NULL,NULL,NULL,'2026-01-19 14:00:45','2026-01-19 15:04:07',0.00,1,'','','2026-01-19 07:04:06','approved',NULL,NULL),(80,625,177,'complete',NULL,NULL,NULL,'2026-01-19 14:01:32','2026-01-19 15:04:22',0.00,1,'','','2026-01-19 07:04:21','approved',NULL,NULL),(81,622,178,'complete',NULL,NULL,NULL,'2026-01-19 14:01:49','2026-01-19 15:04:33',0.00,1,'','','2026-01-19 07:04:33','approved',NULL,NULL),(82,621,171,'complete',NULL,NULL,NULL,'2026-01-19 09:57:38','2026-01-19 15:08:46',0.00,1,'','','2026-01-19 07:08:45','approved',NULL,NULL),(83,627,173,'complete',NULL,NULL,NULL,'2026-01-19 11:12:02','2026-01-19 15:10:03',0.00,1,'','','2026-01-19 07:10:02','approved',NULL,NULL),(84,624,174,'complete',NULL,NULL,NULL,'2026-01-19 11:12:14','2026-01-19 15:10:21',0.00,1,'','','2026-01-19 07:10:20','approved',NULL,NULL),(85,622,170,'assist','machining','2026-01-19 15:10:00','2026-01-19 15:40:00',NULL,NULL,NULL,0,'主管指定协助完成紧急任务',NULL,'2026-01-19 07:41:00','approved',86,'2026-01-19 15:41:21'),(86,629,170,'complete',NULL,NULL,NULL,'2026-01-16 17:54:09','2026-01-19 15:51:28',15.16,1,'','','2026-01-19 07:51:28','approved',NULL,NULL),(87,630,175,'complete',NULL,NULL,NULL,'2026-01-19 15:03:49','2026-01-19 15:55:48',0.00,1,'','','2026-01-19 07:55:47','approved',NULL,NULL),(88,625,179,'complete',NULL,NULL,NULL,'2026-01-19 15:58:58','2026-01-19 15:59:20',0.00,1,'','','2026-01-19 07:59:20','approved',NULL,NULL),(89,628,176,'complete',NULL,NULL,NULL,'2026-01-19 15:04:06','2026-01-19 16:53:24',0.00,1,'','','2026-01-19 08:53:23','approved',NULL,NULL),(90,626,177,'complete',NULL,NULL,NULL,'2026-01-19 15:04:21','2026-01-19 16:53:38',0.00,1,'','','2026-01-19 08:53:37','approved',NULL,NULL),(91,625,178,'complete',NULL,NULL,NULL,'2026-01-19 15:04:33','2026-01-19 16:54:15',0.00,1,'','','2026-01-19 08:54:14','approved',NULL,NULL),(92,622,179,'complete',NULL,NULL,NULL,'2026-01-19 15:04:50','2026-01-19 16:54:43',0.00,1,'','','2026-01-19 08:54:43','approved',NULL,NULL),(93,629,172,'complete',NULL,NULL,NULL,'2026-01-19 15:58:22','2026-01-19 18:14:36',0.00,1,'','','2026-01-19 10:14:36','approved',NULL,NULL),(94,627,174,'complete',NULL,NULL,NULL,'2026-01-19 15:10:21','2026-01-19 18:14:52',0.00,1,'','','2026-01-19 10:14:51','approved',NULL,NULL),(95,630,176,'complete',NULL,NULL,NULL,'2026-01-19 16:53:23','2026-01-20 10:00:57',0.00,1,'','','2026-01-20 02:00:57','approved',NULL,NULL),(96,628,177,'complete',NULL,NULL,NULL,'2026-01-19 16:53:37','2026-01-20 10:01:06',0.00,1,'','','2026-01-20 02:01:05','approved',NULL,NULL),(97,626,178,'complete',NULL,NULL,NULL,'2026-01-20 10:01:34','2026-01-20 10:30:39',0.00,1,'','','2026-01-20 02:30:38','approved',NULL,NULL),(98,628,177,'complete',NULL,NULL,NULL,'2026-01-20 10:01:05','2026-01-20 10:31:09',0.00,1,'','','2026-01-20 02:31:08','approved',NULL,NULL),(99,628,179,'complete',NULL,NULL,NULL,'2026-01-20 10:01:55','2026-01-20 10:31:42',0.00,1,'','','2026-01-20 02:31:42','approved',NULL,NULL),(100,629,173,'complete',NULL,NULL,NULL,'2026-01-19 18:14:43','2026-01-20 10:39:47',0.00,1,'','','2026-01-20 02:39:46','approved',NULL,NULL),(101,629,174,'complete',NULL,NULL,NULL,'2026-01-19 18:14:52','2026-01-20 10:39:56',0.00,1,'','','2026-01-20 02:39:56','approved',NULL,NULL),(102,630,177,'complete',NULL,NULL,NULL,'2026-01-20 10:31:09','2026-01-20 13:24:42',0.00,1,'','','2026-01-20 05:24:41','approved',NULL,NULL),(103,630,178,'complete',NULL,NULL,NULL,'2026-01-20 10:31:18','2026-01-20 13:25:01',0.00,1,'','','2026-01-20 05:25:00','approved',NULL,NULL),(104,630,179,'complete',NULL,NULL,NULL,'2026-01-20 10:31:42','2026-01-20 13:25:14',0.00,1,'','','2026-01-20 05:25:13','approved',NULL,NULL),(105,626,179,'complete',NULL,NULL,NULL,'2026-01-20 13:25:13','2026-01-20 14:56:50',0.00,1,'','','2026-01-20 06:56:50','approved',NULL,NULL),(106,644,170,'complete',NULL,NULL,NULL,'2026-01-22 17:36:08','2026-01-22 17:36:13',9.58,1,'','','2026-01-22 09:36:13','approved',NULL,NULL),(115,645,170,'complete',NULL,NULL,NULL,'2026-01-23 11:10:21','2026-01-23 15:42:11',7.58,1,'','','2026-01-23 07:42:11','approved',NULL,NULL),(118,646,170,'complete',NULL,NULL,NULL,'2026-01-23 15:46:48','2026-01-23 15:46:53',7.58,1,'','','2026-01-23 07:46:53','approved',NULL,NULL),(119,637,170,'complete',NULL,NULL,NULL,'2026-01-23 15:46:53','2026-01-23 15:48:23',7.58,1,'','','2026-01-23 07:48:23','approved',NULL,NULL),(120,636,170,'complete',NULL,NULL,NULL,'2026-01-23 15:48:23','2026-01-23 15:48:26',7.58,1,'','','2026-01-23 07:48:25','approved',NULL,NULL),(130,636,171,'complete',NULL,NULL,NULL,'2026-01-23 16:13:26','2026-01-23 16:13:31',7.58,1,'','','2026-01-23 08:13:30','approved',NULL,NULL),(131,637,171,'complete',NULL,NULL,NULL,'2026-01-23 16:13:30','2026-01-23 16:13:34',7.58,1,'','','2026-01-23 08:13:33','approved',NULL,NULL),(132,646,171,'complete',NULL,NULL,NULL,'2026-01-23 16:13:33','2026-01-23 16:13:37',7.58,1,'','','2026-01-23 08:13:37','approved',NULL,NULL),(133,636,177,'complete',NULL,NULL,NULL,'2026-01-20 10:30:33','2026-01-22 13:30:33',0.00,1,NULL,NULL,'2026-01-23 08:13:37','approved',NULL,NULL),(134,644,173,'complete',NULL,NULL,NULL,'2026-01-23 09:19:40','2026-01-26 16:44:11',26.74,1,'','','2026-01-26 08:44:11','approved',NULL,NULL),(135,644,172,'complete',NULL,NULL,NULL,'2026-01-22 17:56:06','2026-01-26 16:44:52',24.74,1,'','','2026-01-26 08:44:52','approved',NULL,NULL),(136,645,172,'complete',NULL,NULL,NULL,'2026-01-26 16:44:52','2026-01-26 16:45:04',9.58,1,'','','2026-01-26 08:45:03','approved',NULL,NULL),(145,689,181,'complete',NULL,NULL,NULL,'2026-02-26 17:58:00','2026-02-26 18:02:38',0.00,1,'','','2026-02-26 10:02:37','approved',NULL,NULL),(146,719,181,'complete',NULL,NULL,NULL,'2026-02-26 17:58:18','2026-02-26 18:02:43',0.00,1,'','','2026-02-26 10:02:42','approved',NULL,NULL),(147,705,181,'complete',NULL,NULL,NULL,'2026-02-26 18:00:07','2026-02-26 18:03:33',0.00,1,'','','2026-02-26 10:03:32','approved',NULL,NULL);
/*!40000 ALTER TABLE `work_reports` ENABLE KEYS */;
UNLOCK TABLES;

--
-- Table structure for table `work_time_settings`
--

DROP TABLE IF EXISTS `work_time_settings`;
/*!40101 SET @saved_cs_client     = @@character_set_client */;
/*!50503 SET character_set_client = utf8mb4 */;
CREATE TABLE `work_time_settings` (
  `id` int NOT NULL AUTO_INCREMENT,
  `start_time` varchar(5) COLLATE utf8mb4_general_ci NOT NULL,
  `end_time` varchar(5) COLLATE utf8mb4_general_ci NOT NULL,
  `lunch_start_time` varchar(5) COLLATE utf8mb4_general_ci NOT NULL,
  `lunch_end_time` varchar(5) COLLATE utf8mb4_general_ci NOT NULL,
  `other_break_start_time` varchar(5) COLLATE utf8mb4_general_ci DEFAULT NULL,
  `other_break_end_time` varchar(5) COLLATE utf8mb4_general_ci DEFAULT NULL,
  `standard_hours` decimal(5,2) NOT NULL DEFAULT '7.58',
  `default_overtime_start_time` varchar(5) CHARACTER SET utf8mb4 COLLATE utf8mb4_general_ci DEFAULT NULL,
  `default_overtime_end_time` varchar(5) CHARACTER SET utf8mb4 COLLATE utf8mb4_general_ci DEFAULT NULL,
  `note` text CHARACTER SET utf8mb4 COLLATE utf8mb4_general_ci,
  `updated_by` int DEFAULT NULL,
  `updated_at` timestamp NOT NULL DEFAULT CURRENT_TIMESTAMP ON UPDATE CURRENT_TIMESTAMP,
  PRIMARY KEY (`id`),
  KEY `updated_by` (`updated_by`),
  CONSTRAINT `work_time_settings_ibfk_1` FOREIGN KEY (`updated_by`) REFERENCES `users` (`id`)
) ENGINE=InnoDB AUTO_INCREMENT=30 DEFAULT CHARSET=utf8mb4 COLLATE=utf8mb4_general_ci;
/*!40101 SET character_set_client = @saved_cs_client */;

--
-- Dumping data for table `work_time_settings`
--

LOCK TABLES `work_time_settings` WRITE;
/*!40000 ALTER TABLE `work_time_settings` DISABLE KEYS */;
INSERT INTO `work_time_settings` VALUES (18,'08:30','17:50','11:50','13:20','16:00','16:15',7.58,NULL,NULL,'',1,'2025-10-23 02:39:37'),(19,'08:30','17:50','11:50','13:20','16:00','16:15',7.58,NULL,NULL,'',1,'2025-11-05 09:09:26'),(20,'08:30','17:50','11:50','13:20','16:00','16:15',7.58,NULL,NULL,'',1,'2025-12-11 06:15:36'),(21,'08:30','17:50','11:50','13:20','16:00','16:15',7.58,NULL,NULL,'',1,'2025-12-11 06:25:16'),(22,'08:30','17:50','11:50','13:20','16:00','16:15',7.58,'18:20',NULL,'',1,'2025-12-11 06:27:59'),(23,'08:30','17:50','11:50','13:20','16:00','16:15',7.58,'18:20',NULL,'',1,'2025-12-11 06:36:11'),(24,'08:30','17:50','11:50','13:20','16:00','16:15',7.58,'18:20',NULL,'',1,'2025-12-11 06:37:20'),(25,'08:30','17:50','11:50','13:20','16:00','16:15',7.58,'18:20',NULL,'',1,'2025-12-11 06:43:24'),(26,'08:30','17:50','11:50','13:20','16:00','16:20',7.50,'18:20',NULL,'',1,'2025-12-11 06:47:18'),(27,'08:30','17:50','11:50','13:20','16:00','16:20',7.50,'18:20','20:20','',1,'2025-12-11 08:31:31'),(28,'08:30','17:50','11:50','13:20','16:00','16:15',7.58,'18:20','20:20','',1,'2025-12-11 10:20:03'),(29,'08:30','17:50','11:50','13:20','16:00','16:15',7.58,'18:20','20:20','',1,'2025-12-24 02:27:36');
/*!40000 ALTER TABLE `work_time_settings` ENABLE KEYS */;
UNLOCK TABLES;

--
-- Dumping events for database 'workshop_db'
--

--
-- Dumping routines for database 'workshop_db'
--
/*!40103 SET TIME_ZONE=@OLD_TIME_ZONE */;

/*!40101 SET SQL_MODE=@OLD_SQL_MODE */;
/*!40014 SET FOREIGN_KEY_CHECKS=@OLD_FOREIGN_KEY_CHECKS */;
/*!40014 SET UNIQUE_CHECKS=@OLD_UNIQUE_CHECKS */;
/*!40101 SET CHARACTER_SET_CLIENT=@OLD_CHARACTER_SET_CLIENT */;
/*!40101 SET CHARACTER_SET_RESULTS=@OLD_CHARACTER_SET_RESULTS */;
/*!40101 SET COLLATION_CONNECTION=@OLD_COLLATION_CONNECTION */;
/*!40111 SET SQL_NOTES=@OLD_SQL_NOTES */;

-- Dump completed on 2026-02-27 17:30:00
